event_id,source_key,designation,ambiguous
b46d2a04-724e-43e9-a392-c01e7cdd47e1,tns,AT2026aabr,False
b46d2a04-724e-43e9-a392-c01e7cdd47e1,tns-public-reports,AT2026aabr,False
b46d2a04-724e-43e9-a392-c01e7cdd47e1,tns-public-reports,GOTO26ipf,False
cceffeb4-e162-4eca-9f40-e4ab090f4eb0,gcn,Chime-1175529438,False
cceffeb4-e162-4eca-9f40-e4ab090f4eb0,gcn,1175529438,False
6453c019-e363-4d33-9d49-0a1647775d84,gcn,Chime-1175519313,False
6453c019-e363-4d33-9d49-0a1647775d84,gcn,1175519313,False
19afb4c5-84c6-4acd-ada9-df923a7e3e3f,gcn,Fermi-GBM-809820802,False
19afb4c5-84c6-4acd-ada9-df923a7e3e3f,gcn,Fermi GBM trigger 809820802,False
19afb4c5-84c6-4acd-ada9-df923a7e3e3f,gcn,bn260830926,False
90605905-d32b-4b75-ac1c-6463805a50eb,tns,AT2026aaan,False
90605905-d32b-4b75-ac1c-6463805a50eb,tns-public-reports,AT2026aaan,False
90605905-d32b-4b75-ac1c-6463805a50eb,tns-public-reports,GOTO26ipc,False
675f7824-61e4-439a-afe9-7129e533179a,tns,AT2026zxh,False
675f7824-61e4-439a-afe9-7129e533179a,tns-public-reports,AT2026zxh,False
675f7824-61e4-439a-afe9-7129e533179a,tns-public-reports,ZTF26abqzkkl,False
ff713bec-ad1c-4a4c-b873-cb3c7829bb4a,gcn,Chime-1175519796,False
ff713bec-ad1c-4a4c-b873-cb3c7829bb4a,gcn,1175519796,False
062a1550-1387-4d2e-872e-901deef6f7c5,tns,AT2026zfw,False
062a1550-1387-4d2e-872e-901deef6f7c5,tns,SN2026zfw,False
062a1550-1387-4d2e-872e-901deef6f7c5,tns-public-reports,AT2026zfw,False
062a1550-1387-4d2e-872e-901deef6f7c5,tns-public-reports,ATLAS26kgh,False
062a1550-1387-4d2e-872e-901deef6f7c5,tns-public-reports,ZTF26abqccag,False
9662a37b-3bc1-47c8-830f-bbd42012450e,tns,AT2026aabz,False
9662a37b-3bc1-47c8-830f-bbd42012450e,tns-astronotes,AT2026aabz,False
9662a37b-3bc1-47c8-830f-bbd42012450e,tns-public-reports,AT2026aabz,False
9662a37b-3bc1-47c8-830f-bbd42012450e,tns-astronotes,2026aabz,False
9662a37b-3bc1-47c8-830f-bbd42012450e,tns-astronotes,SN2026aabz,False
9662a37b-3bc1-47c8-830f-bbd42012450e,tns-public-reports,ATLAS26kqj,False
474bb6bd-982a-422a-9d7f-212b54d0fdff,tns,AT2026aaca,False
2d724971-d3aa-40d8-ac7b-7c3d15eddac6,tns,AT2026aaby,False
2d724971-d3aa-40d8-ac7b-7c3d15eddac6,tns-public-reports,AT2026aaby,False
2d724971-d3aa-40d8-ac7b-7c3d15eddac6,tns-public-reports,ATLAS26kqi,False
1da711ea-5803-49c0-9268-b4168b793f66,tns,AT2026aabw,False
1da711ea-5803-49c0-9268-b4168b793f66,tns-public-reports,AT2026aabw,False
1da711ea-5803-49c0-9268-b4168b793f66,tns-public-reports,ATLAS26kqf,False
1da711ea-5803-49c0-9268-b4168b793f66,tns-public-reports,GOTO26ipm,False
beb5b459-eb4e-48ff-9698-11b71a03f2ab,tns,AT2026aaae,False
beb5b459-eb4e-48ff-9698-11b71a03f2ab,tns-public-reports,AT2026aaae,False
beb5b459-eb4e-48ff-9698-11b71a03f2ab,tns-public-reports,ATLAS26kpm,False
1a6053f4-5660-4228-ad6a-c0a2f9c553f5,tns,AT2026wpd,False
1a6053f4-5660-4228-ad6a-c0a2f9c553f5,tns,SN2026wpd,False
1a6053f4-5660-4228-ad6a-c0a2f9c553f5,tns-astronotes,AT2026wpd,False
1a6053f4-5660-4228-ad6a-c0a2f9c553f5,tns-public-reports,AT2026wpd,False
1a6053f4-5660-4228-ad6a-c0a2f9c553f5,tns-public-reports,SN2026wpd,False
1a6053f4-5660-4228-ad6a-c0a2f9c553f5,tns-astronotes,2026wpd,False
1a6053f4-5660-4228-ad6a-c0a2f9c553f5,tns-public-reports,ATLAS26jiy,False
1a6053f4-5660-4228-ad6a-c0a2f9c553f5,tns-public-reports,PS26hhk,False
1a6053f4-5660-4228-ad6a-c0a2f9c553f5,tns-public-reports,ZTF26abliaof,False
317bac50-e093-41d2-9974-3832afc6e1ee,gcn,Chime-1174760277,False
317bac50-e093-41d2-9974-3832afc6e1ee,gcn,1174760277,False
e00c976c-17eb-4dd4-b993-feefa59ce5da,tns,AT2026zzj,False
e00c976c-17eb-4dd4-b993-feefa59ce5da,tns-public-reports,AT2026zzj,False
e00c976c-17eb-4dd4-b993-feefa59ce5da,tns-public-reports,ZTF26abrexml,False
cbe860c8-6b0d-4952-ba25-ca89b4831fcc,tns,AT2026zzm,False
cbe860c8-6b0d-4952-ba25-ca89b4831fcc,tns-public-reports,AT2026zzm,False
cbe860c8-6b0d-4952-ba25-ca89b4831fcc,tns-public-reports,ZTF26abrelyr,False
3e79a709-0c73-45a2-bcc7-c64c18bd9b98,tns,AT2026aabx,False
3e79a709-0c73-45a2-bcc7-c64c18bd9b98,tns-public-reports,AT2026aabx,False
3e79a709-0c73-45a2-bcc7-c64c18bd9b98,tns-public-reports,ATLAS26kqg,False
f693ead1-8665-497b-b803-2d0a310eec45,gcn,Chime-1175472802,False
f693ead1-8665-497b-b803-2d0a310eec45,gcn,1175472802,False
c08e516b-8262-462d-b79d-702468c35fb7,tns,AT2026zzl,False
c08e516b-8262-462d-b79d-702468c35fb7,tns-public-reports,AT2026zzl,False
c08e516b-8262-462d-b79d-702468c35fb7,tns-public-reports,ZTF26abrenws,False
576e114e-cae0-4c35-ad8c-4492467e99c1,tns,AT2026aabv,False
576e114e-cae0-4c35-ad8c-4492467e99c1,tns-public-reports,AT2026aabv,False
576e114e-cae0-4c35-ad8c-4492467e99c1,tns-public-reports,ATLAS26kqe,False
1b0fdd67-c22c-42ae-9d1e-ed48990b2a41,tns,AT2026zzf,False
1b0fdd67-c22c-42ae-9d1e-ed48990b2a41,tns-public-reports,AT2026zzf,False
1b0fdd67-c22c-42ae-9d1e-ed48990b2a41,tns-public-reports,MASTER OT J161221.08-323736.1,False
58a5d441-f24a-4911-aa0b-5e3ecc85b6d7,tns,AT2026aabp,False
58a5d441-f24a-4911-aa0b-5e3ecc85b6d7,tns-public-reports,AT2026aabp,False
58a5d441-f24a-4911-aa0b-5e3ecc85b6d7,tns-public-reports,GOTO26ipd,False
934626ef-7c83-4619-b578-9764fb757624,gcn,XRB from 4U 1700+24,False
934626ef-7c83-4619-b578-9764fb757624,gcn,1279310912,False
ead04d9a-db1c-4bf0-8f12-5674b7f0a209,tns,AT2026zyh,False
ead04d9a-db1c-4bf0-8f12-5674b7f0a209,tns-public-reports,AT2026zyh,False
ead04d9a-db1c-4bf0-8f12-5674b7f0a209,tns-public-reports,ZTF22abjpmme,False
dee18f97-8a18-4ab1-ac66-e2a9ad8c6d51,tns,AT2026vho,False
dee18f97-8a18-4ab1-ac66-e2a9ad8c6d51,tns,SN2026vho,False
1830e62a-3247-4782-8820-3140717c20a8,tns,AT2026yyt,False
1830e62a-3247-4782-8820-3140717c20a8,tns,SN2026yyt,False
1830e62a-3247-4782-8820-3140717c20a8,tns-public-reports,AT2026yyt,False
1830e62a-3247-4782-8820-3140717c20a8,tns-public-reports,ZTF26aboleez,False
97b1e508-d4ed-45bc-9984-d1c76e1ebfd1,tns,AT2026zvi,False
97b1e508-d4ed-45bc-9984-d1c76e1ebfd1,tns,SN2026zvi,False
97b1e508-d4ed-45bc-9984-d1c76e1ebfd1,tns-public-reports,AT2026zvi,False
97b1e508-d4ed-45bc-9984-d1c76e1ebfd1,tns-public-reports,ZTF26abqtjbb,False
572cc0c7-6fac-41d5-bace-aedf10a0bf20,tns,AT2026zhe,False
572cc0c7-6fac-41d5-bace-aedf10a0bf20,tns,SN2026zhe,False
c08dec7f-e336-4cdc-8db9-6d45e893a8a4,tns,SN2026qip,False
fad3ab6c-17a0-4945-a7a2-9699803d53f2,tns,AT2026yww,False
fad3ab6c-17a0-4945-a7a2-9699803d53f2,tns,SN2026yww,False
5ef384fb-e293-4319-ac29-4c6dc25a6a20,tns,AT2026zke,False
5ef384fb-e293-4319-ac29-4c6dc25a6a20,tns,SN2026zke,False
3ae5b8af-3e8d-41d0-bb13-e4b672f90900,gcn,Einstein Probe-01709291839,False
3ae5b8af-3e8d-41d0-bb13-e4b672f90900,gcn,01709291839,False
8233a781-2c21-403d-b811-9a7759667115,tns,AT2026zzv,False
8233a781-2c21-403d-b811-9a7759667115,tns-public-reports,AT2026zzv,False
8233a781-2c21-403d-b811-9a7759667115,tns-public-reports,GOTO26ioj,False
b33a89ea-7430-451f-b142-10f7d26d2f19,tns,AT2026aabs,False
6f713173-0b86-4097-9706-a7cee680a4de,tns,SN2026uyg,False
f641faac-767f-447a-883a-25899af0f841,tns,AT2026aabu,False
6881445b-a379-4ed5-acd5-881651a2def7,tns,AT2026aabq,False
cc1e285d-c8e3-40c0-850e-b59e4e6f9a87,tns,AT2026aaam,False
cc1e285d-c8e3-40c0-850e-b59e4e6f9a87,tns-public-reports,AT2026aaam,False
cc1e285d-c8e3-40c0-850e-b59e4e6f9a87,tns-public-reports,ZTF26abrcopp,False
78fdc289-ff63-44ea-9940-29aef8dd3d40,tns,AT2026aabt,False
a8c90733-c1a6-4fe7-a17b-53cd46624691,tns,AT2026aabo,False
a8c90733-c1a6-4fe7-a17b-53cd46624691,tns-public-reports,AT2026aabo,False
a8c90733-c1a6-4fe7-a17b-53cd46624691,tns-public-reports,ZTF26abramlb,False
1aed0b57-d823-451f-832f-693bb982419b,gcn,IceCube-260827A,False
1aed0b57-d823-451f-832f-693bb982419b,gcn,143048_12474624,False
bece7f77-5398-4b5b-b124-6245562281f0,gcn,IceCube-260825A,False
bece7f77-5398-4b5b-b124-6245562281f0,gcn,143033_44905242,False
842d61d4-bc9b-4906-a389-005177d0ca18,tns,AT2026aaao,False
842d61d4-bc9b-4906-a389-005177d0ca18,tns-public-reports,AT2026aaao,False
842d61d4-bc9b-4906-a389-005177d0ca18,tns-public-reports,GOTO26ior,False
949f3825-989b-447b-80c6-91103fcd1794,gcn,Chime-1175459409,False
949f3825-989b-447b-80c6-91103fcd1794,gcn,1175459409,False
cd485322-ffd2-4d01-89c8-3cf60de9adf8,tns,AT2026aaaj,False
cd485322-ffd2-4d01-89c8-3cf60de9adf8,tns-public-reports,AT2026aaaj,False
cd485322-ffd2-4d01-89c8-3cf60de9adf8,tns-public-reports,ATLAS26kpu,False
aa4b2525-0a62-432f-a544-f483f6e8d8d8,tns,AT2025anct,False
cf968e8c-098f-4154-99db-27cdddecd6bb,tns,AT2026aaap,False
69e6e987-7bb1-4a77-a120-5b4c57093bc2,tns,AT2026aaaq,False
659aef29-49ee-469f-b054-f89fee1c0c84,tns,AT2026aaar,False
0cb74801-8c0b-400a-b20f-12b8545ed95e,tns,AT2026aaas,False
d34fcbd6-f2a3-4ec6-afa4-6bea75fae7fe,tns,AT2026aaat,False
7068d1ab-91fd-4149-ac8c-07ac0d877ac3,tns,AT2026yue,False
0272081a-6aba-4294-9536-3c3ea3aa015e,tns,AT2026aaau,False
07d8b213-f100-49c4-ba54-5297b0f715d9,tns,AT2026aaav,False
f7d3a203-b478-419a-ae20-38e17d1ebe96,tns,AT2026aaaw,False
e1a502d1-adfa-4384-b6e1-607192934807,tns,AT2026aaax,False
8a67c053-9a2f-466e-a6ad-cdd678000aa0,tns,AT2026aaay,False
bff61894-88e5-4fa9-a686-83362e7c4e30,tns,AT2026aaaz,False
a9609ade-8c2b-4618-b8ad-999333f9e66d,tns,AT2026aaba,False
d620d87b-09c1-406a-8110-c2863295defe,tns,AT2026aabb,False
36799552-1892-451d-910f-755cfb8432b6,tns,AT2026aabc,False
4c23a019-2287-49ee-a0c0-eb727af88e18,tns,AT2026aabd,False
0dd1da67-6846-4e37-be13-d9a7666bf433,tns,AT2026aabe,False
ea9baab4-5256-481d-8a9d-62c1fae29280,tns,AT2026aabf,False
3eb81fb8-8c5b-428f-92a6-841d8e85a6ae,tns,AT2026aabg,False
912d51ac-1806-4024-b844-293318f33b16,tns,AT2026aabh,False
65562bed-4e78-4de9-af00-1479e65e3508,tns,AT2026aabi,False
2dce62f4-ff1e-4caf-adf6-cea36c03fea9,tns,AT2026aabj,False
3c9cbd33-4567-4e12-a539-68cdf03d6d28,tns,AT2026aabk,False
0c8f4366-6636-4fb6-b270-946dba0da721,tns,AT2026aabl,False
4a94c08f-7bab-47ae-9cfd-6fd71ae9ce83,tns,AT2026aabm,False
f2aa35bc-d0e2-411e-94b6-c1725d9af993,tns,AT2026aabn,False
4dee4410-0004-47d1-a7cb-8155fb0cd034,tns,AT2026zzi,False
4dee4410-0004-47d1-a7cb-8155fb0cd034,tns-public-reports,AT2026zzi,False
4dee4410-0004-47d1-a7cb-8155fb0cd034,tns-public-reports,ZTF26abrfhhq,False
af67eb6a-f6a2-4a62-b819-6e82d2847b0d,tns,AT2026aaag,False
af67eb6a-f6a2-4a62-b819-6e82d2847b0d,tns-public-reports,AT2026aaag,False
af67eb6a-f6a2-4a62-b819-6e82d2847b0d,tns-public-reports,ATLAS26kpo,False
3ef79f42-32f6-43ca-ac0a-665d24d5c78d,tns,AT2026zzp,False
3ef79f42-32f6-43ca-ac0a-665d24d5c78d,tns-public-reports,AT2026zzp,False
3ef79f42-32f6-43ca-ac0a-665d24d5c78d,tns-public-reports,ZTF26abrfowl,False
5c47315b-a26d-433e-939e-9868bfec310d,tns,AT2025omw,False
4f632683-4c50-4bce-9022-e95e4d1cb4cd,tns,AT2026aaaf,False
4f632683-4c50-4bce-9022-e95e4d1cb4cd,tns-public-reports,AT2026aaaf,False
4f632683-4c50-4bce-9022-e95e4d1cb4cd,tns-public-reports,ATLAS26kpn,False
b01844fa-3bc2-4f28-a578-e022a0bd7965,tns,AT2026aaad,False
fe940cf2-d898-4570-9d03-d040e868fd50,tns,AT2026aaah,False
bacc49ad-61cf-45f5-9ec2-97d940ae3829,tns,AT2026aaai,False
c868a98c-9c64-41e4-ae34-a486abc507ee,tns,AT2026zyt,False
6e85fbf7-aa7a-4e73-9cdd-1a63f7b7a3f8,tns,AT2026aaak,False
e8b4ef6f-8130-4568-8ef8-52c7ac5c14f0,tns,AT2026aaal,False
487eb10f-77d5-4715-8ee5-57eb25f307dc,tns,AT2026zyj,False
487eb10f-77d5-4715-8ee5-57eb25f307dc,tns-public-reports,AT2026zyj,False
487eb10f-77d5-4715-8ee5-57eb25f307dc,tns-public-reports,ZTF26abrboaj,False
7cd8d17f-1428-4812-928c-0f7a6417c88a,tns,AT2026aaac,False
0f96080f-a080-4425-803f-de58af2b04d0,tns,AT2026zzu,False
19aee680-340d-45f8-9a47-78f617872218,tns,AT2026zzw,False
96b8c0ff-fe1c-484e-bc43-b70315406717,tns,AT2026zzx,False
cf01ceca-e9d7-48ed-bee3-1a971347b1e7,tns,AT2026zzy,False
8748ad08-e529-472e-9c97-682a2d688756,tns,AT2026zzz,False
9497c2d1-8a84-4432-947c-e2887a1c790f,tns,AT2026aaaa,False
f5967112-52c2-451d-b609-c5676839f4d7,tns,AT2026aaab,False
d2e32f8c-f9b4-49e8-a776-0a672741bb88,gcn,Fermi-GBM-809782301,False
d2e32f8c-f9b4-49e8-a776-0a672741bb88,gcn,Fermi GBM trigger 809782301,False
d2e32f8c-f9b4-49e8-a776-0a672741bb88,gcn,bn260830480,False
0d391797-8f33-49e8-b970-c64756d4c299,gcn,Chime-1175376814,False
0d391797-8f33-49e8-b970-c64756d4c299,gcn,1175376814,False
4826cffd-ba9a-4284-bb92-6f3043512942,tns,AT2026zzh,False
4826cffd-ba9a-4284-bb92-6f3043512942,tns-public-reports,AT2026zzh,False
4826cffd-ba9a-4284-bb92-6f3043512942,tns-public-reports,ZTF26abrfhru,False
95a8c3a6-ed62-466e-98c4-853114ee74bf,tns,AT2026zzk,False
6f796c08-79d8-4bfa-aa23-ba7f36b82b65,tns,AT2026zxs,False
6f796c08-79d8-4bfa-aa23-ba7f36b82b65,tns-public-reports,AT2026zxs,False
6f796c08-79d8-4bfa-aa23-ba7f36b82b65,tns-public-reports,ATLAS26kok,False
25f28081-d713-4774-8812-7d325fe46bc4,tns,AT2026zzn,False
5134afeb-1401-4d71-ab73-bf7a9dde2938,tns,AT2026zzo,False
8c40713d-6bfd-44f7-808f-34089c1dcdaf,tns,AT2026zyf,False
8c40713d-6bfd-44f7-808f-34089c1dcdaf,tns,SN2026zyf,False
8c40713d-6bfd-44f7-808f-34089c1dcdaf,tns-astronotes,AT2026zyf,False
8c40713d-6bfd-44f7-808f-34089c1dcdaf,tns-public-reports,AT2026zyf,False
8c40713d-6bfd-44f7-808f-34089c1dcdaf,tns-astronotes,2026zyf,False
8c40713d-6bfd-44f7-808f-34089c1dcdaf,tns-astronotes,SN2026zyf,False
8c40713d-6bfd-44f7-808f-34089c1dcdaf,tns-public-reports,ATLAS26koy,False
afe9b7f4-ee2f-4e47-a376-abdebb4c55dd,tns,AT2026zzq,False
eef0deed-ee3a-4a8d-b03b-ebd96179f3e5,tns,AT2026zzr,False
284982e9-36d8-47d4-87eb-46336946111f,tns,AT2026zzs,False
f033a1bb-2f57-4a68-a773-e8d572d8beb8,tns,AT2026zzt,False
2ce4c4eb-dd3a-485e-9f34-e46ba0553883,tns,AT2026zxx,False
2ce4c4eb-dd3a-485e-9f34-e46ba0553883,tns-public-reports,AT2026zxx,False
2ce4c4eb-dd3a-485e-9f34-e46ba0553883,tns-public-reports,ZTF26abqmhrk,False
1a06bfda-c87d-47ad-90fa-bf9bd82e1c25,tns,AT2026zzb,False
1a06bfda-c87d-47ad-90fa-bf9bd82e1c25,tns-public-reports,AT2026zzb,False
1a06bfda-c87d-47ad-90fa-bf9bd82e1c25,tns-public-reports,GOTO26inx,False
6ed918be-b8b2-475f-a875-4bdbd5e7e8e1,tns,AT2026zzg,False
b7729a61-cc26-49fb-bc81-6b836db55319,gcn,Chime-1175398455,False
b7729a61-cc26-49fb-bc81-6b836db55319,gcn,1175398455,False
3f55528c-f552-4513-933b-9c982b8b675f,tns,AT2026zxr,False
3f55528c-f552-4513-933b-9c982b8b675f,tns-public-reports,AT2026zxr,False
3f55528c-f552-4513-933b-9c982b8b675f,tns-public-reports,ZTF26abqwczz,False
be9f2970-5b95-43b1-a7a3-83863df607f6,gcn,Fermi-GBM-809757591,False
be9f2970-5b95-43b1-a7a3-83863df607f6,gcn,Fermi GBM trigger 809757591,False
be9f2970-5b95-43b1-a7a3-83863df607f6,gcn,bn260830194,False
3203d688-5b82-4eaa-b451-d4c45d69147b,tns,AT2026zze,False
3203d688-5b82-4eaa-b451-d4c45d69147b,tns-public-reports,AT2026zze,False
3203d688-5b82-4eaa-b451-d4c45d69147b,tns-public-reports,KATS26Q003,False
15cf8683-01e7-4855-9e89-cfbd70cef335,gcn,Chime-1175387082,False
15cf8683-01e7-4855-9e89-cfbd70cef335,gcn,Chime-1175387085,False
15cf8683-01e7-4855-9e89-cfbd70cef335,gcn,1175387082,False
15cf8683-01e7-4855-9e89-cfbd70cef335,gcn,1175387085,False
53851b1d-9209-4827-a0ad-27fb9a126308,tns,AT2026zzd,False
66643d02-2128-41b8-83e7-c51f3525fd01,tns,AT2026zzc,False
803ec2e2-a720-4313-815d-c9a511ecfd9b,tns,AT2026zyp,False
803ec2e2-a720-4313-815d-c9a511ecfd9b,tns-public-reports,AT2026zyp,False
803ec2e2-a720-4313-815d-c9a511ecfd9b,tns-public-reports,ZTF26abrboeo,False
d080e23d-2aa3-46f3-9326-534e5c832fda,tns,AT2026zyw,False
d080e23d-2aa3-46f3-9326-534e5c832fda,tns-public-reports,AT2026zyw,False
d080e23d-2aa3-46f3-9326-534e5c832fda,tns-public-reports,GOTO26inf,False
3b265b21-be1e-4363-ba94-7d4acf4f0b48,tns,AT2026zwi,False
3b265b21-be1e-4363-ba94-7d4acf4f0b48,tns-public-reports,AT2026zwi,False
3b265b21-be1e-4363-ba94-7d4acf4f0b48,tns-public-reports,ZTF26abqvooo,False
f50e4085-4688-4a41-89bf-ed93e3bebe9a,tns,AT2026zyz,False
2d560f86-081c-4c64-893f-4500d0f7fd70,tns,AT2026zza,False
d1a45eba-8ebc-4116-b7f4-686fb9f578ee,tns,AT2026zyo,False
d1a45eba-8ebc-4116-b7f4-686fb9f578ee,tns-public-reports,AT2026zyo,False
d1a45eba-8ebc-4116-b7f4-686fb9f578ee,tns-public-reports,ZTF26abrcudj,False
21ed7048-5225-4d18-b9d7-e776e7e2033d,tns,AT2026zkw,False
21ed7048-5225-4d18-b9d7-e776e7e2033d,tns,SN2026zkw,False
1bfc21ee-bcc8-4cc3-89cd-5bbc19c49002,tns,AT2026zeg,False
1bfc21ee-bcc8-4cc3-89cd-5bbc19c49002,tns,SN2026zeg,False
0dd2b6c9-d62b-469c-982c-38533fd6776a,tns,AT2026ygx,False
0dd2b6c9-d62b-469c-982c-38533fd6776a,tns,SN2026ygx,False
3b7bc7eb-567b-4e50-91e7-3e8dc5210a0e,tns,SN2026vqm,False
a5f80cc4-0ba0-4b26-8235-96b945517d1a,tns,SN2026uyo,False
8d2e29d1-e2b5-4487-aba6-5cc13e0196d7,tns,SN2026qsm,False
e1f6d142-d3b3-4ac6-b7b5-0db021983c04,tns,AT2026ovw,False
e1f6d142-d3b3-4ac6-b7b5-0db021983c04,tns,SN2026ovw,False
f68494b6-6c14-42d5-b211-9f227f2fd851,tns,AT2026zej,False
f68494b6-6c14-42d5-b211-9f227f2fd851,tns,SN2026zej,False
40ce91b5-8397-42f4-bc94-0ab2d3ac475d,tns,AT2026zef,False
40ce91b5-8397-42f4-bc94-0ab2d3ac475d,tns,SN2026zef,False
c89435f9-595f-466a-b445-9216b92e2205,tns,AT2026zei,False
c89435f9-595f-466a-b445-9216b92e2205,tns,SN2026zei,False
2faf3fb5-83b1-4cee-b0b4-8a31070bb7f8,tns,SN2026yhf,False
f4a3ae2d-b634-4167-8e0b-262197e2c04e,tns,AT2026ydy,False
f4a3ae2d-b634-4167-8e0b-262197e2c04e,tns,SN2026ydy,False
2655f531-4368-4812-8404-32288621f7ef,tns,AT2026zdj,False
2655f531-4368-4812-8404-32288621f7ef,tns,SN2026zdj,False
8e944e6d-1926-406d-a3ff-5dec2f7f114f,tns,SN2026wlc,False
18726abc-8fb1-47d8-9692-33a4a44e644f,tns,AT2026zyg,False
18726abc-8fb1-47d8-9692-33a4a44e644f,tns,SN2026zyg,False
18726abc-8fb1-47d8-9692-33a4a44e644f,tns-astronotes,AT2026zyg,False
18726abc-8fb1-47d8-9692-33a4a44e644f,tns-public-reports,AT2026zyg,False
18726abc-8fb1-47d8-9692-33a4a44e644f,tns-astronotes,2026zyg,False
18726abc-8fb1-47d8-9692-33a4a44e644f,tns-astronotes,SN2026zyg,False
18726abc-8fb1-47d8-9692-33a4a44e644f,tns-public-reports,ATLAS26koz,False
18726abc-8fb1-47d8-9692-33a4a44e644f,tns-public-reports,ZTF26abpgdyr,False
1263bddf-c370-4d26-a05a-dd1d1db2f197,tns,AT2026zyx,False
1263bddf-c370-4d26-a05a-dd1d1db2f197,tns-public-reports,AT2026zyx,False
1263bddf-c370-4d26-a05a-dd1d1db2f197,tns-public-reports,GOTO26ina,False
ff653992-228b-4da4-afae-c124d5af827b,gcn,Chime-1175199635,False
ff653992-228b-4da4-afae-c124d5af827b,gcn,1175199635,False
e52eae6a-b827-4e1b-964e-006f5f4a03c7,gcn,Fermi-GBM-809727678,False
e52eae6a-b827-4e1b-964e-006f5f4a03c7,gcn,Fermi GBM trigger 809727678,False
e52eae6a-b827-4e1b-964e-006f5f4a03c7,gcn,bn260829848,False
502df2e7-0854-4c44-a87e-d741d16c5329,tns,AT2026zms,False
1ea26918-6f18-45c5-a078-a7d264c21e8b,gcn,Chime-1174868443,False
1ea26918-6f18-45c5-a078-a7d264c21e8b,gcn,1174868443,False
70e1ebcc-6565-4498-a9dd-cded89678ede,tns,AT2026zyy,False
70e1ebcc-6565-4498-a9dd-cded89678ede,tns-public-reports,AT2026zyy,False
70e1ebcc-6565-4498-a9dd-cded89678ede,tns-public-reports,GOTO26imz,False
7b5784d8-dd4b-4716-84cf-d5f05698b4e3,tns,AT2026zyn,False
7b5784d8-dd4b-4716-84cf-d5f05698b4e3,tns-public-reports,AT2026zyn,False
7b5784d8-dd4b-4716-84cf-d5f05698b4e3,tns-public-reports,ATLAS26kpb,False
93067bfd-0173-4ea5-8b3c-d3bfc1db92ac,gcn,Chime-1175321548,False
93067bfd-0173-4ea5-8b3c-d3bfc1db92ac,gcn,1175321548,False
1122b13e-17cd-4e4b-9a56-2739e4dad9f4,tns,AT2026zyu,False
021d3467-a3b1-4e2c-81ad-1e45a2788b77,tns,AT2026zyv,False
74279a94-837b-4afd-aeba-15687c7e6fce,tns,AT2026xbz,False
74279a94-837b-4afd-aeba-15687c7e6fce,tns,SN2026xbz,False
3ebedf12-274e-4ab7-8515-5c0fee1b0f7d,tns,SN2026pby,False
569d6362-e3bb-4e93-b3de-82440032155f,tns,AT2026znh,False
754061c1-9363-4b19-b5b8-7161c28ba6d6,tns,AT2026zym,False
754061c1-9363-4b19-b5b8-7161c28ba6d6,tns-public-reports,AT2026zym,False
754061c1-9363-4b19-b5b8-7161c28ba6d6,tns-public-reports,ZTF26abrbxyb,False
5d490fbb-3a74-408e-85c7-5340731a52df,tns,AT2026zxw,False
72a1d3dd-e76f-4959-8178-088e6571c901,tns,AT2026zys,False
72a1d3dd-e76f-4959-8178-088e6571c901,tns-public-reports,AT2026zys,False
72a1d3dd-e76f-4959-8178-088e6571c901,tns-public-reports,ATLAS26kpg,False
72a1d3dd-e76f-4959-8178-088e6571c901,tns-public-reports,PS26hks,False
9f5866ae-3de6-4a16-8505-78b22a159d55,tns,AT2026zyk,False
9f5866ae-3de6-4a16-8505-78b22a159d55,tns-public-reports,AT2026zyk,False
9f5866ae-3de6-4a16-8505-78b22a159d55,tns-public-reports,ATLAS26kpa,False
8fdd30c0-9f3a-405c-8e03-2c1e5ccbd21c,tns,AT2026zyq,False
7e4919fc-df8c-4f87-9cd3-32e11067c4b1,tns,AT2026zyr,False
a0ba6594-d0f5-4890-8f06-8ac4ac54b9aa,tns,AT2026ziq,False
a0ba6594-d0f5-4890-8f06-8ac4ac54b9aa,tns-public-reports,AT2026ziq,False
a0ba6594-d0f5-4890-8f06-8ac4ac54b9aa,tns-public-reports,GOTO26iic,False
9982c3aa-49ab-44ae-bd77-60323fb9860b,tns,AT2026xzq,False
8a7b88fb-358e-43d2-8467-f6f43723c5e4,gcn,KONUS-WIND-20260829T060830076,False
8a7b88fb-358e-43d2-8467-f6f43723c5e4,gcn,Konus-Wind trigger 20260829T060830076,False
7cd9ddb1-1aaf-4b14-845b-37569841019d,gcn,Fermi-GBM-809707716,False
7cd9ddb1-1aaf-4b14-845b-37569841019d,gcn,Fermi GBM trigger 809707716,False
7cd9ddb1-1aaf-4b14-845b-37569841019d,gcn,bn260829617,False
4246858e-c6df-46b5-811c-d7beb6de2cad,tns,AT2026yuq,False
62846b80-4339-40e4-87e7-dc9b7a245eae,tns,AT2026wsy,False
62846b80-4339-40e4-87e7-dc9b7a245eae,tns,SN2026wsy,False
62846b80-4339-40e4-87e7-dc9b7a245eae,tns-public-reports,AT2026wsy,False
62846b80-4339-40e4-87e7-dc9b7a245eae,tns-public-reports,SN2026wsy,False
62846b80-4339-40e4-87e7-dc9b7a245eae,tns-public-reports,ATLAS26jja,False
509d18c5-c6c5-4ece-96af-65155c22b927,tns,AT2026wrs,False
509d18c5-c6c5-4ece-96af-65155c22b927,tns,SN2026wrs,False
bd08fd81-165c-4e1c-b8a0-5996064edb5e,tns,AT2026zwo,False
bd08fd81-165c-4e1c-b8a0-5996064edb5e,tns-public-reports,AT2026zwo,False
bd08fd81-165c-4e1c-b8a0-5996064edb5e,tns-public-reports,KATS26Q001,False
efab2d3d-dd90-41b7-9546-2eb0106769c5,tns,AT2026zyl,False
395bc8a8-4f3c-4ef1-a505-8ebe55ce028d,tns,AT2026zyd,False
395bc8a8-4f3c-4ef1-a505-8ebe55ce028d,tns-public-reports,AT2026zyd,False
395bc8a8-4f3c-4ef1-a505-8ebe55ce028d,tns-public-reports,WFST260823ajbjj,False
9e3bf90f-d717-4843-8602-cf1391d1f004,gcn,Fermi-GBM-809678548,False
9e3bf90f-d717-4843-8602-cf1391d1f004,gcn,Fermi GBM trigger 809678548,False
9e3bf90f-d717-4843-8602-cf1391d1f004,gcn,bn260829279,False
03790610-7fc8-42ec-8af7-2424a82d98c9,tns,AT2026zuu,False
37dfc7b0-c0be-453d-b03a-4938891ae5b8,tns,AT2026zwk,False
37dfc7b0-c0be-453d-b03a-4938891ae5b8,tns,SN2026zwk,False
863ccbdd-bdd7-442c-bd91-07fda4b4bbad,gcn,Fermi-GBM-809676494,False
863ccbdd-bdd7-442c-bd91-07fda4b4bbad,gcn,Fermi GBM trigger 809676494,False
863ccbdd-bdd7-442c-bd91-07fda4b4bbad,gcn,bn260829256,False
83ae6952-2b49-44a7-9fac-e0514628fd45,gcn,GRB 260829A,False
8f0c5f44-3442-4e7b-b15a-1246ececb1fc,gcn,Fermi-GBM-809672651,False
8f0c5f44-3442-4e7b-b15a-1246ececb1fc,gcn,Fermi GBM trigger 809672651,False
8f0c5f44-3442-4e7b-b15a-1246ececb1fc,gcn,bn260829211,False
f7673e55-6676-4fd1-8430-c9e50b638b3e,tns,AT2026zyi,False
e2ce9119-7bfd-40a0-9b23-0d69528e938c,gcn,Fermi-GBM-809666623,False
e2ce9119-7bfd-40a0-9b23-0d69528e938c,gcn,Fermi GBM trigger 809666623,False
e2ce9119-7bfd-40a0-9b23-0d69528e938c,gcn,bn260829141,False
3d89bdfe-81dd-4bba-8dcb-9278b55898a4,gcn,Chime-1175265241,False
3d89bdfe-81dd-4bba-8dcb-9278b55898a4,gcn,1175265241,False
35fbc762-a09e-4476-a238-568b6916d118,tns,AT2026ypj,False
35fbc762-a09e-4476-a238-568b6916d118,tns-public-reports,AT2026ypj,False
35fbc762-a09e-4476-a238-568b6916d118,tns-public-reports,ATLAS26jvz,False
f748054d-85a0-47be-8eef-26f7867d3c2c,tns,AT2026zxy,False
f748054d-85a0-47be-8eef-26f7867d3c2c,tns-public-reports,AT2026zxy,False
f748054d-85a0-47be-8eef-26f7867d3c2c,tns-public-reports,ZTF26abrbfxe,False
04bcee30-daf2-4e72-b6a6-2f346cd68f20,gcn,Chime-1175141311,False
04bcee30-daf2-4e72-b6a6-2f346cd68f20,gcn,1175141311,False
baa9b88a-f3df-4f32-b567-506f0ea0f8f3,gcn,1A 0535-66 (1A 0538-66),False
baa9b88a-f3df-4f32-b567-506f0ea0f8f3,gcn,1280437444,False
0b0a4ab1-4aca-482d-916f-6be18e3f86f0,gcn,GRB 260818B,False
a077d9ff-6f81-4cf3-969e-5c899b671556,gcn,Fermi-GBM-809626027,False
a077d9ff-6f81-4cf3-969e-5c899b671556,gcn,Fermi GBM trigger 809626027,False
a077d9ff-6f81-4cf3-969e-5c899b671556,gcn,bn260828672,False
f3b52d0f-4d75-4ab5-ad93-4740a71c59f2,tns,AT2026zxz,False
3daca046-d1e1-4926-b5f6-c90384d3aaeb,tns,AT2026zya,False
b5231f86-9c76-44f3-8b3e-fb95b4cbfdee,tns,AT2026zyb,False
54294d94-23ae-4096-89a3-691eb8181896,tns,AT2026zyc,False
6a881af4-a01d-415b-bdbd-31c12bdf432b,tns,AT2026zye,False
14c69d23-4d61-43a0-843c-8544a4d44a68,tns,AT2026zxm,False
14c69d23-4d61-43a0-843c-8544a4d44a68,tns-public-reports,AT2026zxm,False
14c69d23-4d61-43a0-843c-8544a4d44a68,tns-public-reports,WFST260821besej,False
72805a20-009d-4502-bb68-cada91d20621,tns,AT2026zxo,False
72805a20-009d-4502-bb68-cada91d20621,tns-public-reports,AT2026zxo,False
72805a20-009d-4502-bb68-cada91d20621,tns-public-reports,MASTER OT J015852.72-021745.4,False
72805a20-009d-4502-bb68-cada91d20621,tns-public-reports,MASTER OT J015852.78-021745.2,False
b3e3c965-e6a9-45be-bb6b-24e7598f871a,gcn,Fermi-GBM-809618087,False
b3e3c965-e6a9-45be-bb6b-24e7598f871a,gcn,Fermi GBM trigger 809618087,False
b3e3c965-e6a9-45be-bb6b-24e7598f871a,gcn,bn260828580,False
3221f3bd-76be-402e-878b-23b520b51034,tns,AT2026zvb,False
3221f3bd-76be-402e-878b-23b520b51034,tns-public-reports,AT2026zvb,False
3221f3bd-76be-402e-878b-23b520b51034,tns-public-reports,ZTF26abqhovk,False
8dafb817-0ad0-4e96-a8d3-62bb5dc0bd93,tns,AT2026zxv,False
ab2c5e93-8412-4e96-ad61-a1f3852fed68,tns,AT2026zxu,False
ab2c5e93-8412-4e96-ad61-a1f3852fed68,tns-public-reports,AT2026zxu,False
ab2c5e93-8412-4e96-ad61-a1f3852fed68,tns-public-reports,ATLAS26kom,False
86be3fb9-9f3a-4d71-b39d-9e188a06d5e4,gcn,Chime-1175090004,False
86be3fb9-9f3a-4d71-b39d-9e188a06d5e4,gcn,1175090004,False
9b23029c-b7ba-49eb-9f15-fa26fa01ef8e,gcn,Chime-1175085306,False
9b23029c-b7ba-49eb-9f15-fa26fa01ef8e,gcn,Chime-1175085307,False
9b23029c-b7ba-49eb-9f15-fa26fa01ef8e,gcn,Chime-1175085329,False
9b23029c-b7ba-49eb-9f15-fa26fa01ef8e,gcn,1175085306,False
9b23029c-b7ba-49eb-9f15-fa26fa01ef8e,gcn,1175085307,False
9b23029c-b7ba-49eb-9f15-fa26fa01ef8e,gcn,1175085329,False
f160e89b-d907-4e21-bae5-0bc243cca8aa,tns,AT2026zxt,False
073f5926-08cb-4c28-be0b-6049c09affb3,tns,AT2026zhu,False
073f5926-08cb-4c28-be0b-6049c09affb3,tns-public-reports,AT2026zhu,False
073f5926-08cb-4c28-be0b-6049c09affb3,tns-public-reports,ATLAS26kjg,False
073f5926-08cb-4c28-be0b-6049c09affb3,tns-public-reports,GOTO26iij,False
1f32ccf8-e138-4bb3-90b3-8683e082923f,tns,AT2026yvq,False
64c87aa4-ddef-4415-9db1-b6df403d4beb,tns,AT2026ytx,False
83cc404c-9daa-4336-8a52-938bae99bdc8,tns,AT2026ycp,False
0d713f02-4293-4da0-9f53-d3c07ab59543,tns,AT2026vfl,False
2e75a8eb-9a24-414a-b5bb-174969d6a155,tns,AT2026zxp,False
89107cab-6a34-4ab9-b3d2-523975801a55,tns,AT2026zxq,False
f8518aa8-c5e6-41c5-b943-6bcfd2e9cd36,gcn,GRB 260827.40,False
0c2a6af9-6ee5-4c0b-9af8-acce58e19c02,gcn,Chime-1174394828,False
0c2a6af9-6ee5-4c0b-9af8-acce58e19c02,gcn,1174394828,False
b36bfe8c-d782-400c-a2f5-0c2d932b30f0,gcn,Chime-1175095172,False
b36bfe8c-d782-400c-a2f5-0c2d932b30f0,gcn,1175095172,False
2d9d7e35-7c68-400c-9c40-32d38a8b36b4,tns,AT2026yxd,False
2d9d7e35-7c68-400c-9c40-32d38a8b36b4,tns-public-reports,AT2026yxd,False
2d9d7e35-7c68-400c-9c40-32d38a8b36b4,tns-public-reports,ATLAS26kaf,False
2d9d7e35-7c68-400c-9c40-32d38a8b36b4,tns-public-reports,GOTO26iml,False
1bba7ba2-bb56-4ced-9235-e695064bab26,gcn,Fermi-GBM-809552475,False
1bba7ba2-bb56-4ced-9235-e695064bab26,gcn,Fermi GBM trigger 809552475,False
1bba7ba2-bb56-4ced-9235-e695064bab26,gcn,bn260827820,False
c22f13cd-6af1-4619-bb17-6a0f0c8bb934,tns,AT2026zma,False
32759f70-1187-48f8-bc54-10adc8c573a4,tns,AT2026xcu,False
32759f70-1187-48f8-bc54-10adc8c573a4,tns-public-reports,AT2026xcu,False
32759f70-1187-48f8-bc54-10adc8c573a4,tns-public-reports,ATLAS26jnf,False
2d7da9a0-9163-427a-9d78-e4bdfd25d3dd,tns,AT2026ztv,False
2d7da9a0-9163-427a-9d78-e4bdfd25d3dd,tns-public-reports,AT2026ztv,False
2d7da9a0-9163-427a-9d78-e4bdfd25d3dd,tns-public-reports,WFST260821apduf,False
d20cfe21-b11d-455b-880e-c1c1ea9a75e0,tns,AT2026zxj,False
d20cfe21-b11d-455b-880e-c1c1ea9a75e0,tns-public-reports,AT2026zxj,False
d20cfe21-b11d-455b-880e-c1c1ea9a75e0,tns-public-reports,ATLAS26koi,False
0118a60c-878c-4f56-bfb9-1865be0fd74f,tns,AT2026zxn,False
0118a60c-878c-4f56-bfb9-1865be0fd74f,tns-public-reports,AT2026zxn,False
0118a60c-878c-4f56-bfb9-1865be0fd74f,tns-public-reports,WFST260818anrsv,False
2c3305fb-a76e-40ae-b6fc-e8f4d30edea1,tns,AT2026yly,False
2c3305fb-a76e-40ae-b6fc-e8f4d30edea1,tns,SN2026yly,False
2c3305fb-a76e-40ae-b6fc-e8f4d30edea1,tns-public-reports,AT2026yly,False
2c3305fb-a76e-40ae-b6fc-e8f4d30edea1,tns-public-reports,SN2026yly,False
2c3305fb-a76e-40ae-b6fc-e8f4d30edea1,tns-public-reports,DRSN135,False
2c3305fb-a76e-40ae-b6fc-e8f4d30edea1,tns-public-reports,IKBFU-DRSN135,False
2e7a3437-8000-4270-b81b-ec05a2622cc9,tns,AT2026zcl,False
2e7a3437-8000-4270-b81b-ec05a2622cc9,tns-public-reports,AT2026zcl,False
2dcf0398-e3ad-4bdc-9645-a73ee56ab6f6,tns,AT2026yzm,False
2dcf0398-e3ad-4bdc-9645-a73ee56ab6f6,tns-public-reports,AT2026yzm,False
2dcf0398-e3ad-4bdc-9645-a73ee56ab6f6,tns-public-reports,ATLAS26kby,False
30617eb0-8278-4d8b-9111-0b28dc019757,tns,AT2026woo,False
30617eb0-8278-4d8b-9111-0b28dc019757,tns-public-reports,AT2026woo,False
30617eb0-8278-4d8b-9111-0b28dc019757,tns-public-reports,ZTF26abkurzs,False
539ce56e-f47d-45fa-a845-fc9e74a0b2c0,tns,AT2026zwt,False
9b7331c0-f28b-44d5-9434-d0ba25dbf502,tns,AT2026zxk,False
8327ef6c-a95c-4c0f-bb29-a23f9c02d471,tns,AT2026zxl,False
081ba1e9-26bc-4e3c-a40c-28101d7d06bc,tns,AT2026zwj,False
081ba1e9-26bc-4e3c-a40c-28101d7d06bc,tns-public-reports,AT2026zwj,False
081ba1e9-26bc-4e3c-a40c-28101d7d06bc,tns-public-reports,PSP26Q,False
312b4398-22e6-452e-8af9-fd2e9dccb23a,tns,AT2026zkh,False
312b4398-22e6-452e-8af9-fd2e9dccb23a,tns-public-reports,AT2026zkh,False
312b4398-22e6-452e-8af9-fd2e9dccb23a,tns-public-reports,ATLAS26klm,False
312b4398-22e6-452e-8af9-fd2e9dccb23a,tns-public-reports,GOTO26ijs,False
2b28ca18-fdf0-4b8e-a859-53382f3f6a20,tns,AT2026xky,False
2b28ca18-fdf0-4b8e-a859-53382f3f6a20,tns-public-reports,AT2026xky,False
2b28ca18-fdf0-4b8e-a859-53382f3f6a20,tns-public-reports,ATLAS26joc,False
2b28ca18-fdf0-4b8e-a859-53382f3f6a20,tns-public-reports,GOTO26hsb,False
28d46e13-9916-45c6-8aa7-652da9578b9e,tns,AT2026zof,False
28d46e13-9916-45c6-8aa7-652da9578b9e,tns-public-reports,AT2026zof,False
28d46e13-9916-45c6-8aa7-652da9578b9e,tns-public-reports,GOTO26ijl,False
2ec14458-4aa8-472f-8d41-098e083057df,tns,AT2026wyc,False
2ec14458-4aa8-472f-8d41-098e083057df,tns-public-reports,AT2026wyc,False
2ec14458-4aa8-472f-8d41-098e083057df,tns-public-reports,MASTER OT J224950.87-463608.9,False
7d2ed0ca-b6d4-4b45-8514-2bd711a50a14,gcn,Fermi-GBM-809520184,False
7d2ed0ca-b6d4-4b45-8514-2bd711a50a14,gcn,Fermi GBM trigger 809520184,False
7d2ed0ca-b6d4-4b45-8514-2bd711a50a14,gcn,bn260827447,False
edbc2e28-ba0b-4fe6-b35f-0c98d32263af,gcn,GRB 260827A,False
281e392a-2839-4c0b-9d87-bbab771dbf0c,tns-astronotes,AT2026pel,False
281e392a-2839-4c0b-9d87-bbab771dbf0c,tns-public-reports,SN2026pel,False
281e392a-2839-4c0b-9d87-bbab771dbf0c,tns-astronotes,2026pel,False
281e392a-2839-4c0b-9d87-bbab771dbf0c,tns-astronotes,SN2026pel,False
281e392a-2839-4c0b-9d87-bbab771dbf0c,tns-public-reports,AT2026pel,False
281e392a-2839-4c0b-9d87-bbab771dbf0c,tns-public-reports,ATLAS26hgn,False
281e392a-2839-4c0b-9d87-bbab771dbf0c,tns-public-reports,GOTO26fym,False
281e392a-2839-4c0b-9d87-bbab771dbf0c,tns-public-reports,GSNST-26ea,False
281e392a-2839-4c0b-9d87-bbab771dbf0c,tns-public-reports,PS26bxl,False
281e392a-2839-4c0b-9d87-bbab771dbf0c,tns-public-reports,ZTF26abblsak,False
e87505ed-7fe4-4395-90e0-9958a9f588cc,tns,AT2026zxi,False
f02eb2b0-e967-44da-95b5-ab0113beb6d2,tns,AT2026sra,False
ee32f153-100e-4748-9955-4aa3087a7860,tns,AT2026zoa,False
ee32f153-100e-4748-9955-4aa3087a7860,tns-public-reports,AT2026zoa,False
ee32f153-100e-4748-9955-4aa3087a7860,tns-public-reports,ATLAS26kmj,False
1bf2a89d-c97f-4a7f-8278-4a997898fd12,tns,AT2026ygl,False
1bf2a89d-c97f-4a7f-8278-4a997898fd12,tns-public-reports,AT2026ygl,False
2335de0c-4fb2-4b0a-a8a6-b0fde3076ddf,tns,AT2026zot,False
2335de0c-4fb2-4b0a-a8a6-b0fde3076ddf,tns-public-reports,AT2026zot,False
2335de0c-4fb2-4b0a-a8a6-b0fde3076ddf,tns-public-reports,ATLAS26kmt,False
277068ae-3ed0-4754-b35e-ef165de55b74,tns,AT2026ywf,False
277068ae-3ed0-4754-b35e-ef165de55b74,tns-public-reports,AT2026ywf,False
277068ae-3ed0-4754-b35e-ef165de55b74,tns-public-reports,ATLAS26jyw,False
232a0a10-f911-4486-9470-e6969e3cda54,tns,AT2026zux,False
232a0a10-f911-4486-9470-e6969e3cda54,tns-public-reports,AT2026zux,False
232a0a10-f911-4486-9470-e6969e3cda54,tns-public-reports,ZTF26aboocmr,False
868ea5e3-5dde-4532-9e17-086bb89fd451,tns,AT2026zsb,False
f46fe4a5-c5f3-4f42-b659-f4c225555531,tns,AT2026zsn,False
f01c89cb-aae6-4531-b6fe-67f9ba9c3bec,gcn,GRB 260081,False
9e9c1d60-fef9-4f39-84a2-f08aaaf69fc3,tns,AT2024aijv,False
1d159dfe-7b14-4d25-bb82-815a5eb67ebf,tns,AT2026zsd,False
1d159dfe-7b14-4d25-bb82-815a5eb67ebf,tns-public-reports,AT2026zsd,False
1d159dfe-7b14-4d25-bb82-815a5eb67ebf,tns-public-reports,GOTO26ilq,False
898f19c0-ceaa-44ed-963c-9d86ce0357f8,tns,AT2025anaf,False
4b9a92e6-61ed-452e-a514-8cf61fe8843d,tns,AT2025anag,False
482db7d2-5686-4cbf-8ecf-c3e5d4b87929,tns,AT2025anah,False
53677930-0934-4914-80a5-7a5ae72616a2,tns,AT2025anai,False
c86cf785-4516-481d-a5c7-349aead9697d,tns,AT2025anaj,False
7d93f284-8402-438b-b910-4aa7af0f5909,tns,AT2025anak,False
6cdafe3e-26f7-4743-b47b-7d5c172151c3,tns,AT2025anal,False
616f7279-2212-40e5-b5e3-c14ba710ccd3,tns,AT2025anam,False
1757c56d-2065-4cc9-a8f9-73d0630f2afd,tns,AT2025anan,False
31434475-9d17-4144-9a3c-d39393ceae3f,tns,AT2025anao,False
84c85a0f-4e78-40d9-840c-1febdf2a0b5b,tns,AT2025anap,False
d5ebc600-4163-4ee5-98dc-0e1302f56b6f,tns,AT2025anaq,False
31810b5b-f412-46f3-94b3-3f9e6676bc1b,tns,AT2025anar,False
6cfd6208-e413-4fee-94f6-e8be76e41115,tns,AT2025anas,False
3377e323-bfe8-432e-9906-d67fca4c3d59,tns,AT2025anat,False
b2b2c33e-f73d-4e46-8825-a319c56b0da3,tns,AT2025anau,False
724ff61e-d628-4388-b8bf-d406d4ebfe9b,tns,AT2025anav,False
b0cadbe3-cc5d-4877-86b1-eaa889c5f3ef,tns,AT2025anaw,False
11d2e7b3-663a-4df8-94cc-77b9d2f21e75,tns,AT2025anax,False
3c7cc1b4-d1da-4c68-9ef1-3a8035a28c14,tns,AT2025anay,False
8370a808-7a9f-4dd0-868a-7111015c14c4,tns,AT2025anaz,False
cd6738c0-874e-4ca5-a354-a8e356260dfb,tns,AT2025anba,False
5527a322-67b0-4a48-9910-b4cbd732f843,tns,AT2025anbb,False
cae1c95c-65ba-49e6-8c76-7472b3093321,tns,AT2025anbc,False
5666a650-cf8a-46db-9bb9-27d1f616bfb5,tns,AT2025anbd,False
00d1364d-a4e6-4949-b927-058a9d5409a4,tns,AT2025anbe,False
d96fef6a-f2ed-4d23-9512-ad5bb1cbb180,tns,AT2025anbf,False
84bcecb8-81f9-48e4-b179-929427a20b18,tns,AT2025anbg,False
a730b00c-ca09-441b-902d-e1aaa78312cb,tns,AT2025anbh,False
03489961-1a91-4e56-a4e3-43feff4de80f,tns,AT2025anbi,False
29cd8b5c-e209-49d2-adfa-82fce4f49a8f,tns,AT2025anbj,False
c00dc274-d619-48cc-9b53-eb29cb27b520,tns,AT2025anbk,False
13890d28-4c88-4abf-b127-97b0a7e233bf,tns,AT2025anbl,False
7cec6383-0e9a-416b-868c-488385d7b6df,tns,AT2025anbm,False
799c5fd7-7ac1-4151-a261-3c979b759a2d,tns,AT2025anbn,False
b5bd92c2-d21c-4064-8ccf-d341c4f31f84,tns,AT2025anbo,False
5838aab8-3f41-4300-bd60-fe8fb5bb7838,tns,AT2025anbp,False
5a4c9d52-df1f-497d-adc8-815eb080ad66,tns,AT2025anbq,False
c04e4f43-9292-4617-9f05-d502d55018e3,tns,AT2025anbr,False
9879fafb-15d7-458f-8bc5-cf79e260ab23,tns,AT2025anbs,False
511d2645-846c-4be7-86f9-50488fee17d4,tns,AT2025anbt,False
f13a35fb-2478-456e-aa3f-b22d9e6b9dae,tns,AT2025anbu,False
a1eaca42-7ea2-4bff-8148-643c4cb7d00b,tns,AT2025anbv,False
67b3f976-b0ed-4ab1-b87e-2e5c932a19ed,tns,AT2025anbw,False
f60f4406-8b4f-4b9c-9251-a4c898ed115e,tns,AT2025anbx,False
e9eac0f0-e757-400c-9698-f04a0a89cfaa,tns,AT2025anby,False
36b043fe-a42a-4740-91e1-2e90348d9d61,tns,AT2025anbz,False
28cdb72a-d9e4-4dff-ab89-27e69b50c986,tns,AT2025anca,False
034007dd-a3e0-4b0b-9957-6c95f17cb3d9,tns,AT2025ancb,False
ff06d1e4-f95e-4f98-b5b5-185ae4003b57,tns,AT2025ancc,False
33b5df66-a287-4e89-9f61-790de061c6db,tns,AT2025ancd,False
57cc710f-d4df-462a-839b-6861bf4bf57f,tns,AT2025ance,False
e8e2ff47-436c-4b59-a41b-bf094ad963e4,tns,AT2025ancf,False
46992f4d-6ad6-408d-a831-6ed86b158d75,tns,AT2025ancg,False
3aeafe41-02c0-417b-9127-f692a32689d6,tns,AT2025anch,False
72499b8f-9324-4075-9104-62d1fa28a049,tns,AT2025anci,False
0098a736-91b8-410c-bd44-1587d8972621,tns,AT2025ancj,False
004fd66a-ceed-46ab-a357-eba7ef23d665,tns,AT2025anck,False
8e91067c-4da1-4911-9634-af86278bc603,tns,AT2025ancl,False
bd2d34d4-c8fe-4d12-a0cb-52590bbb3da5,tns,AT2025ancm,False
df474cf9-e0fd-4e8e-9438-6c79a98b2702,tns,AT2025ancn,False
9b6a3bf3-667b-4a99-a760-191afe71fc13,tns,AT2025anco,False
c6d42467-8561-4563-84a1-d925bc527d4c,tns,AT2025ancp,False
1e688c78-755a-461a-94cb-8a99ca558073,tns,AT2025ancq,False
478f6ecf-d6db-4690-83dc-7790a5aedc35,tns,AT2025ancr,False
c19fe757-3523-4ab5-8439-08543a621dc2,tns,AT2025ancs,False
991cbe74-280e-4fed-84c4-ea46135ce6ee,tns,AT2026zoy,False
de6a5994-3da4-4d3c-8f3c-edd7ff39fc79,tns,AT2026zjy,False
de6a5994-3da4-4d3c-8f3c-edd7ff39fc79,tns-public-reports,AT2026zjy,False
de6a5994-3da4-4d3c-8f3c-edd7ff39fc79,tns-public-reports,MASTER OT J042007.45-422700.4,False
6e2a847a-72c6-438c-b274-9e2604d57afa,gcn,Einstein Probe-01709287395,False
6e2a847a-72c6-438c-b274-9e2604d57afa,gcn,01709287395,False
9c9267be-4761-4112-918c-1a16d87edd78,gcn,Einstein Probe-01709285030,False
9c9267be-4761-4112-918c-1a16d87edd78,gcn,01709285030,False
aefb4564-f621-40f2-8252-3ca2301a04f5,gcn,Einstein Probe-01709286204,False
aefb4564-f621-40f2-8252-3ca2301a04f5,gcn,01709286204,False
2086b16b-a204-49fa-bbc8-7f3efc9fb41d,tns,AT2026zjn,False
2086b16b-a204-49fa-bbc8-7f3efc9fb41d,tns-public-reports,AT2026zjn,False
2086b16b-a204-49fa-bbc8-7f3efc9fb41d,tns-public-reports,ATLAS26kkn,False
ec04695d-9e2c-4086-953c-e6e25fc31261,tns,AT2026zve,False
b711401f-1162-42d6-a5aa-7610ae94f771,gcn,Chime-1174989605,False
b711401f-1162-42d6-a5aa-7610ae94f771,gcn,1174989605,False
009948f7-17c1-4694-8374-5bd361b6a81e,tns,AT2026zwn,False
009948f7-17c1-4694-8374-5bd361b6a81e,tns-public-reports,AT2026zwn,False
009948f7-17c1-4694-8374-5bd361b6a81e,tns-public-reports,ATLAS26knv,False
fc57aa64-d09c-4bb6-8550-61a62f9577db,tns,AT2026zwm,False
fc57aa64-d09c-4bb6-8550-61a62f9577db,tns-public-reports,AT2026zwm,False
fc57aa64-d09c-4bb6-8550-61a62f9577db,tns-public-reports,ATLAS26knu,False
400484fa-b17c-47dd-9750-8f9480d1a97c,tns,AT2026zwp,False
400484fa-b17c-47dd-9750-8f9480d1a97c,tns-public-reports,AT2026zwp,False
400484fa-b17c-47dd-9750-8f9480d1a97c,tns-public-reports,ATLAS26kod,False
400484fa-b17c-47dd-9750-8f9480d1a97c,tns-public-reports,GOTO26imu,False
5a2d329d-f5bf-414c-af3d-d4d884e98414,gcn,KONUS-WIND-20260826T063117680,False
5a2d329d-f5bf-414c-af3d-d4d884e98414,gcn,Konus-Wind trigger 20260826T063117680,False
bab8f669-b6e4-4233-bb5a-987167dc184b,gcn,Fermi-GBM-809439126,False
bab8f669-b6e4-4233-bb5a-987167dc184b,gcn,Fermi GBM trigger 809439126,False
bab8f669-b6e4-4233-bb5a-987167dc184b,gcn,bn260826508,False
85b54d47-1087-4dd8-95e8-40d4cf2c225a,gcn,GRB 260808B,False
80b9a765-defa-409a-9dbf-c7322f120245,gcn,EP260822a,False
14e0c60c-d571-423b-8ebd-cab792df77b7,tns,AT2026wxy,False
fc51c628-3be3-4c95-9866-087488c4a446,tns,AT2026zwq,False
fc51c628-3be3-4c95-9866-087488c4a446,tns-public-reports,AT2026zwq,False
fc51c628-3be3-4c95-9866-087488c4a446,tns-public-reports,GOTO26imq,False
204943bc-167f-4d63-8671-45fbcd3660e5,tns,AT2026zkr,False
204943bc-167f-4d63-8671-45fbcd3660e5,tns-public-reports,AT2026zkr,False
204943bc-167f-4d63-8671-45fbcd3660e5,tns-public-reports,ZTF26abpzgje,False
f330e93e-c61e-45f0-831a-79d008669a49,tns,AT2026zwr,False
3c6a6123-8508-42c4-a8e5-b5cf3e423d8e,tns,AT2026zws,False
8a5247b1-9155-4125-aef2-406149f10428,tns,AT2026zwu,False
88796a60-2049-4cdc-bfdd-e4902883c633,tns,AT2026zji,False
88796a60-2049-4cdc-bfdd-e4902883c633,tns-public-reports,AT2026zji,False
88796a60-2049-4cdc-bfdd-e4902883c633,tns-public-reports,ATLAS26kkd,False
09f5011b-0a1a-4487-85e6-3978fecd8fa5,tns,AT2026zmp,False
09f5011b-0a1a-4487-85e6-3978fecd8fa5,tns-public-reports,AT2026zmp,False
09f5011b-0a1a-4487-85e6-3978fecd8fa5,tns-public-reports,GOTO26ijg,False
19ead014-a239-4bc8-aef9-e7dd2de35ed1,tns,AT2026wvv,False
19ead014-a239-4bc8-aef9-e7dd2de35ed1,tns-public-reports,AT2026wvv,False
19ead014-a239-4bc8-aef9-e7dd2de35ed1,tns-public-reports,OMB-PNV32,False
19ead014-a239-4bc8-aef9-e7dd2de35ed1,tns-public-reports,ZTF26ablmnns,False
1ab3416d-6d5f-42c8-8ae3-0dfd685692fc,tns,AT2026zad,False
1ab3416d-6d5f-42c8-8ae3-0dfd685692fc,tns-public-reports,AT2026zad,False
1ab3416d-6d5f-42c8-8ae3-0dfd685692fc,tns-public-reports,ATLAS26kcc,False
1ab3416d-6d5f-42c8-8ae3-0dfd685692fc,tns-public-reports,ZTF26abofwwp,False
1040bcb8-ef58-4f1f-9a0c-08f7cf6ba867,gcn,GRB 260822A,False
31648ea5-fab0-4f37-9497-76306be2622a,gcn,GRB 260809A,False
00e0d3c2-27eb-43cf-86e1-d5b412ec3a8a,tns,AT2026xqb,False
00e0d3c2-27eb-43cf-86e1-d5b412ec3a8a,tns-astronotes,AT2026xqb,False
00e0d3c2-27eb-43cf-86e1-d5b412ec3a8a,tns-public-reports,AT2026xqb,False
00e0d3c2-27eb-43cf-86e1-d5b412ec3a8a,tns-astronotes,2026xqb,False
e8508ead-24a6-4863-9bd6-f747b84e9307,tns,AT2026zwl,False
09901e46-a387-47cd-954f-0750ec4f53f6,tns,AT2026zmn,False
09901e46-a387-47cd-954f-0750ec4f53f6,tns-public-reports,AT2026zmn,False
09901e46-a387-47cd-954f-0750ec4f53f6,tns-public-reports,ATLAS26kmc,False
09901e46-a387-47cd-954f-0750ec4f53f6,tns-public-reports,GOTO26ijp,False
88cbc162-27f4-436c-8af8-972c9903022c,tns,SN2026xav,False
465fe7a2-40e2-4280-ae8f-3c7de7571594,tns,AT2026zwh,False
465fe7a2-40e2-4280-ae8f-3c7de7571594,tns-public-reports,AT2026zwh,False
465fe7a2-40e2-4280-ae8f-3c7de7571594,tns-public-reports,ZTF26abqvpdn,False
103f05b3-71a3-4d43-8c21-30bdeb2c1325,tns,AT2026zwg,False
103f05b3-71a3-4d43-8c21-30bdeb2c1325,tns-public-reports,AT2026zwg,False
103f05b3-71a3-4d43-8c21-30bdeb2c1325,tns-public-reports,ZTF26abqvlqr,False
17ed89e8-47a9-48d6-b121-9002b85ac8b5,tns,AT2026zbf,False
17ed89e8-47a9-48d6-b121-9002b85ac8b5,tns-public-reports,AT2026zbf,False
17ed89e8-47a9-48d6-b121-9002b85ac8b5,tns-public-reports,ATLAS26kcy,False
cf120e9f-e240-4131-8278-6499bd5bd847,tns-astronotes,AT2026nik,False
cf120e9f-e240-4131-8278-6499bd5bd847,tns-public-reports,AT2026nik,False
cf120e9f-e240-4131-8278-6499bd5bd847,tns-astronotes,2026nik,False
cf120e9f-e240-4131-8278-6499bd5bd847,tns-astronotes,SN2026nik,False
cf120e9f-e240-4131-8278-6499bd5bd847,tns-public-reports,ATLAS26gfi,False
cf120e9f-e240-4131-8278-6499bd5bd847,tns-public-reports,GOTO26imj,False
cf120e9f-e240-4131-8278-6499bd5bd847,tns-public-reports,ZTF26aaxutnf,False
59677ef8-a94f-40ef-bfa1-db69d732b23d,tns,AT2026yoi,False
59677ef8-a94f-40ef-bfa1-db69d732b23d,tns,SN2026yoi,False
e73048cb-3bc2-4e92-8d67-510386ce43c2,tns,AT2026zaj,False
0ab04cd4-2ffb-4974-add5-9288a97efcbd,tns,AT2026zna,False
0ab04cd4-2ffb-4974-add5-9288a97efcbd,tns-public-reports,AT2026zna,False
0ab04cd4-2ffb-4974-add5-9288a97efcbd,tns-public-reports,GOTO26ijr,False
0a801d66-d0c5-4149-a04a-f5a69c37e320,tns,AT2026zbd,False
0a801d66-d0c5-4149-a04a-f5a69c37e320,tns-public-reports,AT2026zbd,False
0a801d66-d0c5-4149-a04a-f5a69c37e320,tns-public-reports,ATLAS26kcw,False
0a66a1d8-d09b-4c16-9891-4f11a264ef68,tns,AT2026zog,False
0a66a1d8-d09b-4c16-9891-4f11a264ef68,tns-public-reports,AT2026zog,False
0a66a1d8-d09b-4c16-9891-4f11a264ef68,tns-public-reports,GOTO26iie,False
60db9c6b-e0e9-43bd-a5f3-f2ea7e18206a,tns,AT2026zwe,False
04d0111a-d833-44f2-a258-5bfe969cc6fa,tns,AT2026yxq,False
04d0111a-d833-44f2-a258-5bfe969cc6fa,tns-public-reports,AT2026yxq,False
04d0111a-d833-44f2-a258-5bfe969cc6fa,tns-public-reports,PS26hji,False
0898b72b-29a8-4170-aa96-be56b2d1d6a0,tns,AT2026wtm,False
0898b72b-29a8-4170-aa96-be56b2d1d6a0,tns-public-reports,AT2026wtm,False
0898b72b-29a8-4170-aa96-be56b2d1d6a0,tns-public-reports,ATLAS26jje,False
02e1916a-e45c-4133-983d-6adf684f95ae,tns,AT2026zwf,False
f3061035-dcaa-4b24-a949-ecc0a44fdd6e,tns,AT2026zvf,False
f3061035-dcaa-4b24-a949-ecc0a44fdd6e,tns-public-reports,AT2026zvf,False
f3061035-dcaa-4b24-a949-ecc0a44fdd6e,tns-public-reports,ZTF26abqvalj,False
59f12401-3fea-4d92-afe5-ed9aebc0d25f,tns,AT2026zvg,False
59f12401-3fea-4d92-afe5-ed9aebc0d25f,tns-public-reports,AT2026zvg,False
59f12401-3fea-4d92-afe5-ed9aebc0d25f,tns-public-reports,ZTF26abqvaae,False
03c00ed6-dd8a-4112-bc2d-871df335ec6c,tns,AT2026zjm,False
03c00ed6-dd8a-4112-bc2d-871df335ec6c,tns-public-reports,AT2026zjm,False
03c00ed6-dd8a-4112-bc2d-871df335ec6c,tns-public-reports,ATLAS26kkh,False
c5990fac-e224-47d9-b05d-8878caeda69d,tns,AT2026zvd,False
c5990fac-e224-47d9-b05d-8878caeda69d,tns-public-reports,AT2026zvd,False
c5990fac-e224-47d9-b05d-8878caeda69d,tns-public-reports,ATLAS26knn,False
38909441-c5ca-4dce-b5bb-e6a9d1c9fda0,gcn,Chime-1174899215,False
38909441-c5ca-4dce-b5bb-e6a9d1c9fda0,gcn,1174899215,False
03288bed-41ab-4846-b15b-c9f4f8a6fbce,tns,AT2026zjs,False
03288bed-41ab-4846-b15b-c9f4f8a6fbce,tns-public-reports,AT2026zjs,False
03288bed-41ab-4846-b15b-c9f4f8a6fbce,tns-public-reports,ATLAS26klf,False
03288bed-41ab-4846-b15b-c9f4f8a6fbce,tns-public-reports,GOTO26ikf,False
f5b1572e-626b-487f-ae50-599f941e3426,tns,AT2026zuw,False
4bdf6c17-f5fd-4d1c-954f-bce3662d14cb,tns,AT2026zwc,False
8a89d5f2-1c3f-4042-99da-e15cc665fc57,tns,AT2026zwd,False
d793ec6f-d9a3-4c20-aa66-c3e7ebb58768,tns,AT2026zuz,False
d793ec6f-d9a3-4c20-aa66-c3e7ebb58768,tns-public-reports,AT2026zuz,False
d793ec6f-d9a3-4c20-aa66-c3e7ebb58768,tns-public-reports,ATLAS26knk,False
0287230f-8e6a-4c3e-9706-ae5b6ff363c1,tns,AT2026yte,False
0287230f-8e6a-4c3e-9706-ae5b6ff363c1,tns-public-reports,AT2026yte,False
0287230f-8e6a-4c3e-9706-ae5b6ff363c1,tns-public-reports,SN2026yte,False
0287230f-8e6a-4c3e-9706-ae5b6ff363c1,tns-public-reports,ATLAS26jwt,False
0287230f-8e6a-4c3e-9706-ae5b6ff363c1,tns-public-reports,ZTF26abngxfo,False
a80e0682-be37-4ffa-b1eb-cc38fbd9f9da,tns,AT2026zwa,False
81b6ca2c-3ada-4278-a3a1-9fd68c03930a,tns,AT2026zwb,False
b1b3319f-9cfe-44b0-bc16-ad6ebbe7679e,tns,AT2026zvl,False
e9229e59-1886-4bbe-9fd4-8991befa9254,tns,AT2026zvm,False
c0b5e3e3-5a4a-4440-9c52-b20aa9626b08,tns,AT2026zvn,False
ac617ed1-9eec-41d8-9bad-60fcc4b3f470,tns,AT2026zvo,False
8eafbded-51b0-4cfc-88fb-87c68be56907,tns,AT2026zvp,False
e5181875-826d-467f-a758-cdc74cf51e89,tns,AT2026zvq,False
31c65629-5ddb-4107-97a5-b04ec6ac9941,tns,AT2026yxk,False
9ca0fcb9-6c5a-4395-8dd1-06b11610ef35,tns,AT2026zvr,False
62ea4cd5-a492-48ae-b5ac-697323309b4c,tns,AT2026zvs,False
55d6c4c1-4b28-489a-9ac9-2857634b0f5f,tns,AT2026zvt,False
6d369cb3-6b62-4c41-a7c9-5b3ae179a92e,tns,AT2026zvu,False
9e75e6c0-6ffe-4ce2-906e-30e8977809bd,tns,AT2026zvv,False
313d787d-0aae-4c2a-a2c3-ae1c276d0458,tns,AT2026zvw,False
0c7fede7-8cc6-460a-8973-09da2362726f,tns,AT2026zvx,False
e3e74c7e-5d13-4d80-bfdd-fff902a328f3,tns,AT2026zvy,False
e6ee91c1-aecc-4839-b2b9-002e1cca0501,tns,AT2026zvz,False
2ff49329-d002-4758-a13d-e8f616b35ae5,gcn,IceCube-Cascade 260824A,False
2abae88a-2591-4737-ad38-aa70ae9b01b9,tns,AT2026yah,False
2abae88a-2591-4737-ad38-aa70ae9b01b9,tns-astronotes,AT2026yah,False
2abae88a-2591-4737-ad38-aa70ae9b01b9,tns-astronotes,2026yah,False
02ba2cb9-a19d-48cc-a254-f44678cf5dc2,tns-astronotes,AT2025iqp,False
02ba2cb9-a19d-48cc-a254-f44678cf5dc2,tns-public-reports,AT2025iqp,False
02ba2cb9-a19d-48cc-a254-f44678cf5dc2,tns-astronotes,2025iqp,False
02ba2cb9-a19d-48cc-a254-f44678cf5dc2,tns-astronotes,SN2025iqp,False
02ba2cb9-a19d-48cc-a254-f44678cf5dc2,tns-public-reports,PS25bvq,False
40dcd54a-ed15-4cb6-9537-3d70d9a023b6,tns,AT2026zvh,False
ee4d22a6-69c2-4f16-b42f-edeb1991a1bc,tns,AT2026zvj,False
dd5f10d0-157f-4363-9c8c-fb8e8eeaa814,tns,AT2026zvk,False
e160af00-4c66-4448-9853-ab46353120d6,tns,AT2026yvy,False
e160af00-4c66-4448-9853-ab46353120d6,tns-public-reports,AT2026yvy,False
0fad6c27-cf02-47c0-9ea2-e3086762a2fc,gcn,GRB 260825A,False
fca0d809-943d-4012-bb40-46e3aa5e00bf,gcn,Fermi-GBM-809356040,False
fca0d809-943d-4012-bb40-46e3aa5e00bf,gcn,Fermi GBM trigger 809356040,False
fca0d809-943d-4012-bb40-46e3aa5e00bf,gcn,bn260825547,False
abeceb19-78ee-4a6a-8212-5b6bc2179851,tns,AT2026zfr,False
abeceb19-78ee-4a6a-8212-5b6bc2179851,tns-public-reports,AT2026zfr,False
abeceb19-78ee-4a6a-8212-5b6bc2179851,tns-public-reports,ATLAS26kgc,False
abeceb19-78ee-4a6a-8212-5b6bc2179851,tns-public-reports,GOTO26ikn,False
f5af4a56-d2de-4008-82b2-a9836ade8d5f,tns,AT2026zor,False
f5af4a56-d2de-4008-82b2-a9836ade8d5f,tns-public-reports,AT2026zor,False
f5af4a56-d2de-4008-82b2-a9836ade8d5f,tns-public-reports,ATLAS26kmr,False
f5af4a56-d2de-4008-82b2-a9836ade8d5f,tns-public-reports,GOTO26ilh,False
10fb986c-8b69-469e-b89e-585c765fadd2,tns,SN2026xqu,False
777f18c9-88d5-42c9-9cc6-6c3899160e71,tns,AT2026znw,False
b0fdc1cb-bc57-48d5-b27a-a5c79f1efd7b,tns,AT2026zfs,False
b0fdc1cb-bc57-48d5-b27a-a5c79f1efd7b,tns-public-reports,AT2026zfs,False
b0fdc1cb-bc57-48d5-b27a-a5c79f1efd7b,tns-public-reports,ATLAS26kgd,False
139fc462-08f8-458f-bbc3-3b4ef1c210b1,tns,AT2026zfu,False
139fc462-08f8-458f-bbc3-3b4ef1c210b1,tns-public-reports,AT2026zfu,False
139fc462-08f8-458f-bbc3-3b4ef1c210b1,tns-public-reports,ATLAS26kgf,False
c3284f0f-75a1-4502-83a2-bb6c366c11fd,tns,AT2026zvc,False
c3284f0f-75a1-4502-83a2-bb6c366c11fd,tns-public-reports,AT2026zvc,False
c3284f0f-75a1-4502-83a2-bb6c366c11fd,tns-public-reports,ATLAS26knm,False
a856ded8-869f-43c3-b197-492f29fdf487,tns,AT2026zgx,False
a856ded8-869f-43c3-b197-492f29fdf487,tns-public-reports,AT2026zgx,False
a856ded8-869f-43c3-b197-492f29fdf487,tns-public-reports,ATLAS26khe,False
4b06354d-f21e-4d01-afde-f09347db6172,tns,AT2026zuy,False
4b06354d-f21e-4d01-afde-f09347db6172,tns-public-reports,AT2026zuy,False
4b06354d-f21e-4d01-afde-f09347db6172,tns-public-reports,ATLAS26knj,False
dfd398e0-410a-496c-b11b-10210ae47322,tns,AT2026zhn,False
dfd398e0-410a-496c-b11b-10210ae47322,tns-public-reports,AT2026zhn,False
dfd398e0-410a-496c-b11b-10210ae47322,tns-public-reports,ATLAS26khq,False
b4f9ac59-ca1c-4fbb-9426-4c4129444ea5,tns,AT2026zoo,False
b4f9ac59-ca1c-4fbb-9426-4c4129444ea5,tns-public-reports,AT2026zoo,False
b4f9ac59-ca1c-4fbb-9426-4c4129444ea5,tns-public-reports,ATLAS26kmo,False
8d8a5b7a-2fa4-4830-be49-559e12dcc00e,tns,AT2026zkm,False
8d8a5b7a-2fa4-4830-be49-559e12dcc00e,tns-public-reports,AT2026zkm,False
410c11ff-ed95-4043-960a-298309f41b92,tns,AT2026zgr,False
410c11ff-ed95-4043-960a-298309f41b92,tns-public-reports,AT2026zgr,False
410c11ff-ed95-4043-960a-298309f41b92,tns-public-reports,ATLAS26klc,False
410c11ff-ed95-4043-960a-298309f41b92,tns-public-reports,GOTO26ihg,False
410c11ff-ed95-4043-960a-298309f41b92,tns-public-reports,ZTF26abqbjxk,False
8c9982c7-fe6c-4326-8d80-dfe61e20a211,tns,AT2026yzt,False
8c9982c7-fe6c-4326-8d80-dfe61e20a211,tns,SN2026yzt,False
eff97de1-cf1b-470a-92ef-872cf8ca26e1,tns,AT2026zjg,False
eff97de1-cf1b-470a-92ef-872cf8ca26e1,tns-public-reports,AT2026zjg,False
eff97de1-cf1b-470a-92ef-872cf8ca26e1,tns-public-reports,ATLAS26kkb,False
8fe9ba72-e71d-49ba-9dbf-8dc0c32eb3f2,tns,AT2026zfe,False
8fe9ba72-e71d-49ba-9dbf-8dc0c32eb3f2,tns-public-reports,AT2026zfe,False
8fe9ba72-e71d-49ba-9dbf-8dc0c32eb3f2,tns-public-reports,GOTO26ige,False
c26afb55-4f3c-4a1f-b9c6-2b96defe56d1,tns,AT2026zjb,False
c26afb55-4f3c-4a1f-b9c6-2b96defe56d1,tns-public-reports,AT2026zjb,False
c26afb55-4f3c-4a1f-b9c6-2b96defe56d1,tns-public-reports,ATLAS26kjv,False
881d6083-4a87-4162-aad2-aacb1ed1cb0d,tns,AT2026zop,False
881d6083-4a87-4162-aad2-aacb1ed1cb0d,tns-public-reports,AT2026zop,False
881d6083-4a87-4162-aad2-aacb1ed1cb0d,tns-public-reports,ATLAS26kmp,False
836c3e84-00b8-46d2-8f63-eec666c5be0e,tns,AT2026zgy,False
836c3e84-00b8-46d2-8f63-eec666c5be0e,tns-public-reports,AT2026zgy,False
836c3e84-00b8-46d2-8f63-eec666c5be0e,tns-public-reports,PSP26O,False
810976ca-384c-4f9e-8ce9-b7596b28a219,tns,AT2026ziz,False
810976ca-384c-4f9e-8ce9-b7596b28a219,tns-public-reports,AT2026ziz,False
810976ca-384c-4f9e-8ce9-b7596b28a219,tns-public-reports,ATLAS26kjt,False
effddde3-b389-4895-8153-52934a3452b3,tns,AT2026zox,False
3c1c1c8a-320a-4637-9ccf-ff36d2b0c56b,tns,AT2026zva,False
dcee05d7-6cd7-4022-9aa8-f8511af843db,tns,AT2026zfl,False
dcee05d7-6cd7-4022-9aa8-f8511af843db,tns,SN2026zfl,False
d77e4684-2bd9-4ec9-a060-50e5de08b0bc,tns,AT2026ziv,False
d77e4684-2bd9-4ec9-a060-50e5de08b0bc,tns-public-reports,AT2026ziv,False
23e076e0-8c59-4874-a355-6a6afe7f3985,tns,AT2026zeu,False
23e076e0-8c59-4874-a355-6a6afe7f3985,tns-public-reports,AT2026zeu,False
23e076e0-8c59-4874-a355-6a6afe7f3985,tns-public-reports,ATLAS26kfr,False
64256398-5668-48ea-9b85-6f281bd85b68,tns,AT2026zes,False
64256398-5668-48ea-9b85-6f281bd85b68,tns-public-reports,AT2026zes,False
64256398-5668-48ea-9b85-6f281bd85b68,tns-public-reports,ATLAS26kfo,False
42d123f7-401b-4312-88e6-7795a4d18c32,tns,AT2026zhq,False
42d123f7-401b-4312-88e6-7795a4d18c32,tns-public-reports,AT2026zhq,False
42d123f7-401b-4312-88e6-7795a4d18c32,tns-public-reports,ATLAS26khw,False
79e36526-f296-4505-b057-009128ebeace,tns,AT2026zsy,False
79e36526-f296-4505-b057-009128ebeace,tns-public-reports,AT2026zsy,False
0f8e9fbf-45d6-4af3-8e19-726b07ca9967,tns,AT2026zft,False
0f8e9fbf-45d6-4af3-8e19-726b07ca9967,tns-public-reports,AT2026zft,False
0f8e9fbf-45d6-4af3-8e19-726b07ca9967,tns-public-reports,ATLAS26kge,False
0388f5a7-d5f7-4ff0-9eeb-5e0e83323359,tns,AT2026zjv,False
0388f5a7-d5f7-4ff0-9eeb-5e0e83323359,tns-public-reports,AT2026zjv,False
0388f5a7-d5f7-4ff0-9eeb-5e0e83323359,tns-public-reports,ATLAS26kli,False
63f7a26d-b4d0-41ae-8007-dbe74b7168fc,tns,AT2026zny,False
63f7a26d-b4d0-41ae-8007-dbe74b7168fc,tns-public-reports,AT2026zny,False
63f7a26d-b4d0-41ae-8007-dbe74b7168fc,tns-public-reports,ATLAS26kmh,False
08547ad8-d696-47fe-82f0-4cad8151828b,tns,AT2026znz,False
08547ad8-d696-47fe-82f0-4cad8151828b,tns-public-reports,AT2026znz,False
08547ad8-d696-47fe-82f0-4cad8151828b,tns-public-reports,ATLAS26kmi,False
a8288b98-2a45-4559-b14a-c78af4c0e7d7,tns,AT2026zfx,False
a8288b98-2a45-4559-b14a-c78af4c0e7d7,tns-public-reports,AT2026zfx,False
a8288b98-2a45-4559-b14a-c78af4c0e7d7,tns-public-reports,ATLAS26kgi,False
a8288b98-2a45-4559-b14a-c78af4c0e7d7,tns-public-reports,GOTO26iip,False
643cfa33-3a20-401d-a330-5a8a4b6782ab,tns,AT2026yjz,False
643cfa33-3a20-401d-a330-5a8a4b6782ab,tns,SN2026yjz,False
643cfa33-3a20-401d-a330-5a8a4b6782ab,tns-astronotes,AT2026yjz,False
643cfa33-3a20-401d-a330-5a8a4b6782ab,tns-astronotes,2026yjz,False
500d682b-3665-4067-9ed1-216077a6bd65,tns,AT2026zsx,False
500d682b-3665-4067-9ed1-216077a6bd65,tns-public-reports,AT2026zsx,False
500d682b-3665-4067-9ed1-216077a6bd65,tns-public-reports,ATLAS26knf,False
1363053f-9ff9-4716-87fb-1d7663dc5c4e,tns,AT2026zuv,False
1363053f-9ff9-4716-87fb-1d7663dc5c4e,tns-public-reports,AT2026zuv,False
1363053f-9ff9-4716-87fb-1d7663dc5c4e,tns-public-reports,ZTF26abpntyo,False
7e51acc9-43db-4238-8820-f6fe9a5849d6,tns,AT2026zkl,False
7e51acc9-43db-4238-8820-f6fe9a5849d6,tns-public-reports,AT2026zkl,False
9e43a2e4-fde7-4a09-8cb5-02c72f2b181c,tns,AT2026yvz,False
9e43a2e4-fde7-4a09-8cb5-02c72f2b181c,tns-public-reports,AT2026yvz,False
d2a07370-b5e0-4bae-9335-20ad8aac7416,tns,AT2026yad,False
623bde84-2144-4272-9764-18a78ff1690a,tns,SN2023fsi,False
fac9d407-7397-41a0-994c-44b83702def4,tns,AT2026zkv,False
fac9d407-7397-41a0-994c-44b83702def4,tns,SN2026zkv,False
6b5c2d4d-bb6d-4082-83c6-cf516d00621e,tns,AT2026zsr,False
6b5c2d4d-bb6d-4082-83c6-cf516d00621e,tns-public-reports,AT2026zsr,False
6b5c2d4d-bb6d-4082-83c6-cf516d00621e,tns-public-reports,ZTF26abpcixp,False
5db28503-7025-4744-a3b3-f9b7631464e0,tns,AT2026zsc,False
f43ee665-14e2-41bb-8275-9c054a67cb3b,tns,AT2026zsz,False
8061d539-c7ab-4dd5-b164-67fe969fdad8,tns,AT2026zta,False
2a5da5c5-4313-45cc-8ff6-97687035e8fa,tns,AT2023admr,False
455e2a4b-9591-4867-be82-aadd1ae3b9ad,tns,AT2026ztb,False
69dd2db2-c606-4391-80e1-5042abbcd129,tns,AT2026ztc,False
46a83c56-2c4b-4907-a94b-267220446450,tns,AT2026ztd,False
da0619db-5c07-4a91-817e-e29d12dee985,tns,AT2026zte,False
6661d845-5968-45ce-8897-691b5083fd64,tns,AT2026ztf,False
10c9873e-8018-49f5-bd40-a6075c1f5fbe,tns,AT2026ztg,False
ddc2bb2f-f03f-4819-9a4f-059888cf1c6b,tns,AT2026zth,False
e3103fa4-a7e8-4016-9ef7-58198e0c074e,tns,AT2026zti,False
e0392c99-b534-4069-a99d-77e753d947d4,tns,AT2026ztj,False
a92a4e52-88ae-4b6b-9acc-231f3dc224fd,tns,AT2026ztk,False
e3966be7-c601-4758-afa5-6be76ef9e141,tns,AT2026ztl,False
e908be9b-b242-45ea-95f1-e8627a36bea3,tns,AT2026ztm,False
710282d3-ccf6-470a-9b55-7869099fe5bb,tns,AT2026ztn,False
644e7e3b-5304-4807-90e7-1dd1e29c1f6d,tns,AT2026zto,False
2167aeea-b801-41ae-9099-026b13fc7fe6,tns,AT2026ztp,False
c8b10e81-b7ff-40a7-8b7b-83e3ce62ccf9,tns,AT2026ztq,False
24713090-0c74-454e-b536-297a65d80bef,tns,AT2026ztr,False
e7062526-68ae-43e2-85f1-c8d487642525,tns,AT2026zts,False
6f44ae93-abd9-40a0-9eeb-ade77aaff085,tns,AT2026ztt,False
78cfba60-cb54-4f0c-8aa3-a1eb4ecea6c7,tns,AT2026ztu,False
3b56e2c2-33fb-4754-982c-22cb0e4e80f4,tns,AT2026ztw,False
c1a1838f-99d5-4ecc-bfdd-0be12869c4ae,tns,AT2026ztx,False
ead44448-b7a6-4e81-a9a8-4dfd614c4732,tns,AT2026zty,False
b2fd54d2-2002-4666-9531-d46287e8d114,tns,AT2026ztz,False
e935fad8-4603-404f-a297-33909f3e3fda,tns,AT2026zua,False
ce17ee0a-2436-4cb9-b648-182cebbd940a,tns,AT2026zub,False
7f60bcfd-93aa-4578-9abc-14311252ebc7,tns,AT2026zuc,False
334172c5-62c0-40d4-9bdf-45f65690a2eb,tns,AT2026zud,False
41dc9b68-7261-45c7-b6bf-a5bba5499834,tns,AT2026zue,False
fd3088d8-7819-40af-b182-9ce716152643,tns,AT2026zuf,False
5a8fab9d-c3e1-4c7a-ad7a-cdbc8510b98d,tns,AT2026zja,False
280bcf98-4304-459a-b510-7257e9f58d53,tns,AT2026zug,False
6199610e-db9e-499e-98c1-58ce2e710ceb,tns,AT2026zuh,False
1b563cdc-2739-4b03-8cea-9a6d4d0fcb7f,tns,AT2026zui,False
a89a1d01-6cef-421e-9366-2bab5eb1bd2c,tns,AT2026zuj,False
d57e6566-feda-433c-9b02-329aea2ccef6,tns,AT2026zuk,False
b88865f8-785b-4089-a79c-48ce065e583e,tns,AT2026zul,False
4c3c7e48-8cc8-47fe-ae1c-aa32b76156fa,tns,AT2026zum,False
878870da-ebd7-4637-9d54-f7a3871ddd56,tns,AT2026zod,False
af78e7ae-1cce-4428-8aea-0ebce3acf539,tns,AT2026zun,False
3ca0d005-4763-4be3-9465-be08ab69fa27,tns,AT2026zuo,False
f4a6a561-a46a-4904-90fa-82eb7919628f,tns,AT2026yhe,False
f4a6a561-a46a-4904-90fa-82eb7919628f,tns,SN2026yhe,False
7c54b3a0-65df-491f-a6af-e377b5b1e1b9,tns,AT2026wmw,False
7c54b3a0-65df-491f-a6af-e377b5b1e1b9,gcn,Chime-1174605973,False
7c54b3a0-65df-491f-a6af-e377b5b1e1b9,gcn,1174605973,False
a88d6195-6cdd-469f-bf51-1163dc05fccb,gcn,Chime-1174605968,False
a88d6195-6cdd-469f-bf51-1163dc05fccb,gcn,1174605968,False
656cb6bb-bcb4-4e71-ae20-359779006dc1,gcn,Chime-1174588599,False
656cb6bb-bcb4-4e71-ae20-359779006dc1,gcn,1174588599,False
ab2dc607-2ee9-4700-9ce5-66fc629e9c5d,tns,AT2026zsw,False
3c6a7a27-a3ff-4ac0-99e6-a732f4a6943f,tns,AT2026zkk,False
3c6a7a27-a3ff-4ac0-99e6-a732f4a6943f,tns,SN2026zkk,False
20946a0e-8aae-4339-85b5-fd22331a47b6,tns,AT2026zjd,False
20946a0e-8aae-4339-85b5-fd22331a47b6,tns-public-reports,AT2026zjd,False
20946a0e-8aae-4339-85b5-fd22331a47b6,tns-public-reports,ATLAS26kjx,False
20946a0e-8aae-4339-85b5-fd22331a47b6,tns-public-reports,GOTO26ikl,False
0e2e4bc7-00fe-45da-9a8a-8114697026e5,tns,AT2026zjk,False
0e2e4bc7-00fe-45da-9a8a-8114697026e5,tns-public-reports,AT2026zjk,False
0e2e4bc7-00fe-45da-9a8a-8114697026e5,tns-public-reports,ATLAS26kkf,False
5bf29f0e-eb75-4b2c-839e-bfcce7c27cbc,tns,AT2026zsv,False
0e26aaec-9fa7-4fc6-a427-e8bdbd8f700d,tns,AT2026zhm,False
0e26aaec-9fa7-4fc6-a427-e8bdbd8f700d,tns-public-reports,AT2026zhm,False
0e26aaec-9fa7-4fc6-a427-e8bdbd8f700d,tns-public-reports,ATLAS26khp,False
18b9d780-1846-4aca-96bf-f1dbdb315c58,tns,AT2026zha,False
18b9d780-1846-4aca-96bf-f1dbdb315c58,tns-public-reports,AT2026zha,False
18b9d780-1846-4aca-96bf-f1dbdb315c58,tns-public-reports,ATLAS26khn,False
18b9d780-1846-4aca-96bf-f1dbdb315c58,tns-public-reports,GOTO26ihm,False
f755ccf7-e7ad-44ad-8776-3548b692f19d,gcn,EP260812a,False
204155c0-5509-4658-b018-da50fea2c736,gcn,IceCube-260805A,False
204155c0-5509-4658-b018-da50fea2c736,gcn,142956_64385264,False
fd8b369b-5762-4ba4-aaa4-050c0da2515c,gcn,GRB 260805A,False
acd0623c-a9cc-44a4-b368-9cf33d553d83,gcn,AT2026wki,False
acd0623c-a9cc-44a4-b368-9cf33d553d83,tns-astronotes,AT2026wki,False
acd0623c-a9cc-44a4-b368-9cf33d553d83,tns-astronotes,2026wki,False
51e1945b-114c-44c0-be02-427e6510af61,gcn,GRB 260802B,False
d6bfdbd7-c416-4e69-8de6-1b04a8ab1211,gcn,IceCube-260807A,False
d6bfdbd7-c416-4e69-8de6-1b04a8ab1211,gcn,142963_68892416,False
03a388a5-5ce2-46fb-a44f-1e6b0751ea25,gcn,IceCube-260722A,False
03a388a5-5ce2-46fb-a44f-1e6b0751ea25,gcn,142900_47091427,False
617faab3-8ac3-4321-8a08-e42f0fb02cd0,gcn,GRB 260808A,False
07e63090-a49a-401f-b852-483d850bdbf9,gcn,IceCube-Cascade 260801A,False
07e63090-a49a-401f-b852-483d850bdbf9,gcn,AMON 142940_41461633,False
07e63090-a49a-401f-b852-483d850bdbf9,gcn,IceCubeCascade-260801a,False
08094f20-4698-494b-94c1-c034055ab25a,gcn,GRB 260708A,False
1ac8eecc-f9a3-4819-98f9-8f7100892064,gcn,GRB 260727A,False
d878e679-67bb-41fa-bfa3-23115ead237d,gcn,EP260809a,False
cbffad42-51cb-43a4-9566-7fff395886c7,gcn,GRB 260802A,False
1f44f479-0932-4e55-993b-5e87073d874f,tns,AT2026zis,False
1f44f479-0932-4e55-993b-5e87073d874f,tns-public-reports,AT2026zis,False
1f44f479-0932-4e55-993b-5e87073d874f,tns-public-reports,ATLAS26klb,False
1f44f479-0932-4e55-993b-5e87073d874f,tns-public-reports,GOTO26iim,False
b92d2c67-791a-40ac-8a52-51fac88ae75d,tns,AT2026ziw,False
2da9536e-69b3-4e3f-a9e3-6f8bdf345401,tns,AT2026zsu,False
8b96c3ac-3aba-4f36-b6dc-152193644d74,tns,AT2026zss,False
0bb52d46-05ed-4be7-8188-f49d05165825,gcn,GRB 260818A,False
cdb51581-25a9-46a2-af9d-c3fed585791b,tns,SN2026yae,False
0155289e-6a73-4081-aeeb-5f2e32f22569,tns,AT2026zsm,False
f91e0340-2d8c-41fd-b092-93a25be92b3b,tns,AT2026vdp,False
409fbfff-8c1d-4fd7-a8f5-f377bc8c2a6c,tns,AT2026zso,False
65f54821-d266-4abc-84ea-39b1ca21c263,tns,AT2026xzs,False
3e8e0ae9-3e97-47d4-be5d-5023208196bc,tns,AT2026zsp,False
f3cf7a8d-8daf-4e55-a4e2-25beee88477f,tns,AT2026zsq,False
c9d72f12-556b-4f94-9f82-d2e622d1ade7,tns,AT2026zst,False
bfb91256-5c46-4b00-bec4-eaa5cb410d7d,tns,AT2025lop,False
411d59bf-d113-45af-9f91-d82431b60750,tns,AT2026zht,False
411d59bf-d113-45af-9f91-d82431b60750,tns-public-reports,AT2026zht,False
411d59bf-d113-45af-9f91-d82431b60750,tns-public-reports,ATLAS26kio,False
411d59bf-d113-45af-9f91-d82431b60750,tns-public-reports,GOTO26ilk,False
0b3c9ea8-6cfb-4492-8140-0799157f69ca,tns,AT2026zhl,False
0b3c9ea8-6cfb-4492-8140-0799157f69ca,tns-public-reports,AT2026zhl,False
0b3c9ea8-6cfb-4492-8140-0799157f69ca,tns-public-reports,ATLAS26kho,False
d8974fe4-6cd4-4177-af32-d3f5d4874dc2,tns,AT2026ziu,False
2840a6ac-31c6-4d12-b685-2833d7fbc5be,tns,AT2026zer,False
2840a6ac-31c6-4d12-b685-2833d7fbc5be,tns-public-reports,AT2026zer,False
2840a6ac-31c6-4d12-b685-2833d7fbc5be,tns-public-reports,ATLAS26kfn,False
0eec3b89-c1eb-41e4-b293-70f90905ec0d,tns,AT2026yzg,False
0eec3b89-c1eb-41e4-b293-70f90905ec0d,tns-public-reports,AT2026yzg,False
0eec3b89-c1eb-41e4-b293-70f90905ec0d,tns-public-reports,ATLAS26kbx,False
0c8de329-d0c0-40ac-8b30-dd37218b72a5,gcn,Chime-1173787982,False
0c8de329-d0c0-40ac-8b30-dd37218b72a5,gcn,Chime-1174047852,False
0c8de329-d0c0-40ac-8b30-dd37218b72a5,gcn,1173787982,False
0c8de329-d0c0-40ac-8b30-dd37218b72a5,gcn,1174047852,False
3f84d27a-1d26-4019-b0e8-44ab290f0168,tns,AT2026znk,False
efe2e9bb-ba1d-49f3-a5eb-630995061e7c,tns,AT2026zok,False
efe2e9bb-ba1d-49f3-a5eb-630995061e7c,tns-public-reports,AT2026zok,False
efe2e9bb-ba1d-49f3-a5eb-630995061e7c,tns-public-reports,GOTO26ikz,False
13a1a203-0bb7-4896-a3df-c3fe58517443,gcn,Chime-1173887183,False
13a1a203-0bb7-4896-a3df-c3fe58517443,gcn,1173887183,False
d2bfd9b9-b0e5-4caa-8c24-934d63b9a3ef,tns,AT2026zoi,False
d2bfd9b9-b0e5-4caa-8c24-934d63b9a3ef,tns-public-reports,AT2026zoi,False
d2bfd9b9-b0e5-4caa-8c24-934d63b9a3ef,tns-public-reports,ATLAS26kna,False
d2bfd9b9-b0e5-4caa-8c24-934d63b9a3ef,tns-public-reports,GOTO26ilc,False
84aedda0-e313-418a-a844-99f0cd4a1665,tns,AT2026zoc,False
84aedda0-e313-418a-a844-99f0cd4a1665,tns-public-reports,AT2026zoc,False
84aedda0-e313-418a-a844-99f0cd4a1665,tns-public-reports,ATLAS26kml,False
0b54aca8-9375-4821-8e04-112117fc45d5,gcn,Chime-1174146618,False
0b54aca8-9375-4821-8e04-112117fc45d5,gcn,1174146618,False
d38e8636-4a81-4306-b3fb-a011c6d7e94e,gcn,Chime-1173912344,False
d38e8636-4a81-4306-b3fb-a011c6d7e94e,gcn,1173912344,False
31098190-1116-4dd9-914f-6218be78e9e9,tns,AT2026zsk,False
31098190-1116-4dd9-914f-6218be78e9e9,tns-public-reports,AT2026zsk,False
31098190-1116-4dd9-914f-6218be78e9e9,tns-public-reports,GOTO26ilu,False
5ebebdf1-98d2-4ab8-9676-1074b90a985b,tns,AT2026zon,False
5ebebdf1-98d2-4ab8-9676-1074b90a985b,tns-public-reports,AT2026zon,False
5ebebdf1-98d2-4ab8-9676-1074b90a985b,tns-public-reports,ATLAS26kmm,False
2d11abfb-0a19-4303-a3b9-3453302f995c,tns,AT2026zoq,False
2d11abfb-0a19-4303-a3b9-3453302f995c,tns-public-reports,AT2026zoq,False
2d11abfb-0a19-4303-a3b9-3453302f995c,tns-public-reports,ATLAS26kmq,False
c63961cb-919a-4faa-87ca-9f85d18fc66a,tns,AT2026zob,False
c63961cb-919a-4faa-87ca-9f85d18fc66a,tns-public-reports,AT2026zob,False
c63961cb-919a-4faa-87ca-9f85d18fc66a,tns-public-reports,ATLAS26kmk,False
de32008b-a169-494c-bb9d-ed69ff8b63ce,tns,AT2026zng,False
de32008b-a169-494c-bb9d-ed69ff8b63ce,tns-public-reports,AT2026zng,False
de32008b-a169-494c-bb9d-ed69ff8b63ce,tns-public-reports,ZTF26abqckof,False
645b2ae4-124f-4805-9ed3-2edafbf95937,tns,AT2026xkp,False
645b2ae4-124f-4805-9ed3-2edafbf95937,tns-astronotes,AT2026xkp,False
645b2ae4-124f-4805-9ed3-2edafbf95937,tns-astronotes,2026xkp,False
645b2ae4-124f-4805-9ed3-2edafbf95937,tns-astronotes,SN2026xkp,False
1c8a5ddc-0f15-4a5e-bf76-275b3f7164d3,gcn,IceCube-260821A,False
1c8a5ddc-0f15-4a5e-bf76-275b3f7164d3,gcn,143020_51776820,False
ed6b4113-78df-4316-84c5-5391005802bf,tns,AT2026zsl,False
202e0fc2-7fef-448e-8b36-0c5d25458c0c,tns,AT2026zsg,False
bd5763f1-120e-49db-968a-e5a27ab20c47,tns,AT2026zsh,False
cc8ac9e6-c3ca-4927-ad4e-4ea29e8ee1d3,tns,AT2026zsi,False
ed76f550-8dce-43e1-929b-08c806966341,tns,AT2026zsj,False
d0ff0487-4a6f-4fd9-90ab-04fe5bedde73,tns,AT2026yzi,False
9a70fb74-d8bd-48a9-b035-0c525182b1e5,tns,AT2026zse,False
817c42ae-d05f-4704-b362-878340609821,tns,AT2026zsf,False
648ba6b2-795f-47f3-b396-4f6c1ee90d1b,tns,AT2026zoz,False
496cb81c-fd5e-405a-862c-5abe8d039e07,tns,AT2026zpa,False
9170e9f2-e0e7-4252-941b-008a023eee5c,tns,AT2025anae,False
3a8a70aa-dd2d-45e9-824d-7347257eef35,tns,AT2026zpb,False
60be9d3e-ef36-4cf7-8deb-12de4d0db1da,tns,AT2026zpc,False
ba900671-0aad-44d0-8a0e-7d0425448933,tns,AT2026zpd,False
bf90bbc1-5d23-401e-81a0-aa73362ede0f,tns,AT2026zpe,False
0d5f7381-d2de-4067-a97b-7d93eb0c3cd5,tns,AT2026zpf,False
2932dad6-f31a-49ac-8c52-7068208f0bae,tns,AT2026zpg,False
c0b67049-4309-4885-b4d9-de3df0d3f09a,tns,AT2026zpi,False
5bf08b93-a6da-4052-8bf8-c76f9e2746c9,tns,AT2026zph,False
0ad08547-061a-44f4-a63f-6b801dd59c3b,tns,AT2026zpj,False
63fb7fb8-b13e-47a2-9edb-e9d1bed52ffc,tns,AT2026zpk,False
f3c71aa6-241d-4200-a9ed-10c3b1fd1704,tns,AT2026zpl,False
2ca52e06-f6d3-419c-8030-fc9155b02166,tns,AT2026zpm,False
63d3cea0-7058-4bbf-8fa0-d4c5b274aaa4,tns,AT2026zpn,False
13c38b4b-2655-40d3-bbd0-481c83f524d2,tns,AT2026zpo,False
5de3f01f-362a-4b8b-9df7-b64d7f2d91fe,tns,AT2026zpp,False
c5cd2149-cddf-4c89-9308-be371227622c,tns,AT2026zpq,False
344adf88-dc50-4b4b-9018-0cd8d9b54d05,tns,AT2026zpr,False
1c2db4b0-9893-4d0d-a210-bab6b3c2b9f7,tns,AT2026zps,False
1dfd1af3-f976-4239-b27d-bd747483041e,tns,AT2026zpt,False
25677513-60f2-4c8e-81db-cb46b3d52aa0,tns,AT2026zpu,False
c7767702-8b3e-4f6b-a6b6-282a29e2691f,tns,AT2026zpv,False
db6536e2-d7f1-4092-a132-dfe275f6ae48,tns,AT2026zpw,False
598a6b99-fe39-4cfd-b6ef-74925afa5213,tns,AT2026zpx,False
1e13ac69-783d-4659-af40-ebab63ebe1c1,tns,AT2026zpy,False
aa040cf9-c23b-4880-9475-ca87d1e8f801,tns,AT2026zpz,False
fc530adc-8ea3-4dee-9661-77611c3a73e8,tns,AT2026zqa,False
5dde241d-7e9d-48eb-9be3-b74c865b1c4b,tns,AT2026zqb,False
80c84bfb-b15d-463d-be43-2658bfb8fe8e,tns,AT2026zqc,False
4b3a82cb-ecaf-4871-8eeb-92df2632d3d1,tns,AT2026zqd,False
bc0ee63f-daa0-4160-b870-c8b4814bdbeb,tns,AT2026zqe,False
16271864-25d3-433d-a277-57b9e053ecf4,tns,AT2026zqf,False
e39cc282-84f1-43cb-bee6-1eec951585dc,tns,AT2026zqg,False
a53a350f-903b-4ecd-96c8-62ed3bafcec1,tns,AT2026zqh,False
eac1231e-3588-46d6-b1e9-a286d665d337,tns,AT2026zqi,False
499562bf-fd9c-4118-ab45-7b70eade8766,tns,AT2026zqj,False
25ce0b0b-c6c6-4390-a638-c6b94afd6a21,tns,AT2026zqk,False
5336dbf0-77c6-4f05-a680-9eceff528431,tns,AT2026zql,False
0785920e-41e3-4d58-bcc5-d6bd38335de7,tns,AT2026zqm,False
bd14aae1-a7df-4d46-bb13-2151fb9e9292,tns,AT2026zqn,False
5dfd6e72-625e-4c03-8507-fef9141dbfc1,tns,AT2026zqo,False
f21b7f76-3a2f-40f7-b98d-742feae51e05,tns,AT2026zqp,False
d27fd5e1-e073-4dff-af0b-83a05dea3c51,tns,AT2026zqq,False
ccd645e1-ab78-442c-a8c3-41f22be23a1b,tns,AT2026zqr,False
496d87cc-61ab-44a4-9245-58fecbf75335,tns,AT2026zqs,False
327455e5-643c-4ad3-9180-5467b01a0a2a,tns,AT2026zqt,False
7593b2ce-27f3-4319-b220-a6ddfa153cee,tns,AT2026zqu,False
b814232d-ac1d-462b-85e0-bcc881d8ca96,tns,AT2026zqv,False
5407ba86-792b-44b2-a214-1fe2692dea32,tns,AT2026zqw,False
da6c693c-115b-42c1-bc6a-f5ba674d8ab8,tns,AT2026zqx,False
1eb9450f-2935-4a3c-aabe-858fa762d58e,tns,AT2026zqy,False
f024a206-7f73-41ae-8c0e-9f0c23e85480,tns,AT2026zqz,False
d8a9c1fd-326f-41ec-8805-95aef3356903,tns,AT2026zra,False
82771674-2807-42c4-abd5-19aa15087d31,tns,AT2026zrb,False
6f981c9c-3b4a-445c-b1ab-dbb855b5edec,tns,AT2026zrc,False
8331eefa-e9f6-43f5-8f8a-7ca635729dd6,tns,AT2026zrd,False
a4c66f56-27ca-459f-9f74-9bccd926aa1c,tns,AT2026zre,False
e5647495-3a49-42bf-97cd-026c35e818b3,tns,AT2026zrf,False
9a76c9d0-0cc6-4685-b1f2-7b12b40a8efd,tns,AT2026zrg,False
a0d929cc-49d8-4cc0-b961-e976d9b787fe,tns,AT2026zrh,False
a05b5252-ce90-4c84-be66-f8e3a3466c83,tns,AT2026zri,False
0390a49e-5140-46f7-b816-7b3f681ed09a,tns,AT2026zrj,False
29bc70ea-9dea-4df0-be24-5ac8ebd7514f,tns,AT2026zrk,False
0b664928-bfd9-4f54-9dad-0d434f6f6faf,tns,AT2026zrl,False
bdae614d-fbfb-424f-97bf-c077ff04e69b,tns,AT2026zrm,False
e1f21704-2634-40d6-b3cd-087b8ebac897,tns,AT2026zrn,False
fd68ee16-1185-48d6-90de-28f05bb5250a,tns,AT2026zro,False
8f9a107b-bbe4-4791-b894-87520bdc03b6,tns,AT2026zrp,False
4aa39968-bed6-41ac-8d34-12dbdfc9c741,tns,AT2026zrq,False
3ea0c7f6-ca23-42e8-aca3-833d4f52f703,tns,AT2026zrr,False
5764475e-ebe7-4484-b87a-37d2eef6ec7f,tns,AT2026zrs,False
f30a6e69-df78-4a1e-bc14-46e6d11a1b54,tns,AT2026zrt,False
93f32db4-9fdd-43bc-aaf4-c4f5512f93f3,tns,AT2026zru,False
ea981977-2ce6-49d8-8672-a22b1bf9a4e4,tns,AT2026zrw,False
8de8464c-27b8-4f76-80b8-40c194f87078,tns,AT2026zrv,False
c7b7d625-aca3-4a3b-8313-7e7c4a86ffba,tns,AT2026zrx,False
0832d66c-e136-441d-83ce-87bdffac0bfa,tns,AT2026zry,False
94383991-6460-420a-bd44-c35a7934b14c,tns,AT2026zrz,False
e326e4ec-5cfa-4b5f-a845-9aad8b64c818,tns,AT2026zsa,False
f3cbe7b3-92ff-4447-b3a2-cf8171532c76,tns,AT2026zjl,False
89a83bee-ae70-4317-8277-ff00ce2c6828,tns,AT2026zou,False
95aec84c-f1f8-4c2f-bb09-a0949c36c67a,tns,AT2026zov,False
6eac02c3-03b4-4ad1-89b4-218262a1d9b3,tns,AT2026zow,False
a0d7e553-0e47-4c06-9ead-f5cec77103fc,tns,AT2026zoe,False
91791ffa-91f4-4bf6-b298-c85df4ca372f,tns,AT2026zoh,False
d8d45bd8-999c-4d5f-a46b-05fa7c7897fd,tns,AT2026zoj,False
b818a753-3bc8-4ce9-8b52-ea1f0eb9bbb7,tns,AT2026zol,False
49a07446-c220-4ebe-9da8-d452f2751630,tns,AT2026znj,False
c318e344-2f6d-420b-ae59-016216c9c95b,tns,AT2026zom,False
48f2c3fa-1209-4b0b-a9c9-6c7c502eb005,tns,AT2026zos,False
210b8a89-9e06-46ca-88b6-6c3d4ff3ff30,tns,AT2026znx,False
c39f02b8-84d2-43bf-90d1-e4ccdd4600f2,tns,AT2026zmq,False
b5fee785-cb8d-4b1f-8a7e-1895d0bb0500,tns,AT2026yff,False
75e91890-faff-4b71-9e19-40244d08c194,tns,AT2026zmw,False
0ba94226-4eab-4421-a934-06eddabf3e2e,tns,AT2026znl,False
626068ba-d377-4174-9b67-d2a81fd0fd74,tns,AT2026znm,False
e2e41053-cb5a-481f-b71d-0fc64ce082c4,tns,AT2026znn,False
d7c1fb06-0d38-4a47-93af-5d8351de00c2,tns,AT2026zno,False
c73f48f2-7a06-4c73-95f9-b60708ed6595,tns,AT2026znp,False
266607b4-ae73-4f7b-8279-5e73b8ca6ba2,tns,AT2026znq,False
8be14d9a-c609-4694-9724-46efa325754c,tns,AT2026znr,False
54f0024c-c61e-4898-be8a-b46c686a2bef,tns,AT2026zns,False
53b7a768-0ed8-48a8-82a0-8798fc92096a,tns,AT2026znt,False
9d0d4a68-d8c4-467e-ae5c-57e306e4ca91,tns,AT2026znu,False
0b08d680-2c0a-4d75-89c7-fb99a2571350,tns,AT2026znv,False
eaf42372-3df1-46fa-a78c-a46e871822d1,tns,AT2026zjc,False
c191eba7-739e-4a89-98c3-43046d920b8c,tns,AT2026zmb,False
00ddd775-7759-4bae-b814-b5b89f633e95,tns,AT2026zkc,False
da4f4d67-c18f-4125-b73a-8f347ccde6c7,gcn,Fermi-GBM-809122868,False
da4f4d67-c18f-4125-b73a-8f347ccde6c7,gcn,Fermi GBM trigger 809122868,False
da4f4d67-c18f-4125-b73a-8f347ccde6c7,gcn,bn260822848,False
8de4cbd4-8fe0-44bf-80e1-2af29ca36120,tns,AT2026zni,False
6124a5c8-160a-4c02-a133-2bc90093936e,gcn,GRB 260822B,False
9c6b7d8e-21b7-4e08-bdc9-2c04fbe68d2f,tns,AT2026znb,False
3360364b-42f0-40a6-91f3-8a4866411f95,tns,AT2026znc,False
f7c69f87-4b28-4a98-829a-915a4bc64e2d,tns,AT2026znd,False
214fac03-1100-4dff-bb59-e6b8d4d4f68f,tns,AT2026zne,False
a1798670-2c3d-4f46-8036-1ef4e945ad37,tns,AT2026znf,False
83da9ce6-5001-47dd-b4e8-6c13f70c58b9,gcn,EP260723a,False
675ad02e-13ee-47cb-b15d-c5b7c88aa599,tns,AT2026zmo,False
7a29d05b-8166-4d3e-834a-b8e010bbb866,tns,AT2026zmr,False
6874bdf6-8560-4982-a75f-bedf25963043,tns,AT2026zmt,False
ac78af34-0e49-40c3-99f9-66226a1791c1,tns,AT2026zmu,False
b7b9cd5e-8d39-4e5c-918f-ad98a165945c,tns,AT2026zmv,False
c52dcee8-3711-45bf-ab92-faf8b0f299c2,tns,AT2026zmx,False
2c30ae0b-24cc-42cc-8f04-879ecd63428d,tns,AT2026zmy,False
5dccd11b-ba3f-40da-b8f1-df60c7db4dbe,tns,AT2026zmz,False
ca66c8bb-b4c4-4b9e-b113-e7fdadaf409e,tns,AT2026zmc,False
10bd0ee3-3c34-4acc-96af-85c62c590e52,tns,AT2026zas,False
817ee2f2-457c-40a8-ae13-153d292e6077,tns,AT2026zec,False
817ee2f2-457c-40a8-ae13-153d292e6077,tns,SN2026zec,False
a65b44e4-a7ee-41b6-aa3c-679e0c227892,tns,AT2025anad,False
659a2780-8147-457a-9011-fc3732947426,tns,AT2026zmd,False
b3dc5b5a-112e-4b52-8f0d-2eaa49e1531c,tns,AT2026zme,False
b93cb1f6-b092-4acc-b24b-9a89d39c3be9,tns,AT2026zmf,False
b55e54ba-5aa4-4a59-9268-7a89314fa206,tns,AT2026zmg,False
beba57af-d54c-4fa5-9fc4-e2469c8ce97d,tns,AT2026zmh,False
ec16bb70-1aa3-430c-9762-7c5a1799eeda,tns,AT2026zmi,False
d23f6a14-9816-4bbb-9e71-474b30eef320,tns,AT2026zmj,False
98d4ce5b-17ee-4f6f-968e-c9cb449e132f,tns,AT2026zmk,False
b304ed4a-2158-43a9-b196-c96c49f6624a,tns,AT2026zml,False
70edf1ee-1961-4e7e-bc66-a494d1ac561e,tns,AT2026zgb,False
0d3b745b-1cd4-4c33-b4d7-2dd271dd989c,tns,AT2026zmm,False
2c00171c-1765-44c1-9186-736819bc68fe,tns,AT2026zgt,False
2c00171c-1765-44c1-9186-736819bc68fe,tns-public-reports,AT2026zgt,False
2c00171c-1765-44c1-9186-736819bc68fe,tns-public-reports,GOTO26ihj,False
ba251791-97c2-4f88-8d3e-a702c77e3f1c,tns,AT2026zjw,False
ef0a33db-ea13-4e41-8f26-166f7ff50b68,tns,AT2018mve,False
91ce70a0-a761-4f82-a2d7-e601fe5fad3b,tns,AT2026zkx,False
2aeda4b3-0ba5-4599-9d6c-7b6973a372af,tns,AT2026zky,False
29672842-b595-423c-87d8-bd36bf683213,tns,AT2026zla,False
ef3d831d-9d6e-4dff-9fd2-27fdbc3185e2,tns,AT2026zkz,False
ada28b0c-1aa4-496e-bf3e-313bf1f727d5,tns,AT2026zlb,False
a13b61f8-32ef-4f26-bb94-607e8db4d91a,tns,AT2026zlc,False
16e119a8-bda0-4eea-bb8c-abb329bafa16,tns,AT2026zld,False
4733932f-f271-4b1f-9927-38ee210c7a11,tns,AT2026zle,False
d5946474-3277-4183-8e47-0b0d1426b158,tns,AT2026zlf,False
3c1cc5a5-d415-4702-b430-8597c04e355e,tns,AT2026zlg,False
ebf5bf89-561d-430a-849e-e282d8d7fbcc,tns,AT2026zli,False
f181fb07-5b6c-4979-9a0b-5a9982dbe708,tns,AT2026zlh,False
4e693040-994b-4e23-8e85-99e798f51478,tns,AT2026zlj,False
c1187da0-dfb2-4732-a2b1-ff4bcb2cb474,tns,AT2026zlo,False
88699101-c93d-4ffa-a059-6d9c121affc3,tns,AT2026zlk,False
72bb156e-e0c6-49eb-856a-dc20d22074ff,tns,AT2026zll,False
d03a0256-a1ad-44df-afd2-afde4c21a707,tns,AT2026zlm,False
e572c8a2-81c5-4ec4-bc3b-157b85874625,tns,AT2026ymm,False
583f2589-6155-4419-9bca-0963ffd1f88f,tns,AT2026zln,False
93e87fde-3643-4e35-ab58-b27c9517ea6d,tns,AT2026zlp,False
9df5bf36-ef0a-4cd9-b518-e5ad3a28f94a,tns,AT2026zag,False
a8db0b02-a14b-4a66-a4fd-c12655c240c7,tns,AT2026zlq,False
0502bcf5-6b04-4feb-9cd7-9cd782809c77,tns,AT2026zlr,False
a25ec59b-ab6d-48d4-9cc0-c2448b1b3512,tns,AT2026yag,False
56c6a511-a247-4848-97ab-40c1cba5344d,tns,AT2026zls,False
22bac339-ac78-4144-a776-77b3ba48a76a,tns,AT2026zlt,False
11232a74-9734-4956-9af8-7fd10998dd81,tns,AT2026zlu,False
08d04df8-5dfe-4d13-afb2-233975b7c02a,tns,AT2026zlv,False
bf2db104-fdd2-481f-8bc5-32a876609110,tns,AT2026zlw,False
cf56e8e7-26bb-4c75-9786-c0cc79d90cf9,tns,AT2026zlx,False
feeac3e0-c84b-4da3-ae44-ca8c4e7643cc,tns,AT2026zly,False
d73e92cc-1483-4a15-be3a-3079bd41f40b,tns,AT2026zlz,False
87431f9e-ab54-4f35-a68b-de514f6ebcfb,gcn,Chime-1174466460,False
87431f9e-ab54-4f35-a68b-de514f6ebcfb,gcn,1174466460,False
032df5de-cfe6-4dba-8b49-a49002fd2dd7,tns,SN2026yka,False
cf412382-9ea6-42ea-a63c-03d5673a4977,tns,AT2026zku,False
57122233-0b6b-4548-aff1-05c05bb233f9,tns,AT2026xkr,False
57122233-0b6b-4548-aff1-05c05bb233f9,tns,SN2026xkr,False
4240b7da-9ff5-4d87-9d83-2b13ae3a70d6,tns,AT2025amze,False
91d6cfc5-b25a-47fc-85d0-168780ef90da,tns,AT2026zfn,False
dfd52f53-24f1-479f-93c4-b7d0535b26df,tns,AT2026zkt,False
937bcb80-a930-4c43-8f0d-774daebb80a1,tns,AT2026yta,False
937bcb80-a930-4c43-8f0d-774daebb80a1,tns-public-reports,AT2026yta,False
937bcb80-a930-4c43-8f0d-774daebb80a1,tns-public-reports,ATLAS26jwe,False
937bcb80-a930-4c43-8f0d-774daebb80a1,tns-public-reports,ZTF26abnlxlo,False
40eff422-b33b-498b-b9ea-4de1242f3c51,tns,AT2026zcp,False
40eff422-b33b-498b-b9ea-4de1242f3c51,tns-public-reports,AT2026zcp,False
40eff422-b33b-498b-b9ea-4de1242f3c51,tns-public-reports,ZTF26abpcfsp,False
0b09722f-2040-463a-a184-5464d02510c2,tns,AT2026zks,False
f3a0a7f4-3a21-4446-bf09-2ed1d9a7cf1a,tns,AT2026wpc,False
f3a0a7f4-3a21-4446-bf09-2ed1d9a7cf1a,tns,SN2026wpc,False
00c2fa6b-8390-43bd-8c2a-7f6500a2a5fe,tns,AT2026wfr,False
00c2fa6b-8390-43bd-8c2a-7f6500a2a5fe,tns,SN2026wfr,False
f0389715-f5a4-47b7-b021-27cf5a846741,tns,SN2026rio,False
f132b90c-3f21-45bf-bebf-257ae49b0c7e,tns,SN2026okn,False
039c90a8-3596-4ada-a1e5-a297783821a1,tns,AT2026zkn,False
bbd79938-92de-4e71-9070-5ecad629df35,tns,AT2026zko,False
7ccd098e-6e99-4e60-abc0-0102133907c3,tns,AT2026zkp,False
8b78fb6e-050a-4fdb-8d8e-0d7995f2620b,tns,AT2026zkq,False
4b7eddee-124e-4241-8a04-3451f648e0aa,tns,SN2026wjn,False
b7c91887-9b68-4392-92a9-3afd284953c9,tns,AT2026xkn,False
b7c91887-9b68-4392-92a9-3afd284953c9,tns,SN2026xkn,False
d8dd1809-41b6-42b9-b5ae-ac074692beb1,tns,AT2026zkb,False
661a6af8-3c5c-4c7d-81ee-3fe5bce2fae2,tns,AT2026zbo,False
d2df659f-5a0d-4db3-9e3e-318c212471f3,tns,AT2026zcr,False
87c39d1b-287f-44e3-b9ed-ce452d5baf0d,tns,AT2026zek,False
7bf434b5-c596-4430-b5c3-d848a75cacef,tns,AT2026zkd,False
8396aa87-d8da-4b62-b971-cd9df540f5d6,tns-astronotes,AT2026pjp,False
8396aa87-d8da-4b62-b971-cd9df540f5d6,tns-astronotes,2026pjp,False
8396aa87-d8da-4b62-b971-cd9df540f5d6,tns-astronotes,SN2026pjp,False
cbda54dc-d348-4c42-848d-45522efae1d6,tns-astronotes,AT2026pjb,False
cbda54dc-d348-4c42-848d-45522efae1d6,tns-astronotes,2026pjb,False
cbda54dc-d348-4c42-848d-45522efae1d6,tns-astronotes,SN2026pjb,False
b1ac67fb-8868-4465-9e8b-8d0133ad7e8f,tns-astronotes,AT2026pkj,False
b1ac67fb-8868-4465-9e8b-8d0133ad7e8f,tns-astronotes,2026pkj,False
b1ac67fb-8868-4465-9e8b-8d0133ad7e8f,tns-astronotes,SN2026pkj,False
cbd62896-1f48-4553-9e83-f793c4c61888,tns-astronotes,AT2026ozl,False
cbd62896-1f48-4553-9e83-f793c4c61888,tns-astronotes,2026ozl,False
cbd62896-1f48-4553-9e83-f793c4c61888,tns-astronotes,SN2026ozl,False
dc88b57d-c8a6-4e58-a1f4-f10528ca0f70,tns-astronotes,AT2026pes,False
dc88b57d-c8a6-4e58-a1f4-f10528ca0f70,tns-astronotes,2026pes,False
dc88b57d-c8a6-4e58-a1f4-f10528ca0f70,tns-astronotes,SN2026pes,False
738871ea-4297-4073-a43e-2295bfa5c807,tns,AT2026ywa,False
738871ea-4297-4073-a43e-2295bfa5c807,tns,SN2026ywa,False
738871ea-4297-4073-a43e-2295bfa5c807,tns-astronotes,AT2026ywa,False
738871ea-4297-4073-a43e-2295bfa5c807,tns-astronotes,2026ywa,False
738871ea-4297-4073-a43e-2295bfa5c807,tns-astronotes,SN2026ywa,False
7c7123f6-be9b-4e78-a117-f229bcbf583a,tns,AT2026zkf,False
5f731582-5d5e-47eb-b15a-f754aae416f3,tns,AT2026zkg,False
dcacc84d-a6c3-47dc-93f6-119868860c3c,tns,AT2026zhd,False
685deea6-250a-4d4b-8e7e-c7866316b96e,tns,AT2026yep,False
23ebb541-7eab-4539-a6b6-f430f7592229,tns,AT2026zhb,False
ebfea070-75ad-482c-95b3-cc08ee7b1d8e,tns,AT2026zki,False
ca4b5a35-7396-4de2-b9dc-ba33a6883fb1,tns,AT2026zkj,False
1dcf72ad-ea5b-416e-8227-bbe83a871e8f,tns,AT2026zfq,False
afe3fef5-efb9-40d9-81da-6e6a0c1b3a29,tns,AT2026zjz,False
b9cbdd66-d042-43c4-9ba5-d9d58055acc9,tns,AT2026zka,False
28b4682b-3ce5-4ada-93d8-317f6f116f8c,tns,AT2026zar,False
1310103d-1ab8-4c66-ba40-b8862a4e3554,gcn,KONUS-WIND-20260820T160051904,False
1310103d-1ab8-4c66-ba40-b8862a4e3554,gcn,Konus-Wind trigger 20260820T160051904,False
8c7c9238-80a8-4dbd-a708-a544932cbf76,tns,AT2024aiju,False
6745deb9-f14f-4410-910f-64178a71203e,tns,AT2026zjx,False
49546aa8-2dd4-44f2-8ed9-00f00ab75487,tns,AT2024kth,False
13882277-3dc0-4d59-b184-17b8584d05cd,tns,AT2026wjb,False
c3253b68-266a-4fae-8e5f-c170b906bcc8,tns,AT2026xtl,False
c2b7a53d-fd84-4817-8e13-f00c9ad16295,tns,AT2026zjt,False
8780ad17-a543-4cc3-b1cc-bf1df844995b,tns,AT2026zju,False
440a0648-0c38-46ad-9472-28e15cc6a041,tns,AT2026zgw,False
e86ed582-a506-4344-a110-a9e4c3583510,tns,AT2026zjr,False
43042029-5790-424a-badd-418e91f11b34,tns,AT2023aegg,False
43042029-5790-424a-badd-418e91f11b34,tns,SN2023aegg,False
1c76dfdf-bd62-4ad2-b6e3-0dea468f5268,tns,AT2021aidm,False
477026e0-890b-4b25-90ea-3075514a09f1,tns,AT2026zjq,False
3fce768d-0e58-41fb-9de2-570fcadf348c,tns,AT2018mvc,False
5b6b2581-30d8-42a3-bdef-736e45c49503,tns,AT2026zje,False
598eb677-c729-486a-aa87-ed3488d46230,tns,AT2026zjf,False
ec1e49eb-920a-4a24-800f-f01982363833,tns,AT2026zjh,False
21223ab8-21e1-4434-84d1-ff903713ec84,tns,AT2026zjj,False
7943b6b6-2b79-48a2-b432-259a6e74c51a,tns,AT2026zjo,False
cc3081d4-4895-47dd-8a2e-0e0084e1ccac,tns,AT2026zjp,False
2d8de856-d331-4c84-b299-aa60af1bd1a6,gcn,Fermi-GBM-808993819,False
2d8de856-d331-4c84-b299-aa60af1bd1a6,gcn,Fermi GBM trigger 808993819,False
2d8de856-d331-4c84-b299-aa60af1bd1a6,gcn,bn260821354,False
3d1cd08f-9b69-4ce1-9c5f-ddb0107e398c,tns,AT2026xzx,False
3d1cd08f-9b69-4ce1-9c5f-ddb0107e398c,tns-public-reports,AT2026xzx,False
3d1cd08f-9b69-4ce1-9c5f-ddb0107e398c,tns-public-reports,ZTF26abmiyyq,False
367ff555-c57c-4bf2-b81b-d8eca6943d8a,tns,AT2025anac,False
c816583d-2448-42a6-9339-ddb54e93418a,tns,AT2026zix,False
5217dac2-80e0-4dbc-b4f1-39428827abe6,tns,AT2026ziy,False
52854c6c-0e8b-4a5e-87dc-08c75b1657e5,gcn,CALET-1471304351,False
52854c6c-0e8b-4a5e-87dc-08c75b1657e5,gcn,CALET-GBM trigger 1471304351,False
79fd0003-8488-40d2-89e8-fe2185991316,gcn,Fermi-GBM-808961994,False
79fd0003-8488-40d2-89e8-fe2185991316,gcn,Fermi GBM trigger 808961994,False
79fd0003-8488-40d2-89e8-fe2185991316,gcn,bn260820986,False
fedc159d-e945-4887-803f-781cd352cefa,tns,AT2026wza,False
fedc159d-e945-4887-803f-781cd352cefa,tns,SN2026wza,False
38fe7e6c-49da-4338-9112-76f62648fa81,tns,AT2026zit,False
baa78549-5c45-45c5-9c7a-818ae2973c3e,tns,AT2026tiz,False
baa78549-5c45-45c5-9c7a-818ae2973c3e,tns,SN2026tiz,False
e2647716-cad7-4005-b819-079b5dee414a,gcn,KONUS-WIND-20260820T011218627,False
e2647716-cad7-4005-b819-079b5dee414a,gcn,Konus-Wind trigger 20260820T011218627,False
be9fd157-a2e3-419a-99ad-ee01c125ebc2,tns,AT2026zir,False
645fcdce-68f4-4dac-b7b5-dd74f5d10739,tns,AT2026zhv,False
5e76dfa3-820a-4034-8699-1c4f3ad2b6c9,tns,AT2026zhw,False
0fc5d83b-e145-4988-adc8-0eac39f33324,tns,AT2026zhx,False
83c7be26-a599-4b4f-a3bf-1ae405d7feac,tns,AT2026zhy,False
af2e0484-636c-40f1-a47a-1977faf66a5e,tns,AT2026zhz,False
d5dd35ed-2bed-4f88-b6fa-1054730cdd61,tns,AT2026zia,False
f637ca44-1947-4e7e-8732-de24c76a4e75,tns,AT2026zib,False
7ade6258-ff7e-40bb-9968-ccb9e1eb9d19,tns,AT2026zic,False
0e1f55d3-27fd-4c12-aa5d-1a7dd2352ea7,tns,AT2026zid,False
da6a2a9d-0160-44f8-9162-19cb9b5ccff3,tns,AT2026zie,False
2bf5cc06-ce70-40d8-844e-ba55babd997a,tns,AT2026zif,False
2ebabd81-ebfa-4df0-a15f-d052b6cb6a31,tns,AT2026zig,False
b326c4fe-4eda-4d86-9409-6f9ea837f6d0,tns,AT2026zih,False
2154fbd5-3fba-439c-9ae9-a10ddccfed74,tns,AT2026zii,False
5a255bc8-6616-492c-af14-ec8c19068e82,tns,AT2026zij,False
c602fa3c-11a0-43ce-8f12-7d5e0f30a5bb,tns,AT2026zik,False
c285b98f-228c-49e1-aa13-ea0f7ba8cd12,tns,AT2026zil,False
f6a2e497-44ce-457c-b8f3-701c669bae9b,tns,AT2026zim,False
398cd44c-dc73-4e87-b0e1-a1cafff0ba32,tns,AT2026zin,False
5fc8fc0d-7bea-4820-b46e-9cc9e4f364cb,tns,AT2026zio,False
6f6af686-78f2-44fd-b5fb-cbaae1e28330,tns,AT2026zip,False
cf9f4de8-5210-405f-ac2d-7397db5f8f80,tns,AT2026zao,False
cf9f4de8-5210-405f-ac2d-7397db5f8f80,tns,SN2026zao,False
7a82288b-e787-4920-81c1-613d6b7a4914,gcn,Fermi-GBM-808917949,False
7a82288b-e787-4920-81c1-613d6b7a4914,gcn,Fermi GBM trigger 808917949,False
7a82288b-e787-4920-81c1-613d6b7a4914,gcn,bn260820476,False
75210532-50bd-45e2-beb7-cee0a10675bd,tns,AT2026ylk,False
75210532-50bd-45e2-beb7-cee0a10675bd,tns,SN2026ylk,False
4dcb12b7-830c-4471-89f6-b6344d43f0bf,tns,AT2026zga,False
9dd7c6d9-b9ad-424c-affc-a52c74206104,tns,AT2026zhs,False
14ab6921-b6c4-4eb7-a85c-1385c5534af8,tns,AT2026zbb,False
ada57155-02de-4a74-bf02-803ee1cf54e2,tns,AT2026zho,False
a22ec7ae-93f3-4b45-9815-e65b354383ac,tns,AT2026zhp,False
fb11f2a7-3003-41df-8696-e8c3a387626b,tns,AT2026zhr,False
3408da8e-e940-4919-84cd-46982d648051,gcn,GRB 260820A,False
881194ad-ad93-4a3d-856b-e4c48a6db3bd,gcn,CALET-1471124427,False
881194ad-ad93-4a3d-856b-e4c48a6db3bd,gcn,CALET-GBM trigger 1471124427,False
90b3f2ee-6878-426c-85bf-f1979acdf704,gcn,Fermi-GBM-808892684,False
90b3f2ee-6878-426c-85bf-f1979acdf704,gcn,Fermi GBM trigger 808892684,False
90b3f2ee-6878-426c-85bf-f1979acdf704,gcn,bn260820184,False
47fd022b-43c1-4d34-87b6-0b7d48bd9f75,gcn,Fermi-GBM-808881146,False
47fd022b-43c1-4d34-87b6-0b7d48bd9f75,gcn,Fermi GBM trigger 808881146,False
47fd022b-43c1-4d34-87b6-0b7d48bd9f75,gcn,bn260820050,False
2992ede3-6792-4ec2-8dd1-a4c0b52b5fa7,tns,AT2026zey,False
54338d36-8cbe-46ad-a405-a05819f65d47,tns,AT2026zez,False
20a19880-baa2-44ef-a551-935a1144bcfd,tns,AT2026zfa,False
c280c314-ff38-4506-a5a4-6f3c977ae890,tns,AT2026zfb,False
66d5f2eb-fb17-46d0-a35c-e68314c239b9,tns,AT2026zfc,False
5d8776fe-26d4-4d58-9f8d-e6ca8f1bd1a0,tns,AT2026zfi,False
499ef9a3-b0e1-4091-b8f3-8fc5e7065d6a,tns,AT2026zfj,False
0bd82e76-f30f-47f8-b9c5-bca9c127acf1,tns,AT2026zfk,False
9355cfde-6623-49d5-a6d9-43685495ac8f,tns,AT2026zgs,False
385d9506-77ea-4939-bd73-35ef09dfac92,tns,AT2026zgu,False
a0d790a9-22e9-41a2-bb21-40287a40cf78,tns,AT2026zgv,False
66bea00d-05d0-4ab3-8b7d-80688b210c97,tns,AT2023aegm,False
6a37f9df-04da-4f64-ad35-e8df612e4772,tns,AT2026zhj,False
927bad67-7ef1-4266-8b96-469cf6dc6c69,tns,AT2025anab,False
b1afcb98-9566-47f2-9b73-ae22f509062f,tns,AT2026zhk,False
6c246e20-fc7d-4fb2-aaa3-af65f4087a9e,tns,AT2026zhi,False
b2e1709d-59fd-4934-bfc9-6bb5f1a8dd74,tns,AT2025anaa,False
9a4ded5e-26f2-4260-ad9e-c8cb6a49df92,tns,AT2026zhc,False
9dad652a-1e12-4d77-9392-255a8f5e36bf,tns,AT2026zhf,False
bb990469-6fc8-403e-9a80-03fbc9c7f361,tns,AT2026zhg,False
f0d7eddd-d51b-42ef-b3c6-8d7a0d5a4e87,tns,AT2026zhh,False
17f119e7-c9fe-4f5a-b0d4-02cf004c0187,tns,AT2026zgz,False
f06f6246-2e56-4e78-8947-ec38e7f9089b,tns,AT2025amzy,False
08d993f3-60ac-40c0-b375-3cf2bd2959f5,tns,AT2025amzz,False
70e180d9-7bcb-40b1-a296-f1a28f1347ff,tns,AT2026zgq,False
889d6238-bca0-43a6-a989-b5298c8156e3,tns,AT2026zgd,False
e7fa60ad-434f-4b33-905a-087820277cf5,tns,AT2026zge,False
94535669-ade1-48bb-93c8-ff9929550a8d,tns,AT2026zgf,False
ae65b405-73e3-43ea-a21e-45d9292003a8,tns,AT2026zgg,False
e4a4cd43-690a-4097-b64d-45c9c635108a,tns,AT2026zgh,False
42559b96-a681-4c58-af9b-49241d92f05a,tns,AT2026zgi,False
c0d64bfb-285a-49f4-9696-fdd1323e4bed,tns,AT2026zgj,False
f902e413-3ba8-4990-aa81-809c500316b8,tns,AT2026zgk,False
e4397dbe-7a56-4190-b4e3-8779057b0586,tns,AT2026zgl,False
65dbfb7e-09a0-479c-8f4c-25d1883adbc4,tns,AT2026zgm,False
fa7369a0-09f9-4970-99e7-908dee86ac29,tns,AT2026zgn,False
44a46913-d772-4e2b-886e-eeb603925dbe,tns,AT2026zgo,False
3d45d579-a183-44d1-b5fa-13322a856b4b,tns,AT2026zgp,False
79af11c6-535e-4616-8cbf-5a40557b3588,tns,AT2026yjy,False
3d24825f-e3cc-423a-abf3-56df3dafe710,tns,AT2026zbh,False
2708da15-e83c-4c62-86a6-a6420432cb52,gcn,Chime-1174123629,False
2708da15-e83c-4c62-86a6-a6420432cb52,gcn,1174123629,False
2b03b621-805a-4e00-9b13-2b8f45c28491,tns,AT2026xst,False
2b03b621-805a-4e00-9b13-2b8f45c28491,tns,SN2026xst,False
e7a170dd-9bcf-43f0-9ae6-06a1b0491197,tns,AT2026zgc,False
01362cdf-a25e-4c8c-b085-8b505794d21a,gcn,Fermi-GBM-808830079,False
01362cdf-a25e-4c8c-b085-8b505794d21a,gcn,Fermi GBM trigger 808830079,False
01362cdf-a25e-4c8c-b085-8b505794d21a,gcn,bn260819459,False
af2e5956-ab60-4526-86f9-67b7660b9506,tns,AT2026zfz,False
c4fc9ace-622f-4289-b489-fa3a12d5c285,gcn,Fermi-GBM-808824041,False
c4fc9ace-622f-4289-b489-fa3a12d5c285,gcn,Fermi GBM trigger 808824041,False
c4fc9ace-622f-4289-b489-fa3a12d5c285,gcn,bn260819389,False
b346b9e1-3570-4465-9dfc-711d5ec70257,tns,AT2026vmb,False
0e0f749d-728e-4d3a-9acc-670729fd5ad6,tns,AT2026zfv,False
372d54f1-7eda-4832-a929-d803c49237e7,tns,AT2026zfy,False
98da98b0-5312-4d43-bb64-50a0e3ce98df,tns,AT2026zaa,False
98da98b0-5312-4d43-bb64-50a0e3ce98df,tns,SN2026zaa,False
6df213b5-f367-4786-ab68-f56acd2a7cc0,tns,AT2026wdy,False
6df213b5-f367-4786-ab68-f56acd2a7cc0,tns,SN2026wdy,False
44830245-f446-454c-8e1a-0623c6b5af32,tns,AT2026zfd,False
bdc454c5-7ebd-401c-9465-1e8b525e7354,tns,AT2026veu,False
c89cdf20-866d-436c-9399-314bd388d6b8,tns,AT2026yws,False
7a3dd5e8-9e3c-4a32-9163-b2a80b3f35b2,tns,SN2026xaq,False
ef664eb7-8518-4007-94a5-01a1012d6099,gcn,Fermi-GBM-808813646,False
ef664eb7-8518-4007-94a5-01a1012d6099,gcn,Fermi GBM trigger 808813646,False
ef664eb7-8518-4007-94a5-01a1012d6099,gcn,bn260819269,False
91bf52da-dbc9-4502-97bc-de63e848a250,tns,AT2026xzo,False
91bf52da-dbc9-4502-97bc-de63e848a250,tns,SN2026xzo,False
8b056d4d-0c68-44fe-9f28-2caa98d65e5f,gcn,Fermi-GBM-808807830,False
8b056d4d-0c68-44fe-9f28-2caa98d65e5f,gcn,Fermi GBM trigger 808807830,False
8b056d4d-0c68-44fe-9f28-2caa98d65e5f,gcn,bn260819202,False
eb882420-5520-4395-8402-79a8dcfb83ad,tns,AT2026zfp,False
0befc79f-bad9-4e7d-96fb-358801aab96b,gcn,Fermi-GBM-808801903,False
0befc79f-bad9-4e7d-96fb-358801aab96b,gcn,Fermi GBM trigger 808801903,False
0befc79f-bad9-4e7d-96fb-358801aab96b,gcn,bn260819133,False
53856fde-3b98-45e3-98b6-51e2161cfa5f,tns,AT2026xqe,False
4a54cd72-2385-44f4-b490-7b66ee4d56e1,tns,AT2026zfo,False
3f98dec2-d9e7-4184-90e6-0ffaf8a95dcf,tns,AT2020afjz,False
c0e77496-2271-43e5-99ed-a803cb889689,tns,AT2026zep,False
f845bcec-2b9f-4dd1-bb23-68f629c7aa19,tns,AT2026zev,False
5b6fbb3f-ea66-445e-b324-18b939b6af66,tns,AT2026zex,False
2748f144-5551-4b6e-a286-61afe9d255da,tns,AT2023aegl,False
d271a837-806f-4f7d-9a6f-39e219e1fbc9,tns,AT2026zff,False
5346aec7-cce5-4b60-b06c-bd70701e25a2,tns,AT2026zfg,False
16af66ff-d0d0-44a3-b6fd-5b0d216ddfb8,tns,AT2026zfh,False
7ec64af8-9ecf-44f0-91f7-39b5c736cf90,tns,AT2026xzy,False
fd32c781-3c24-4982-b520-b13fcbb8575d,tns,AT2026zfm,False
7b2f2f9c-ce3b-49fa-a275-cd7180a1e7bc,tns-astronotes,AT2025mbt,False
7b2f2f9c-ce3b-49fa-a275-cd7180a1e7bc,tns-astronotes,2025mbt,False
7b2f2f9c-ce3b-49fa-a275-cd7180a1e7bc,tns-astronotes,SN2025mbt,False
b9e0095c-78a3-47a5-89c2-2732572924f3,tns-astronotes,AT2025mbe,False
b9e0095c-78a3-47a5-89c2-2732572924f3,tns-astronotes,2025mbe,False
b9e0095c-78a3-47a5-89c2-2732572924f3,tns-astronotes,SN2025mbe,False
f2a93888-5b55-4d21-82f7-a8c20adde338,tns-astronotes,AT2025mbd,False
f2a93888-5b55-4d21-82f7-a8c20adde338,tns-astronotes,2025mbd,False
f2a93888-5b55-4d21-82f7-a8c20adde338,tns-astronotes,SN2025mbd,False
bdb54708-4c5c-40ee-8907-1995767fc8f7,tns-astronotes,AT2025lz,False
bdb54708-4c5c-40ee-8907-1995767fc8f7,tns-astronotes,2025lz,False
bdb54708-4c5c-40ee-8907-1995767fc8f7,tns-astronotes,SN2025lz,False
5578beb0-635d-4dc8-a421-7947a66c6ae5,tns-astronotes,AT2025lsq,False
5578beb0-635d-4dc8-a421-7947a66c6ae5,tns-astronotes,2025lsq,False
5578beb0-635d-4dc8-a421-7947a66c6ae5,tns-astronotes,SN2025lsq,False
11fd733b-f4ad-43ce-842b-e6913c1bb67c,tns-astronotes,AT2025lsl,False
11fd733b-f4ad-43ce-842b-e6913c1bb67c,tns-astronotes,2025lsl,False
11fd733b-f4ad-43ce-842b-e6913c1bb67c,tns-astronotes,SN2025lsl,False
fef51a99-4d03-4247-a279-db1543f7c9ba,tns-astronotes,AT2025llf,False
fef51a99-4d03-4247-a279-db1543f7c9ba,tns-astronotes,2025llf,False
fef51a99-4d03-4247-a279-db1543f7c9ba,tns-astronotes,SN2025llf,False
58a06abe-db51-4c9e-9ace-420213be1426,tns-astronotes,AT2025lkf,False
58a06abe-db51-4c9e-9ace-420213be1426,tns-astronotes,2025lkf,False
58a06abe-db51-4c9e-9ace-420213be1426,tns-astronotes,SN2025lkf,False
e7306869-0a04-4f9b-baf2-9a7cd3b85bf6,tns-astronotes,AT2025lig,False
e7306869-0a04-4f9b-baf2-9a7cd3b85bf6,tns-astronotes,2025lig,False
e7306869-0a04-4f9b-baf2-9a7cd3b85bf6,tns-astronotes,SN2025lig,False
c92028e3-d0f8-4f0f-8bce-6d235c4ee11d,tns-astronotes,AT2025lhz,False
c92028e3-d0f8-4f0f-8bce-6d235c4ee11d,tns-astronotes,2025lhz,False
c92028e3-d0f8-4f0f-8bce-6d235c4ee11d,tns-astronotes,SN2025lhz,False
5078caec-3a09-4fbf-910e-441117915c50,tns-astronotes,AT2025lgt,False
5078caec-3a09-4fbf-910e-441117915c50,tns-astronotes,2025lgt,False
5078caec-3a09-4fbf-910e-441117915c50,tns-astronotes,SN2025lgt,False
185eeaf9-e549-4174-9448-f280d792ee51,tns-astronotes,AT2025lgo,False
185eeaf9-e549-4174-9448-f280d792ee51,tns-astronotes,2025lgo,False
185eeaf9-e549-4174-9448-f280d792ee51,tns-astronotes,SN2025lgo,False
416b9964-18da-4fda-950e-bb5b798fd69e,tns-astronotes,AT2025ktt,False
416b9964-18da-4fda-950e-bb5b798fd69e,tns-astronotes,2025ktt,False
416b9964-18da-4fda-950e-bb5b798fd69e,tns-astronotes,SN2025ktt,False
2f4ad6c7-1e6a-4a60-873a-1f765daffb80,tns-astronotes,AT2025iqv,False
2f4ad6c7-1e6a-4a60-873a-1f765daffb80,tns-astronotes,2025iqv,False
2f4ad6c7-1e6a-4a60-873a-1f765daffb80,tns-astronotes,SN2025iqv,False
fafd3add-18e2-4973-a6ad-d7e145dabdf8,tns-astronotes,AT2025iqo,False
fafd3add-18e2-4973-a6ad-d7e145dabdf8,tns-astronotes,2025iqo,False
fafd3add-18e2-4973-a6ad-d7e145dabdf8,tns-astronotes,SN2025iqo,False
fd8017a1-2019-436f-95f0-711d0075ebd2,tns-astronotes,AT2025imn,False
fd8017a1-2019-436f-95f0-711d0075ebd2,tns-astronotes,2025imn,False
fd8017a1-2019-436f-95f0-711d0075ebd2,tns-astronotes,SN2025imn,False
2dd2e32f-5b7c-4a8c-8b48-d549ea299645,tns-astronotes,AT2025imm,False
2dd2e32f-5b7c-4a8c-8b48-d549ea299645,tns-astronotes,2025imm,False
2dd2e32f-5b7c-4a8c-8b48-d549ea299645,tns-astronotes,SN2025imm,False
b2a2f292-e7ab-4c37-9e26-92df9860b03b,tns,AT2026zew,False
23c1c574-142a-4e39-92fd-1bc801e0fac1,tns,AT2025amzx,False
d5cd66a4-c3f0-4811-adef-61e11f43d54d,gcn,Fermi-GBM-808785797,False
d5cd66a4-c3f0-4811-adef-61e11f43d54d,gcn,Fermi GBM trigger 808785797,False
d5cd66a4-c3f0-4811-adef-61e11f43d54d,gcn,bn260818947,False
eaf48d1a-b257-4b5e-9a15-db7fdb61b64c,tns,AT2026zet,False
2e1834f8-a713-465f-9ade-653edc55a431,tns,AT2026zeq,False
6950338e-ce41-4cf1-b4c1-0a0180bf16df,tns,SN2026uwz,False
2deaa732-dd5b-4a88-8722-ce408a5ea3dd,tns,AT2026sts,False
2deaa732-dd5b-4a88-8722-ce408a5ea3dd,tns,SN2026sts,False
df2cb7dd-0a90-4bf8-80c4-38b3fce1d2ea,tns,SN2026wjm,False
edadf4ff-34a8-4be0-955f-452eb6af8e72,tns,AT2026zeh,False
cbb5eb48-d811-497a-aaf3-f76aa6b14f77,tns,SN2026nad,False
a3c057ee-8d06-451a-ac5b-f6ec4153172f,tns,AT2026zel,False
3eb686bb-3bb2-4712-a151-632de1feecb9,tns,AT2026zem,False
ba20acf5-c960-4370-b333-55d747a70d82,tns,AT2026zen,False
3441d441-71e2-4598-ac97-07173c64b0ef,tns,AT2026zeo,False
36a8ecd0-319a-4bd1-b645-082d02901b00,gcn,KONUS-WIND-20260810T190945873,False
36a8ecd0-319a-4bd1-b645-082d02901b00,gcn,Konus-Wind trigger 20260810T190945873,False
b5975bce-134b-487c-8a5d-4c07d558a7e2,tns,SN2026srp,False
c691d298-b6bb-4fb1-9bca-7c40cc77b9ce,tns,SN2026pdh,False
3b128f16-2ca4-4797-b13f-179839846205,tns,SN2026nnx,False
a08ecf98-bb2a-4a87-872a-1183ca9f96cb,tns,AT2026wpp,False
a08ecf98-bb2a-4a87-872a-1183ca9f96cb,tns,SN2026wpp,False
e525f170-0477-48c4-9914-ee4c37eee398,tns,AT2026pyf,False
e525f170-0477-48c4-9914-ee4c37eee398,tns,SN2026pyf,False
1c023f4a-4e1b-4339-8413-a82ae9276e3b,tns,SN2026vfn,False
775b9ab5-4f41-4e82-ac6d-56600985765e,tns,SN2025wkt,False
e6937bb2-bbb2-49bf-9370-106598aad55d,tns,SN2026rop,False
b1b9ec95-285e-4c62-ab33-f94dabb5dc46,tns,AT2026zee,False
d1f04730-99df-4f7b-8353-ab5520ff8487,tns,AT2026zba,False
4187b713-2a3e-4200-ad55-0929d2ec0741,tns,SN2026pyk,False
be3fde9f-c276-4c27-b7c4-a95204b4210c,tns,AT2026xkg,False
be3fde9f-c276-4c27-b7c4-a95204b4210c,tns,SN2026xkg,False
16547599-5a3b-4faa-808c-5d2a6f8667cb,tns,SN2026wen,False
749360f0-7766-4440-9963-95fba6e1de6f,gcn,sb26081806,False
f8dc348e-4af9-49e6-942a-e92005af3991,tns,AT2026xau,False
f8dc348e-4af9-49e6-942a-e92005af3991,tns,SN2026xau,False
36ad38e8-c7cb-45c0-b99d-098e255c0cc4,tns,AT2026wkg,False
36ad38e8-c7cb-45c0-b99d-098e255c0cc4,tns,SN2026wkg,False
531a4eba-5251-4f7a-a20d-607a3b130622,tns,SN2026wkc,False
1e00db05-a3fb-4e4c-9803-7883b66685a1,tns,SN2026vey,False
8b42063b-a1f2-4cbf-873b-41bead39251f,tns,AT2026zed,False
c7c3412d-6ffd-4028-8f03-f4eb3d9eae1d,tns,AT2026zdm,False
33735d45-bb8d-4723-a16b-712d5a317344,tns,AT2026zdn,False
2a4123af-67db-416c-a81e-1e9095fec59e,tns,AT2026zdo,False
be39846e-2cb6-427a-b415-7b5d89ef524d,tns,AT2026zdp,False
63a2fd70-d871-41db-b0a9-31a27d6d1e81,tns,AT2026zdq,False
fec0388d-8cec-4de4-b995-8bbb6f028ae5,tns,AT2026zdr,False
4ed3058a-02a8-4ab9-8359-866a3bebf9b9,tns,AT2026zds,False
b52481f2-6587-4b6e-816d-6ae452be58a9,tns,AT2026zdt,False
4e0a105f-38d2-4589-a128-c1ce70168830,tns,AT2026zdu,False
f2fb55e2-8ca4-45b1-92b7-ad7e3e503b6b,tns,AT2026zdv,False
d60909d0-d0f7-40be-9f9a-2dce53982c25,tns,AT2026zdw,False
adf612d9-59f3-4f2a-8f98-d63bb2c96009,tns,AT2026zdx,False
54b9b60c-67cc-4c6a-8e05-79591d8586ec,tns,AT2026zdy,False
d61f1c45-e03f-40f1-bd1e-5995888deb8a,tns,AT2026zdz,False
66f28e93-ee60-4d5d-b6de-4c2ad98ffc44,tns,AT2026zea,False
7d8af8eb-210d-4bb1-8f44-2380b5583a86,tns,AT2026zeb,False
a3eade09-c967-4e71-813e-b084e6773dab,tns,AT2026yjw,False
3c9b1c1e-8bd0-4459-ab5f-3b359c269b2b,tns,AT2026zdk,False
359a4746-08bb-4085-ab52-ad6d6c11f399,tns,AT2026zdl,False
7e63957c-4adf-47e1-a5ce-8cf3ab65f353,tns,AT2026zdh,False
69bcd461-25bd-4ad7-98d4-4b5b2348e8a5,tns,AT2026zdi,False
f2b5ea35-b5f3-40f2-95f3-d7a65d6ab404,tns,AT2026vhw,False
f2b5ea35-b5f3-40f2-95f3-d7a65d6ab404,tns,SN2026vhw,False
9ed38322-6672-4aaa-b541-6abbb5b82b75,gcn,Fermi-GBM-808745183,False
9ed38322-6672-4aaa-b541-6abbb5b82b75,gcn,Fermi GBM trigger 808745183,False
9ed38322-6672-4aaa-b541-6abbb5b82b75,gcn,bn260818477,False
cbe31846-d142-441d-a147-6710026a0ec6,gcn,Chime-1173887180,False
cbe31846-d142-441d-a147-6710026a0ec6,gcn,1173887180,False
5c9511b2-912b-42fc-8ca9-2a6772396077,gcn,Chime-1173878665,False
5c9511b2-912b-42fc-8ca9-2a6772396077,gcn,1173878665,False
6b19cf19-9438-4190-a091-33d8b630c442,tns,AT2026zdg,False
64fe0568-d251-4b9b-9251-ec223905fed0,tns,AT2026zcz,False
ae3cfaba-dfd3-4483-bae0-ca215284e816,gcn,Fermi-GBM-808739198,False
ae3cfaba-dfd3-4483-bae0-ca215284e816,gcn,Fermi GBM trigger 808739198,False
ae3cfaba-dfd3-4483-bae0-ca215284e816,gcn,bn260818407,False
0c294532-f75c-43cb-8460-67da12f3614d,tns,AT2026zdf,False
cb9279e9-0767-45b3-b4cd-fb1fe31c8072,tns,AT2026zde,False
9d23544b-f51b-4b82-aa12-c8856f8429f3,tns,AT2026yxr,False
2799cc90-380e-4e1d-b344-708a3d0d369f,tns,AT2026zdc,False
b53dc824-4525-41d2-a8ef-77d2a5f74bda,tns,AT2026ywq,False
4637ff03-1e00-471c-98f9-56a5eee481be,tns,AT2026zdd,False
f8f1bdf4-1f0c-4b42-bdf7-b0be15ba3a32,tns,AT2026pzt,False
e269fce3-1d70-4e4a-853d-51c68f755fea,tns,AT2026zdb,False
51f5554a-7289-4304-b82c-a56be066d9e6,tns,AT2026zda,False
51f5554a-7289-4304-b82c-a56be066d9e6,tns-public-reports,AT2026zda,False
c660e1c8-6894-441e-ac74-4bc33e9fb4dd,tns,AT2025amzw,False
e1c271df-4859-4456-acbc-8940c4f89178,tns,AT2026zcy,False
04c37485-0494-4d7c-b53b-6234bd11b6e7,tns,AT2026yzj,False
ddc6a672-f077-4f43-96b6-999b2bbbc317,tns,AT2026zaz,False
8a3ae38a-44df-4b1f-9b88-7c4916e9a3cc,tns,AT2025amzv,False
cee360d8-5d80-4c22-aaba-aac03dfe4520,tns,AT2026zbm,False
2a343911-9603-48f9-afc1-6678fc069025,tns,AT2026zcw,False
ce2c49f2-35d0-4ec4-8114-d71a762985a7,tns,AT2026zcx,False
a402f3c5-2a04-4f17-af78-0a9ac9ed61da,tns,AT2026zbp,False
a402f3c5-2a04-4f17-af78-0a9ac9ed61da,tns-public-reports,AT2026zbp,False
9b876fc3-3cec-43a0-88e3-c2d496bd783a,tns,AT2026xbx,False
9b876fc3-3cec-43a0-88e3-c2d496bd783a,tns,SN2026xbx,False
9b876fc3-3cec-43a0-88e3-c2d496bd783a,tns-astronotes,AT2026xbx,False
9b876fc3-3cec-43a0-88e3-c2d496bd783a,tns-astronotes,2026xbx,False
9b876fc3-3cec-43a0-88e3-c2d496bd783a,tns-astronotes,SN2026xbx,False
18ca94e9-6288-46cc-bf66-078a1043f342,tns,SN2026rfd,False
a93fc066-454f-4ace-b037-b507eef5a0f1,tns,AT2026yxs,False
a93fc066-454f-4ace-b037-b507eef5a0f1,tns,SN2026yxs,False
b81cfebf-3114-4050-8285-071e9959be59,tns,AT2026xcs,False
b81cfebf-3114-4050-8285-071e9959be59,tns,SN2026xcs,False
b81cfebf-3114-4050-8285-071e9959be59,tns-astronotes,AT2026xcs,False
b81cfebf-3114-4050-8285-071e9959be59,tns-public-reports,AT2026xcs,False
b81cfebf-3114-4050-8285-071e9959be59,tns-astronotes,2026xcs,False
b81cfebf-3114-4050-8285-071e9959be59,tns-astronotes,SN2026xcs,False
b81cfebf-3114-4050-8285-071e9959be59,tns-public-reports,ATLAS26joo,False
b81cfebf-3114-4050-8285-071e9959be59,tns-public-reports,GOTO26hxk,False
b81cfebf-3114-4050-8285-071e9959be59,tns-public-reports,ZTF26ablsebw,False
580f3a3c-a850-463e-af91-3c97bf289ebb,tns,SN2026vmn,False
f1c5edf3-9e15-4318-aee6-a7620dc15875,tns,SN2026wkd,False
f1c5edf3-9e15-4318-aee6-a7620dc15875,tns-astronotes,AT2026wkd,False
f1c5edf3-9e15-4318-aee6-a7620dc15875,tns-astronotes,2026wkd,False
f1c5edf3-9e15-4318-aee6-a7620dc15875,tns-astronotes,SN2026wkd,False
b85bb29f-e71c-44c2-981e-20b65e95fde3,tns,AT2026zcs,False
c3b58ad0-aa4e-4de0-ad46-79e03f4874d9,tns,AT2026zct,False
4e2ec7a3-1bc4-4bee-bdff-6350ecbf895a,tns,AT2026zcu,False
a702d234-9e77-4e86-bf5e-80928e93e360,tns,AT2026zcv,False
9219508a-7dcb-46cc-9358-e22a5f83e963,tns,AT2026ypl,False
9219508a-7dcb-46cc-9358-e22a5f83e963,tns,SN2026ypl,False
8f86c3f8-2ae0-40d5-8035-cb40ba774a9f,tns,AT2026zcm,False
c62febb3-dcfa-46cd-ae39-5ed22373eeca,tns,AT2026zcn,False
349491df-36d1-4af3-87df-191ca876f988,tns,AT2026zco,False
775d6aeb-8b02-44be-b6bc-41eaabdd8a41,tns,AT2026zcq,False
c2bc92a1-2289-48b8-8da3-ee0c9133eef9,tns,AT2026zbr,False
502a16ec-823d-4dfb-88fc-afe721a8bb42,tns,AT2026zbs,False
e242c684-2ed0-48c9-8f0c-4f96c0e7a44b,tns,AT2026zbt,False
58744401-c2e3-4486-bf73-57a9e6b0a497,tns,AT2026zbu,False
c3ce0e09-d0db-481a-8b6e-ec6e280703a5,tns,AT2026zbv,False
48934d1c-72ca-41aa-8af2-320903d103d0,tns,AT2026zbw,False
f3066876-be93-4d16-ae96-247823b00040,tns,AT2026zbx,False
8b40c82d-faba-46ec-a8e5-391a4a56385a,tns,AT2026zby,False
16dc5f23-59a3-4734-b37e-d0a279a770f0,tns,AT2026zbz,False
1bd0af60-5f50-4cef-a13f-85a413c6bc8a,tns,AT2026zca,False
6c3e29e9-7e96-42e6-8ce2-171f9c1bc7d9,tns,AT2026zcb,False
aba5261d-3563-430e-bb39-16f4ad652161,tns,AT2026zcc,False
7fd5fd24-b63d-4dd9-8bc8-337ece501c04,tns,AT2026zcd,False
ff5d7f45-2c02-4062-b468-4e447441397b,tns,AT2026zce,False
b3323291-42be-4e32-bd81-0986a3b7981f,tns,AT2026zcf,False
277ec063-c3e9-41f8-affe-de2f0b4c2b0a,tns,AT2026zcg,False
64514dbb-598d-4d9c-99b3-29b2e4046b03,tns,AT2026zch,False
8c78f6cf-d9fe-4037-8613-e5af007e0846,tns,AT2026zci,False
809962f8-c7d2-40ed-8825-d0e5a33fbb1c,tns,AT2026zcj,False
d3acb359-78f9-4ef8-afce-2b3a6444fcc0,tns,SN2026ymi,False
30b341f3-d540-4705-ade5-4e0c2716cf51,tns,AT2026zck,False
5b6c2250-2e31-4a14-8bc3-4736dc4c2887,gcn,Fermi-GBM-808663604,False
5b6c2250-2e31-4a14-8bc3-4736dc4c2887,gcn,Fermi GBM trigger 808663604,False
5b6c2250-2e31-4a14-8bc3-4736dc4c2887,gcn,bn260817532,False
2354cd83-8c18-4e33-9f59-9f5644040055,tns,AT2026zbq,False
9c272a1f-2283-42a7-8216-a6f3bb22bed0,tns,SN2026yju,False
58c01ca5-1194-4140-8bec-ba5bbbfa3cf6,tns,AT2026zbi,False
99cbab02-f50c-40b3-93cb-255eb3a02282,tns,AT2026zbj,False
9f193358-5b62-4b3e-967d-fa2dc2138639,tns,AT2026zbk,False
dfa54300-1cd8-4e0d-b2ee-877296399129,tns,AT2026zbl,False
d5747306-7283-41e6-9116-07dc839894a9,tns,AT2026zbn,False
7701fcdb-7d74-43ee-a37f-a75275a470a4,gcn,EP260728a,False
f4596bce-478c-44a9-9c0d-bcd1a851bda2,gcn,GRB 260718A,False
10da382e-1a10-43b5-bb6d-b7456de1eb9a,gcn,EP260727a,False
0131eb4c-7710-44d8-97d4-9e040573c472,gcn,GRB 260726A,False
8c7b7e94-c245-463b-8139-26e44504fbf6,tns,AT2026xrj,False
56da2ccb-b6ed-4312-a007-975717cec57a,tns,AT2026zbc,False
c9318e15-cbf8-4c8d-9f39-675dc03c6df5,tns,AT2026zbe,False
a0694bdb-5dc0-42b7-adb6-7059afd65e91,tns,AT2026zbg,False
86d1dea7-4c39-4191-9692-9bf0d7890c5a,tns,AT2026zax,False
c35ddab4-ad9c-47f9-9208-91fe3f3937a5,tns,AT2026zay,False
14c709c4-6843-4180-938d-0ba5d678b15e,tns,AT2026yxg,False
c373e398-99fb-46db-bb12-c474f82cac33,tns,AT2026zaw,False
6069c785-92d4-4e35-a357-e6c61817ffc9,tns,AT2026zav,False
bacfcde6-9dd7-45dc-87d1-e1d0c3910d48,gcn,Chime-1173876243,False
bacfcde6-9dd7-45dc-87d1-e1d0c3910d48,gcn,1173876243,False
00f84e5c-8dc9-4da7-aa18-a40eb094c333,tns,AT2026zau,False
0010e06b-6702-4e3b-b263-8670ba525899,gcn,Fermi-GBM-808613221,False
0010e06b-6702-4e3b-b263-8670ba525899,gcn,Fermi GBM trigger 808613221,False
0010e06b-6702-4e3b-b263-8670ba525899,gcn,bn260816949,False
fb1c53a1-63ff-48d5-bcff-ebe551cdbc02,tns,AT2026yos,False
fb1c53a1-63ff-48d5-bcff-ebe551cdbc02,tns-astronotes,AT2026yos,False
fb1c53a1-63ff-48d5-bcff-ebe551cdbc02,tns-astronotes,2026yos,False
fb1c53a1-63ff-48d5-bcff-ebe551cdbc02,tns-astronotes,SN2026yos,False
55c13fc5-eab7-4061-a785-b59503e483ce,tns,AT2026zaq,False
97ab5e3b-499b-4616-842a-fa7f5a478342,tns,AT2026zat,False
55b8087a-f71f-43fc-8775-47df663f6ae5,tns,AT2026zal,False
9760ce66-2e81-48e8-bd5e-c6b4a8cab904,tns,AT2026zam,False
65d13963-d305-4158-99e2-1d90e7734e10,tns,AT2026zan,False
c92d2134-a2b1-4e4b-81f8-08832b02fa3e,tns,AT2026yxv,False
f65291a9-7d44-4a18-9ec7-8ad29835f2f6,tns,AT2026zap,False
fc092d6c-5602-411d-9446-e4adb8cba7c2,tns,AT2026zak,False
15644dca-16ef-4fac-841e-e5ab1392bee5,tns,AT2026yix,False
dffaa0bf-ecc5-4b4a-8194-d9d7c7ad6ebc,tns,AT2026zah,False
114d4abf-c0f1-4e93-93e6-f44df85892bb,tns,AT2026zai,False
83624112-86ca-4d10-9644-f10f4eb92211,tns,AT2026zae,False
bb2794c3-812a-4d64-8da6-412307e36dfe,tns,AT2026zaf,False
2ab4d4f2-d12f-4ff5-abcf-f20cef1410ac,gcn,Chime-1173824418,False
2ab4d4f2-d12f-4ff5-abcf-f20cef1410ac,gcn,1173824418,False
e5de1744-4158-4d48-85bb-3c7750c368a8,tns,AT2026zab,False
4d489350-cce1-4019-b822-a74d91744588,tns,AT2026zac,False
dcda025a-e952-4fd4-9ee8-ed0f54edc508,tns,SN2026xql,False
e17fbd1e-7e87-4163-a20a-966df5e31053,tns,AT2026yzz,False
a4a5d12a-d8e8-480b-a7b3-19f63ab2123e,tns,SN2026wex,False
f242e9ff-209a-4fb9-a050-85d80c5cae42,tns,AT2026yzr,False
d93086ac-b403-4145-b58a-fd0a40969ea4,tns,AT2026yzs,False
fda9f25c-9ccc-44ff-b363-fb81db5f1132,tns,AT2026yxb,False
8b698a83-c170-4aec-850e-e0d80791dde7,tns,AT2026yzu,False
63c41adc-fe39-4285-9aab-32b1f6a2b5d4,tns,AT2026yzv,False
eb73cf9c-61c4-493c-a33d-9d1a5e110be7,tns,AT2026yzw,False
c600e4ba-a492-4de7-8676-369980faee74,tns,AT2026yzx,False
beaf9954-d231-4ceb-9d63-2e8772ab465a,tns,AT2026wyh,False
d8a9a13b-674a-4df0-aa5d-a2dc845178ef,tns,AT2026yzy,False
00d4e748-8d52-4557-82d8-372b5531382e,gcn,Fermi-GBM-808551188,False
00d4e748-8d52-4557-82d8-372b5531382e,gcn,Fermi GBM trigger 808551188,False
00d4e748-8d52-4557-82d8-372b5531382e,gcn,bn260816231,False
8691f7b8-4e77-450d-8bd8-d09860ff41a9,tns,AT2026yzp,False
e4691c21-e5e5-4220-a857-a70d0cf808a8,tns,AT2026yzq,False
66ef24df-a989-4639-b5fa-435507704e42,tns,AT2026web,False
66ef24df-a989-4639-b5fa-435507704e42,tns,SN2026web,False
070a50bd-bcea-49dd-8152-806e69649bdf,gcn,Chime-1173778379,False
070a50bd-bcea-49dd-8152-806e69649bdf,gcn,1173778379,False
b616aaa6-6b94-4653-9855-ace8889769bf,tns,SN2026mkd,False
022378d8-678c-4806-b663-1b8935274a66,tns,AT2026yzn,False
0896393b-1d6e-47b1-840a-dcc424067833,tns,AT2026yoy,False
cd8f8252-9d3f-4122-838f-1a2a5849c56d,tns,AT2026yzo,False
504f862e-f3f6-4e78-849c-0382640db399,tns,AT2026byy,False
4b3a3d85-05a5-472e-8a3f-425ce2ffafec,tns,SN2026nwg,False
3c7f87d9-17ce-40d0-acfd-f3f8576adab2,tns,AT2026yol,False
107a40aa-d553-4c30-a70f-1b81247c74bb,tns,AT2026vtq,False
486bdbf4-ff64-4cbd-8f2d-4c6894c38cd5,tns,AT2026ytz,False
74edc4c5-2d75-44cc-84fa-640c3daf3fcf,tns,AT2026wte,False
5aa81bb5-9eec-42fa-918a-84e2d0568ee5,tns,AT2026wow,False
1cb1c42c-f62c-4f35-8a82-0e71d76e329a,tns,AT2026you,False
f19c1e33-acdd-4356-a1fe-1f7d060cd083,tns,AT2026wet,False
79a28cfa-139e-493e-a8e2-49d5aab42834,tns,AT2026wew,False
7599b537-345a-4bc4-bba0-552577029133,tns,AT2026yie,False
6341f540-eb98-4738-b105-a7a52d2ec7c9,tns,AT2026yzh,False
4d02a4a7-35dc-46e4-b69b-0fc25f614aff,tns,AT2026yzk,False
f0e0a19d-2098-46c8-b24d-aa6e651bafd3,tns,AT2026yzl,False
f63a94a8-ca8f-45ac-b6d5-7b50f620eb47,gcn,Einstein Probe-01709281429,False
f63a94a8-ca8f-45ac-b6d5-7b50f620eb47,gcn,01709281429,False
8525310c-8624-4d3f-b891-ea90faa0f340,tns,AT2026wtf,False
8525310c-8624-4d3f-b891-ea90faa0f340,tns,SN2026wtf,False
7e30ff62-5093-452b-b158-2f656eea80d6,tns,AT2026xla,False
7e30ff62-5093-452b-b158-2f656eea80d6,tns,SN2026xla,False
97618375-83c2-47d8-bcb6-f246f783d759,tns,SN2026xqs,False
6030a4da-fb79-4dea-8fc6-f99f356088db,tns,AT2026xrg,False
6030a4da-fb79-4dea-8fc6-f99f356088db,tns,SN2026xrg,False
b03659f2-4377-46d8-b1db-245447b53fef,gcn,Chime-1173743233,False
b03659f2-4377-46d8-b1db-245447b53fef,gcn,1173743233,False
32a28088-6ba8-4850-b2bc-74e115f30040,tns,AT2025amzu,False
76a2ab76-ad7d-47f1-bcd3-a4ad99b96fb3,tns,AT2026yys,False
3a19adb9-8efa-4fa3-9ba1-a122262dec06,tns,AT2026yyu,False
5a47700f-b0e8-493c-88bb-b009126078bb,tns,AT2026yyv,False
63939eb4-f78f-4b0d-b98a-d18f7dbd920e,tns,AT2026yyw,False
820f097e-85d8-4c5e-ba10-bdd3f290c7c0,tns,AT2026yyx,False
1b47afeb-73cb-45d8-b292-b744ae39aeb1,tns,AT2026yyy,False
27951bc1-82b9-4ae9-ab80-623aafa81523,tns,AT2026yyz,False
c259938e-1f4f-4c91-b6d9-2f3206484bb1,tns,AT2026yza,False
d7ec4e6a-ab5d-4f40-9efa-ceecb2bc4d43,tns,AT2026yun,False
fa3e7714-badf-4742-8973-9db5031da0ca,tns,AT2026yzb,False
3bf2673a-cca8-4d0c-ab0a-860d0e9966a1,tns,AT2026yzc,False
a706e97d-a31d-49a1-8c9a-5343428610ac,tns,AT2026yzd,False
304253c5-e97f-4245-8ff4-8278bee46091,tns,AT2026yze,False
a793a66d-8850-4be7-8fd8-72eb3ec00c0a,tns,AT2026yzf,False
a8bafbad-e86d-4007-8390-334ac4f3678d,tns,SN2026pyl,False
50e531af-3098-4ecf-8813-af12ae70f322,gcn,Fermi-GBM-808497880,False
50e531af-3098-4ecf-8813-af12ae70f322,gcn,Fermi GBM trigger 808497880,False
50e531af-3098-4ecf-8813-af12ae70f322,gcn,bn260815614,False
018e9bc5-7512-4654-b622-21512152c35f,tns,AT2026yxf,False
0d0ae301-30ce-44b7-adf3-d3a8152c3951,tns,AT2026yxj,False
81a46edf-b485-4a0b-92b3-45745c37f8d8,tns,AT2026yxz,False
34c883a1-318a-4f1a-8e32-0db231ea809b,tns,AT2026yya,False
18b88dd7-e9aa-4ab8-ba69-62952cf68034,tns,AT2026yyb,False
862de785-9486-4968-9914-b3e0de2b4bbc,tns,AT2026yyc,False
ef44b523-1543-4b48-84b3-f01da0b96f28,tns,AT2026yyd,False
ef8c7af1-82a9-4333-9692-28d35a18fc07,tns,AT2026yye,False
fc211db8-7aea-4c0e-9ddb-4f47e16cad44,tns,AT2026yyf,False
1d6cc007-8e34-4a48-87e7-0e94ce95c069,tns,AT2026yyg,False
8c224c82-ce69-4aff-9e78-a67a716ba5e9,tns,AT2026yyh,False
f8edae66-84a9-4402-a71b-f345e4926efe,tns,AT2026yyi,False
195345f1-6ce0-490e-9534-5b73f6019fbf,tns,AT2026yyj,False
af725a97-6ce3-4784-a4df-74916839ecb9,tns,AT2026yyk,False
a732e759-05e5-4276-8813-c2bd3f136781,tns,AT2026yyl,False
52195291-91d4-432a-aaa7-622b962e07d7,tns,AT2026yym,False
5a0bfe8e-6af3-4561-9eea-5880b7761bb3,tns,AT2026yyn,False
f899b706-d119-4be7-924c-88fbe3d0b5fe,tns,AT2026yyo,False
e9983179-ec5e-44ec-864e-7cf17554fe91,tns,AT2026yyp,False
3715d2d4-44cf-434c-a31f-f8dbaf01542a,tns,AT2026yyq,False
7c300eb2-ac8c-4b50-a6b7-857d807b7401,tns,AT2026yyr,False
c9dcd077-6677-4126-90a3-d2ca9d51a9be,gcn,Chime-1173711527,False
c9dcd077-6677-4126-90a3-d2ca9d51a9be,gcn,1173711527,False
09fd05ec-3035-4e4d-8d67-da3a0a331831,tns,AT2026xks,False
09fd05ec-3035-4e4d-8d67-da3a0a331831,tns,SN2026xks,False
130a518a-5c15-4a09-b61b-f4cc3180de0f,gcn,Chime-1173708661,False
130a518a-5c15-4a09-b61b-f4cc3180de0f,gcn,1173708661,False
2aacce1e-b050-4560-a39f-970f73e6a23e,gcn,Chime-1173532761,False
2aacce1e-b050-4560-a39f-970f73e6a23e,gcn,1173532761,False
7a331932-76de-4194-8a3d-5936ff7a2c0f,tns,AT2026yum,False
7a331932-76de-4194-8a3d-5936ff7a2c0f,tns,SN2026yum,False
7a331932-76de-4194-8a3d-5936ff7a2c0f,tns-public-reports,AT2026yum,False
7a331932-76de-4194-8a3d-5936ff7a2c0f,tns-public-reports,ATLAS26jxg,False
7a331932-76de-4194-8a3d-5936ff7a2c0f,tns-public-reports,GOTO26iei,False
b72e3028-1197-4db5-a593-1cff3e6328cc,tns,AT2026yiz,False
b72e3028-1197-4db5-a593-1cff3e6328cc,tns,SN2026yiz,False
c394b8a6-37fb-4eb3-b6ec-2c7897e6fd9c,tns,AT2026yxx,False
7ff3578f-7cfd-416d-9213-351dd3877974,tns,AT2026yxy,False
8e3b5885-0c10-47f4-8201-c5f59a5224c5,tns,AT2026xzt,False
8e3b5885-0c10-47f4-8201-c5f59a5224c5,tns,SN2026xzt,False
58670ee2-d0a4-451f-b42e-871ab0c31f2a,tns,AT2026yxw,False
dc2ea81e-0960-4a51-b85e-f26d52f1da4f,tns,AT2026ywg,False
25fb865f-600d-4fa4-b255-950eda25882b,tns,AT2026yxi,False
ffa87d63-d677-4bee-a1d5-de4cfe6d01fa,tns,AT2026yxt,False
40f30e73-5893-43ba-86f0-e6f2a1b0bfeb,tns,AT2026yxu,False
02045383-8185-4896-af18-1bbe1b330d66,tns,SN2026xzu,False
1d7ae2a2-0b95-46c2-b513-d4ce8350a36b,gcn,Einstein Probe-01709280562,False
1d7ae2a2-0b95-46c2-b513-d4ce8350a36b,gcn,01709280562,False
62c37d48-dab6-42a8-8772-0c77a01c4772,tns,AT2025amzf,False
48a2ee25-6bd2-46d5-97d1-0544d10fbe72,tns,AT2025amzg,False
cd4037d0-ab5d-42ae-838a-a9f637ec5f7e,tns,AT2025amzh,False
4cfe90ea-52f7-4edd-b2d9-bb39c7db0271,tns,AT2025amzi,False
015d287b-8137-4801-a81d-59fa0bca5dce,tns,AT2025amzj,False
caadcd87-e071-478b-8c75-a7029231c219,tns,AT2025amzk,False
64b9ae56-8dc8-4203-8fe9-2f3a1c80445f,tns,AT2025amzl,False
7adb5c42-c22f-4a5c-b635-03a5dc93cf5c,tns,AT2025amzm,False
91909462-0c46-450a-99c1-0d5d9cc0e6e8,tns,AT2025amzn,False
1ac99081-e554-436d-88f9-4a5640a62019,tns,AT2025amzo,False
d5aa4303-d796-49ab-b718-42fdb7f78049,tns,AT2025amzp,False
73e25fd8-06f3-4c68-b5dd-6a656c380cef,tns,AT2025amzq,False
9117dff4-7e08-4d17-9701-a65f383ff5de,tns,AT2025amzr,False
6a004fb3-1b00-4aff-a492-4891bce33326,tns,AT2025amzs,False
8aca34be-0cf4-492f-9b0a-b1d3ff2ad8f1,tns,AT2025amzt,False
8dfc0979-2cb0-49a6-aaec-48df0b103fdd,gcn,Fermi-GBM-808419288,False
8dfc0979-2cb0-49a6-aaec-48df0b103fdd,gcn,Fermi GBM trigger 808419288,False
8dfc0979-2cb0-49a6-aaec-48df0b103fdd,gcn,bn260814705,False
ce6be565-67f6-4d13-b421-ef06a997a194,tns,AT2026xrv,False
56cb6d25-3140-4b6d-bbe6-332b39d1cce6,tns,AT2026yxp,False
010c05c9-c6c3-4a43-b39c-11cbe78f1fd3,tns,AT2026yxc,False
2b6f9478-f9b7-497c-834a-d7f8d87ad656,tns,AT2026yxe,False
3732c647-522d-423b-ae12-9b54e1a0b08f,tns,AT2026yxh,False
96316251-f9e4-4e4d-ba4d-95b436c818e8,tns,AT2026yxl,False
ebe109a8-b145-4c96-a591-642ae69c674a,tns,AT2026yxm,False
4eb1f896-8a57-43db-975e-8a4a94f8b1a8,tns,AT2026yxn,False
d55980ab-4215-473b-91ed-8c915710a8fd,tns,AT2026yxo,False
9c82ebc3-1bfc-40e2-9e9e-ab16d3c1e6e3,tns,AT2026yxa,False
83144d9c-56b1-4cf2-a679-b01d250a61ee,tns,AT2026ywp,False
83144d9c-56b1-4cf2-a679-b01d250a61ee,tns-public-reports,AT2026ywp,False
83144d9c-56b1-4cf2-a679-b01d250a61ee,tns-public-reports,ATLAS26jzk,False
a050c06b-2f4b-4b53-9807-f513f175d353,gcn,Einstein Probe-01709279838,False
a050c06b-2f4b-4b53-9807-f513f175d353,gcn,01709279838,False
932c187b-58e7-4622-bb4d-861e632f18d4,tns,AT2026ywo,False
932c187b-58e7-4622-bb4d-861e632f18d4,tns-public-reports,AT2026ywo,False
932c187b-58e7-4622-bb4d-861e632f18d4,tns-public-reports,ATLAS26jzj,False
a3770e83-c62b-4bb6-84d6-7145067406ab,gcn,GRB 260805D,False
bcef4b34-170f-4e9d-9fed-eae30914d979,tns,AT2026ywr,False
2a1fdefd-828d-4772-9bbd-9e46a49e951a,tns,AT2026ywt,False
659e8e71-a669-4b03-9e7e-65462f04f1ea,tns,AT2026ywu,False
6754d4eb-cd35-4059-9ab2-6fd832dceabc,tns,AT2026ywv,False
a2a939bd-71e3-4b54-a1e6-8941b2c8f91c,tns,AT2026ywx,False
d3a6e92c-50f0-4497-909f-a1ec0141810c,tns,AT2026ywy,False
c4f9817f-900e-4de2-9fed-c72cd61174a1,tns,AT2026ywz,False
d04e0f69-c958-4072-a4cd-9fcf035503c8,tns,AT2026xco,False
d04e0f69-c958-4072-a4cd-9fcf035503c8,tns-astronotes,AT2026xco,False
d04e0f69-c958-4072-a4cd-9fcf035503c8,tns-astronotes,2026xco,False
d04e0f69-c958-4072-a4cd-9fcf035503c8,tns-astronotes,SN2026xco,False
5f7ad25a-b4d6-41bc-9cd0-19669d59f6fd,tns,AT2026ywd,False
609e20f4-80a7-4490-bfc0-c0c983f87301,tns,AT2026ywe,False
f001331c-e444-44d2-8533-ef08b7b0275c,tns,AT2026ywh,False
1d1d5c74-f9b4-4a6d-a27e-de3bd3f40071,tns,AT2026ywi,False
c2ea075d-557e-4e51-bcc5-5943120318bb,tns,AT2026ywj,False
ead1be60-a449-4946-9d13-ec0ca252d6bb,tns,AT2026ywk,False
d7ac9e20-bb49-43ff-afba-bca5af5aad84,tns,AT2026ywl,False
20c95d9b-6e4b-4db9-b3e7-fdb4e0dc1d31,tns,AT2026ywm,False
bd80885a-2bd8-49af-b181-9e9751d6b8ef,tns,AT2026ywn,False
512871d6-47ce-486f-968f-ba0ccdc35c01,tns,AT2026ywb,False
948593b8-4308-4d0f-a44c-14c363519496,tns,AT2026wiu,False
5edd32e9-e3dc-4122-8881-4c77ec1aea40,tns,AT2026umf,False
0cc0641b-c88d-4c3f-87e0-6d978c9105d8,tns,AT2026wub,False
6b2c879a-ca0a-4778-a9f8-2a4304c5f0c6,tns,AT2026wlq,False
5e86ba0e-279c-4576-a316-3501dcde8482,tns,AT2026ywc,False
36c1c0d9-5165-48d1-b915-a812449c28ee,tns,AT2026xrb,False
980921bc-c801-4a8a-909e-e95f5b138dd3,tns,AT2026vgo,False
1450b68d-a86e-4a84-aef8-cc1809b6016d,gcn,Chime-1173573062,False
1450b68d-a86e-4a84-aef8-cc1809b6016d,gcn,1173573062,False
84affbad-ff02-44ba-adea-59f6fa854487,gcn,Fermi-GBM-808375828,False
84affbad-ff02-44ba-adea-59f6fa854487,gcn,Fermi GBM trigger 808375828,False
84affbad-ff02-44ba-adea-59f6fa854487,gcn,bn260814202,False
023863f9-96ef-41b4-b97b-b6d48a05bb90,tns,AT2026yvu,False
023863f9-96ef-41b4-b97b-b6d48a05bb90,tns-public-reports,AT2026yvu,False
023863f9-96ef-41b4-b97b-b6d48a05bb90,tns-public-reports,PS26hje,False
4485c49c-9ed4-4b5b-8ac9-fad0025f35c9,tns,AT2026yvw,False
393a093d-02eb-4df5-ac0a-782dcdec1bc5,tns,AT2026yje,False
393a093d-02eb-4df5-ac0a-782dcdec1bc5,tns-public-reports,AT2026yje,False
393a093d-02eb-4df5-ac0a-782dcdec1bc5,tns-public-reports,GOTO26ibd,False
530c08b4-25ed-4f9e-b79d-cbac29a2529e,tns,AT2026yjx,False
78ac7ba0-6f0e-468c-941e-81db32ec719e,tns,AT2026xqv,False
9e97038d-652d-487a-9b0a-ca16e1afb104,gcn,GRB 260813A,False
10fffa9e-9d5f-4feb-95f8-d3ebecda66ec,gcn,Fermi-GBM-808341387,False
10fffa9e-9d5f-4feb-95f8-d3ebecda66ec,gcn,Fermi GBM trigger 808341387,False
10fffa9e-9d5f-4feb-95f8-d3ebecda66ec,gcn,bn260813803,False
563a3b48-11f4-48cb-8588-4b4b198b69e5,tns,AT2026wze,False
970920bf-44a5-4445-ba5f-aef5733fb6d9,tns,AT2026xzr,False
0345ac2d-ea28-4697-83ba-953e9a4545c7,tns,AT2026orh,False
d9bfadbf-d126-455f-8542-dd6e0f73586b,tns,AT2026yvv,False
5a0ed804-7a4f-4941-ac3f-a24ac5314346,gcn,Chime-1173469870,False
5a0ed804-7a4f-4941-ac3f-a24ac5314346,gcn,1173469870,False
31232815-899f-4fd9-952f-2532b40a913b,tns,AT2026yup,False
b1d87d36-5dd0-4a5b-85f3-95d7e15b5a07,tns,AT2026yur,False
a8ac4718-d131-4ee8-a2c2-0faf3489e22f,tns,AT2026yus,False
d32c8aa8-52a1-4908-b0ae-a73304885906,tns,AT2026yut,False
b710f417-07f0-4033-8adc-6cd8ef30943b,tns,AT2026yuu,False
cb36e756-3cce-4c15-91f2-04ebb04a14f8,tns,AT2026yuv,False
fd4cc671-302c-468e-82d6-bf0a8691c432,tns,AT2026yuw,False
0fde0d0d-f16d-4be3-8720-e5efcb0881a4,tns,AT2026yux,False
0e5a92fe-1917-4b50-b530-68276816b4dd,tns,AT2026yuy,False
33abe1f7-1ff7-44b3-a214-29f870d0e3dd,tns,AT2026yuz,False
76a9e7e1-84e8-4b83-b399-2259b0d5e75f,tns,AT2026yva,False
57465fb9-4b81-41ac-adb5-ef9fac846648,tns,AT2026yvb,False
6ff2057f-5dfe-4ed8-ac24-226958bfcb13,tns,AT2026yvc,False
679a83e1-de77-46d0-9c74-983f58e54815,tns,AT2026yvd,False
884304a2-117a-4aa0-a7b1-ab00306bdc07,tns,AT2026yve,False
cc28ad08-0516-4636-9afe-05f3f46385c3,tns,AT2026yvf,False
3d7321e2-87c9-48a7-a408-0b985c6d6404,tns,AT2026yvg,False
6c354a98-58d4-4298-99ed-54c98bd7db82,tns,AT2026yvh,False
b95ad12e-3e39-41b1-9bd3-d0b6bbf624b3,tns,AT2026yvi,False
68dacc56-a214-4d7b-8d18-f24cc32a2980,tns,AT2026yvj,False
27a60caa-aef1-4d87-8676-a99a5aade44c,tns,AT2026yvk,False
53dbf75e-6715-4b48-961c-f99d84ca7662,tns,AT2026yvl,False
90693b93-296a-4fd7-a08d-d60d7d37b450,tns,AT2026yvm,False
edc621e0-e926-4d69-a0b2-05013c858ace,tns,AT2026yvn,False
917949e2-6527-40fc-9f51-0e1bb63f53ae,tns,AT2026yvo,False
d781a1c5-b8df-496b-99a0-af7979b4b43d,tns,AT2026yvp,False
12e4a982-91dc-4433-9cd0-01cc2f58725c,tns,AT2026yvr,False
11e86380-1c55-4c39-89f1-d8b82c1a185b,tns,AT2026yoj,False
97bdfc28-7d71-40e8-a069-561405f22659,tns,AT2026yvs,False
7fd961d8-d728-45ad-b8fd-1b1d2003dbd8,tns,AT2026yvt,False
d46fefeb-276d-4379-8474-72d3e5f60303,tns,AT2026yuo,False
db8c803a-4af5-41a4-aa88-447c49b7da3e,tns,SN2026ymb,False
9f235f95-e6a1-4ad5-891e-a33d3dd9de94,gcn,Chime-1173448304,False
9f235f95-e6a1-4ad5-891e-a33d3dd9de94,gcn,1173448304,False
cd48e12b-bd04-44a2-946e-59a8375148b3,gcn,Chime-1173398858,False
cd48e12b-bd04-44a2-946e-59a8375148b3,gcn,1173398858,False
09dd312c-4adc-48bc-8abe-a9cb0bd35d3d,gcn,Chime-1173391353,False
09dd312c-4adc-48bc-8abe-a9cb0bd35d3d,gcn,1173391353,False
e59cdf8c-8281-45a6-a1cd-e64a43a776cb,gcn,Chime-1173371798,False
e59cdf8c-8281-45a6-a1cd-e64a43a776cb,gcn,1173371798,False
f8abd49f-681a-4283-a7c6-6e19303677d3,tns,AT2026uxl,False
c1689f1c-108d-410b-927d-9a0ce2ad7289,tns,AT2026yul,False
c1689f1c-108d-410b-927d-9a0ce2ad7289,tns-public-reports,AT2026yul,False
d1ac69ca-0313-4ead-b7b9-faf3afd682de,gcn,SLX 1746-331,False
d1ac69ca-0313-4ead-b7b9-faf3afd682de,gcn,probable new transient MAXI J1750-327,False
d1ac69ca-0313-4ead-b7b9-faf3afd682de,gcn,1265175470,False
48ae4a94-18a0-4bac-8590-9c6b56fbcda6,tns-astronotes,AT2026rey,False
48ae4a94-18a0-4bac-8590-9c6b56fbcda6,tns-astronotes,2026rey,False
48ae4a94-18a0-4bac-8590-9c6b56fbcda6,tns-astronotes,SN2026rey,False
b211fc4b-5ec8-4fa8-ba1c-f35e23b8cf01,tns,AT2026yqj,False
b211fc4b-5ec8-4fa8-ba1c-f35e23b8cf01,tns-astronotes,AT2026yqj,False
b211fc4b-5ec8-4fa8-ba1c-f35e23b8cf01,tns-astronotes,2026yqj,False
b211fc4b-5ec8-4fa8-ba1c-f35e23b8cf01,tns-astronotes,SN2026yqj,False
a8f77c94-e0e2-4ad5-86ad-cb83a5e3fff1,tns,AT2026ypy,False
4e4ffd53-d852-42c2-8c9e-d70c80c55ac8,tns,AT2026xlg,False
49254c3a-3545-4445-b5ee-7a405cc1aebd,tns,AT2026wmk,False
bb29640e-479b-4b73-9859-cdd90ae4ff3e,gcn,Chime-1173437827,False
bb29640e-479b-4b73-9859-cdd90ae4ff3e,gcn,1173437827,False
43885ebd-2f1b-4c52-8cf8-29fe607c09d7,tns,AT2026yui,False
7a7cd7d0-9942-45f5-9762-36bbe5536389,tns,AT2026yuj,False
6112f046-1931-4d7d-86a8-2b1b5c486441,tns,AT2026yuk,False
26542935-5c2f-472c-80fb-bc90551ef8e5,gcn,GRB 260317A,False
c11cdbb5-2d4c-4a08-b1f5-9b0c66bc4f31,gcn,GRB 250607A,False
4a8af546-3940-40b8-9b9c-bce25d9f384d,gcn,GRB 260806A,False
243c9335-2d3c-44cf-aed4-26cded85397e,gcn,GRB 260807A,False
fae71c12-8a23-4f74-91d7-01e3f16acd3d,gcn,EP260806a,False
b357c379-6a76-441d-8095-a0e0cf979586,gcn,GRB 260805C,False
b58246bf-a42d-4834-b215-5e7f79eee806,gcn,GRB 260805B,False
70719124-7756-4445-8a6a-6c86acfcb59f,gcn,GRB 260804A,False
1451a9c7-212c-44c1-b99e-51f40241da78,gcn,GRB 260803A,False
59043a8e-517a-4a20-b277-f2b41a999bd2,gcn,GRB 260731A,False
ec884b2e-235b-4a46-b7ca-36dd263a8fdf,gcn,GRB 260730B,False
2adb1976-dbc5-4a61-ab14-0b77a91cb4b3,gcn,EP260731a,False
81a98a66-1fb5-43e8-bb5c-1099b03a12ca,gcn,GRB 260730A,False
9941a417-ee41-4b74-97ef-7236af39259b,gcn,EP260729a,False
dd7aae87-6669-4ad5-a43f-62c051fc41d5,gcn,GRB 260728A,False
f53e01b7-6169-4218-a004-da950241651e,gcn,IceCube-260708A,False
f53e01b7-6169-4218-a004-da950241651e,gcn,142827_7869742,False
ead0009f-980a-4577-b8bb-5a2194ba0335,gcn,GRB 260703B,False
3d30e7d9-f579-4942-b005-cec55b422ea5,gcn,IceCube-260712A,False
3d30e7d9-f579-4942-b005-cec55b422ea5,gcn,142854_16534371,False
90150035-3c07-4aec-be7d-5e63f69a5c03,gcn,IceCube-260704A,False
90150035-3c07-4aec-be7d-5e63f69a5c03,gcn,142791_45913213,False
d839dc44-45ab-48a9-bf6f-d35bc65f7965,gcn,GRB 260708B,False
f41e25ce-dd0b-4490-bc0d-8b5616ec8a67,gcn,AT2026oyp,False
71612216-04d8-43e3-9a4b-7183e33ca24c,gcn,GRB 260705C,False
b051d05f-eb1d-4fb6-a34b-62d293e37658,gcn,EP260707a,False
eb2fa480-5788-4573-9db1-d3d179f6733f,gcn,GRB 260704A,False
c1eca001-ce68-4ea9-9e30-5942bdb4e2e0,gcn,GRB 260727B,False
4efd15fb-2074-4d01-83ea-c5565d5f08c8,gcn,EP260725a,False
6e9f06a4-0ef5-41df-91a8-4aee8f9a8466,gcn,GRB 260602B,False
fec95e30-72c3-4160-b631-8e7d501a91de,gcn,GRB 260601A,False
c39963ba-9090-472d-982b-dd410806c78c,gcn,GRB 260721A,False
f88442bb-b360-4fc1-837b-3b2807eec8bf,gcn,IceCube-260622A,False
f88442bb-b360-4fc1-837b-3b2807eec8bf,gcn,142752_1835003,False
3d4eb48f-6162-4233-822b-2fb0f693f996,gcn,GRB 260701A,False
4bdb9657-876f-4705-aea6-39687ddb8c7c,gcn,GRB 260629A,False
7064427c-ede2-401b-b53e-61581292e6f3,gcn,EP260628b,False
896ecff0-75a1-4538-8b4e-251844a2350b,gcn,GRB 260623B,False
71211b2f-b6bb-4a82-9d15-6f6fbadf3ce0,gcn,EP260626a,False
2c787ee7-8dbd-4000-9137-860599a172c9,gcn,GRB 260628A,False
0c73f931-3688-4760-ae80-4ed127ee7018,gcn,EP260628a,False
f68dfbf3-3ed2-4845-992c-b44828a29420,gcn,GRB 260703A,False
9c620028-c21f-4b74-a381-1be97b32dcda,gcn,GRB 260310A,False
c62678f8-72ae-447a-b59b-e778b3042149,gcn,sb26071506,False
547ec417-d8dc-44e3-96b2-6c96c13beb54,gcn,GRB 260709A,False
232035e2-d1e8-46b5-bbde-0bc0d190f537,gcn,GRB 260715A,False
597db5b2-ea11-4423-8239-aaa8f84f7a76,gcn,EP260703a,False
f30a7659-c346-4821-a1cc-b38ecc2e11a2,gcn,GRB 250709A,False
b06b1d18-f907-4973-b4e4-9ae4312c01ec,gcn,GRB 260714B,False
467f1f63-6459-484f-9629-57c1f8233399,gcn,GRB 260706A,False
b60a5ee4-dedb-4549-bb2c-88b384e7b5a4,gcn,GRB 260705A,False
19d7a6b1-80eb-41eb-96db-c71869d7405b,gcn,EP260713a,False
83237391-6d6b-463a-b412-c7cd2cf410cd,gcn,GRB 260624A,False
43e773f3-eeb2-442f-ac10-1c694f684357,gcn,GRB 260618A,False
a66aa7a0-b17b-476c-9c4a-05f5feaaf3bb,gcn,GRB 260614B,False
d790d41f-6e00-436b-a5c9-7f90e51e035d,gcn,GRB 260618C,False
b30c6d88-bfcd-4fe5-a424-38cea4086ce7,gcn,GRB 260604B,False
8f070cb9-2e97-4116-9688-4423cbcbf2b7,gcn,EP260618a,False
9bd0ef42-11d2-4b3c-93ea-0a4fdcb118a0,gcn,GRB 260604A,False
059a328d-2ea4-4016-a181-64f2eb1949ab,gcn,GRB 260616A,False
bb7e2852-4aae-4fbd-b33d-c17da2d05fee,gcn,GRB 260605A,False
c1f70007-9b29-4672-8004-e010b57a8bfe,gcn,GRB 260623A,False
ecf5777d-d076-4f75-bdb5-c7981342844b,gcn,GRB 260616B,False
8975974b-073f-4f85-be21-d89d069c4c82,gcn,IceCube-Cascade 260618A,False
8975974b-073f-4f85-be21-d89d069c4c82,gcn,AMON 142737_24549075,False
8975974b-073f-4f85-be21-d89d069c4c82,gcn,IceCubeCascade-260618a,False
1196f86d-be27-4527-a52f-d6c01b8e3c11,gcn,GRB 260617A,False
426bfb93-9e6c-45ef-9ac7-327aae855903,gcn,GRB 260619A,False
d42abbc1-d2cb-4647-8be6-69187f41a391,gcn,IceCube-260610A,False
d42abbc1-d2cb-4647-8be6-69187f41a391,gcn,142709_10606089,False
cb84fe58-c729-4a8e-afb2-31a594d3df4d,gcn,GRB 260618B,False
cc98d95b-ff41-4ae0-b781-2116e60fdf25,gcn,EP260623a,False
d5e56880-424d-4139-9ae8-b6a4777d3ec5,gcn,GRB 260610B,False
9f261c6b-1719-4333-996a-c8874a318b32,gcn,EP260711a,False
6ca8ebc0-fc16-4229-bc06-243a468950e3,gcn,GRB 260710A,False
02e1b97e-eea4-4b2c-83ec-0b96cc35e640,tns-astronotes,AT2026ozw,False
02e1b97e-eea4-4b2c-83ec-0b96cc35e640,tns-public-reports,AT2026ozw,False
02e1b97e-eea4-4b2c-83ec-0b96cc35e640,tns-astronotes,2026ozw,False
02e1b97e-eea4-4b2c-83ec-0b96cc35e640,tns-astronotes,SN2026ozw,False
02e1b97e-eea4-4b2c-83ec-0b96cc35e640,tns-public-reports,ATLAS26hea,False
02e1b97e-eea4-4b2c-83ec-0b96cc35e640,tns-public-reports,GOTO26gho,False
02e1b97e-eea4-4b2c-83ec-0b96cc35e640,tns-public-reports,PS26dyx,False
02e1b97e-eea4-4b2c-83ec-0b96cc35e640,tns-public-reports,WFST260606spdx,False
02e1b97e-eea4-4b2c-83ec-0b96cc35e640,tns-public-reports,ZTF26abackhg,False
01f2d92a-acaf-4461-accb-5185fc0f4753,tns-astronotes,AT2026mxl,False
01f2d92a-acaf-4461-accb-5185fc0f4753,tns-public-reports,SN2026mxl,False
01f2d92a-acaf-4461-accb-5185fc0f4753,tns-astronotes,2026mxl,False
01f2d92a-acaf-4461-accb-5185fc0f4753,tns-astronotes,SN2026mxl,False
01f2d92a-acaf-4461-accb-5185fc0f4753,tns-public-reports,AT2026mxl,False
01f2d92a-acaf-4461-accb-5185fc0f4753,tns-public-reports,ATLAS26fuo,False
01f2d92a-acaf-4461-accb-5185fc0f4753,tns-public-reports,BGEM J125209.45-215140.2,False
01f2d92a-acaf-4461-accb-5185fc0f4753,tns-public-reports,GOTO26fdq,False
01f2d92a-acaf-4461-accb-5185fc0f4753,tns-public-reports,PS26bld,False
01f2d92a-acaf-4461-accb-5185fc0f4753,tns-public-reports,ZTF26aayhntm,False
b0181a94-5f12-46aa-9fef-7867133ea054,tns,AT2026yuf,False
3965329b-d010-4546-8699-034e1b7d56fe,tns,AT2026yug,False
344a9b2d-120c-4afd-8f1a-e3fdd439cf93,tns,AT2026yuh,False
c34f5ac0-5314-4b3a-9901-de6b81f8a4a5,gcn,EP260812b,False
6ccbfe62-2044-48b9-8e89-677df49f692e,tns,AT2026yuc,False
ea510083-d328-40fb-9034-61153ce6910f,tns,AT2026yud,False
34019ed4-8129-40c8-8634-59d01c9a9c59,gcn,Einstein Probe-01709278129,False
34019ed4-8129-40c8-8634-59d01c9a9c59,gcn,01709278129,False
0cef8253-fa70-4d0f-8c51-132f863be200,tns-astronotes,AT2020nlb,False
0cef8253-fa70-4d0f-8c51-132f863be200,tns-astronotes,2020nlb,False
0cef8253-fa70-4d0f-8c51-132f863be200,tns-astronotes,SN2020nlb,False
bcf01271-9fd8-4c96-97be-343fe421dbad,tns-astronotes,AT1987A,False
bcf01271-9fd8-4c96-97be-343fe421dbad,tns-astronotes,1987A,False
bcf01271-9fd8-4c96-97be-343fe421dbad,tns-astronotes,SN1987A,False
66fe3c7b-9df8-4401-91ae-164829689401,tns-astronotes,AT2019xis,False
66fe3c7b-9df8-4401-91ae-164829689401,tns-astronotes,2019xis,False
66fe3c7b-9df8-4401-91ae-164829689401,tns-astronotes,SN2019xis,False
b5113a9e-4e82-4fd4-a16a-a205830c78b9,tns-astronotes,AT2023ixf,False
b5113a9e-4e82-4fd4-a16a-a205830c78b9,tns-astronotes,2023ixf,False
b5113a9e-4e82-4fd4-a16a-a205830c78b9,tns-astronotes,SN2023ixf,False
05b4aea2-99a1-453b-a737-7d3f9bbb76f1,tns,AT2026yua,False
ba7fba95-8038-4dfa-8ca5-7c49dff4fa52,tns,AT2026yub,False
f239c4a5-b2fc-4e6a-aaf4-d1e27e2c7c0f,tns-astronotes,AT2020hvp,False
f239c4a5-b2fc-4e6a-aaf4-d1e27e2c7c0f,tns-astronotes,2020hvp,False
f239c4a5-b2fc-4e6a-aaf4-d1e27e2c7c0f,tns-astronotes,SN2020hvp,False
877c89f6-a20c-4dcf-b03a-85f23ff4629e,tns-astronotes,AT2023tyk,False
877c89f6-a20c-4dcf-b03a-85f23ff4629e,tns-astronotes,2023tyk,False
877c89f6-a20c-4dcf-b03a-85f23ff4629e,tns-astronotes,SN2023tyk,False
5b8bde90-a0a8-46e2-b0bc-96a1203c0d32,tns-astronotes,AT2020jfo,False
5b8bde90-a0a8-46e2-b0bc-96a1203c0d32,tns-astronotes,2020jfo,False
5b8bde90-a0a8-46e2-b0bc-96a1203c0d32,tns-astronotes,SN2020jfo,False
43c341f8-6275-4329-8af5-f86d7624dde1,tns-astronotes,AT2022owj,False
43c341f8-6275-4329-8af5-f86d7624dde1,tns-astronotes,2022owj,False
43c341f8-6275-4329-8af5-f86d7624dde1,tns-astronotes,SN2022owj,False
42d0fcc8-1e0c-4bea-be7d-4ed18ad75f07,tns-astronotes,AT2026pjn,False
42d0fcc8-1e0c-4bea-be7d-4ed18ad75f07,tns-astronotes,2026pjn,False
42d0fcc8-1e0c-4bea-be7d-4ed18ad75f07,tns-astronotes,SN2026pjn,False
7deaf389-67b9-4f1e-91d3-e01e0f39ce38,tns-astronotes,AT2026oxt,False
7deaf389-67b9-4f1e-91d3-e01e0f39ce38,tns-astronotes,2026oxt,False
7deaf389-67b9-4f1e-91d3-e01e0f39ce38,tns-astronotes,SN2026oxt,False
7023a80f-e298-4335-9b67-bc3f57c875c5,tns-astronotes,AT2026owx,False
7023a80f-e298-4335-9b67-bc3f57c875c5,tns-astronotes,2026owx,False
7023a80f-e298-4335-9b67-bc3f57c875c5,tns-astronotes,SN2026owx,False
1da45e51-3470-4a47-bb3d-ca290d0aca01,tns-astronotes,AT2026owd,False
1da45e51-3470-4a47-bb3d-ca290d0aca01,tns-astronotes,2026owd,False
1da45e51-3470-4a47-bb3d-ca290d0aca01,tns-astronotes,SN2026owd,False
febba66d-e0d8-4bd7-b87d-1f86e87dbf6b,tns-astronotes,AT2026our,False
febba66d-e0d8-4bd7-b87d-1f86e87dbf6b,tns-astronotes,2026our,False
febba66d-e0d8-4bd7-b87d-1f86e87dbf6b,tns-astronotes,SN2026our,False
4dd17c77-ebd2-4342-a9d5-f90961d6e825,tns-astronotes,AT2026osq,False
4dd17c77-ebd2-4342-a9d5-f90961d6e825,tns-astronotes,2026osq,False
4dd17c77-ebd2-4342-a9d5-f90961d6e825,tns-astronotes,SN2026osq,False
6b2af08c-be0f-4645-a693-5519c24a0932,tns-astronotes,AT2026pky,False
6b2af08c-be0f-4645-a693-5519c24a0932,tns-astronotes,2026pky,False
6b2af08c-be0f-4645-a693-5519c24a0932,tns-astronotes,SN2026pky,False
02b3971b-831a-4375-91a8-c02d0200cac8,tns-astronotes,AT2020nbs,False
02b3971b-831a-4375-91a8-c02d0200cac8,tns-public-reports,AT2020nbs,False
02b3971b-831a-4375-91a8-c02d0200cac8,tns-astronotes,2020nbs,False
02b3971b-831a-4375-91a8-c02d0200cac8,tns-astronotes,SN2020nbs,False
02b3971b-831a-4375-91a8-c02d0200cac8,tns-public-reports,ATLAS20qba,False
02b3971b-831a-4375-91a8-c02d0200cac8,tns-public-reports,ZTF18acgxjuy,False
9c2391ed-01f4-482d-86a8-0d6ef2eabd1f,tns-astronotes,AT2026osc,False
9c2391ed-01f4-482d-86a8-0d6ef2eabd1f,tns-astronotes,2026osc,False
9c2391ed-01f4-482d-86a8-0d6ef2eabd1f,tns-astronotes,SN2026osc,False
d43b14ac-8da9-49a4-bf4e-6558ea8dc5a4,tns-astronotes,AT2026ogd,False
d43b14ac-8da9-49a4-bf4e-6558ea8dc5a4,tns-astronotes,2026ogd,False
d43b14ac-8da9-49a4-bf4e-6558ea8dc5a4,tns-astronotes,SN2026ogd,False
b6d379b0-49cd-4268-b25d-c594cd3810ba,tns-astronotes,AT2026ong,False
b6d379b0-49cd-4268-b25d-c594cd3810ba,tns-astronotes,2026ong,False
b6d379b0-49cd-4268-b25d-c594cd3810ba,tns-astronotes,SN2026ong,False
0bb1bc11-beb4-4d8a-861e-3e5c3e47dadc,tns-astronotes,AT2026ous,False
0bb1bc11-beb4-4d8a-861e-3e5c3e47dadc,tns-astronotes,2026ous,False
0bb1bc11-beb4-4d8a-861e-3e5c3e47dadc,tns-astronotes,SN2026ous,False
22664a2e-84e5-488b-93d7-4988fb9cc41c,tns-astronotes,AT2026paj,False
22664a2e-84e5-488b-93d7-4988fb9cc41c,tns-astronotes,2026paj,False
22664a2e-84e5-488b-93d7-4988fb9cc41c,tns-astronotes,SN2026paj,False
60e3178d-5ec3-407c-8b89-6011a6d64b8c,tns-astronotes,AT2023aew,False
60e3178d-5ec3-407c-8b89-6011a6d64b8c,tns-astronotes,2023aew,False
60e3178d-5ec3-407c-8b89-6011a6d64b8c,tns-astronotes,SN2023aew,False
3d95be05-d014-4587-a03b-4f186ef2e4a6,tns-astronotes,AT2025amdo,False
3d95be05-d014-4587-a03b-4f186ef2e4a6,tns-astronotes,2025amdo,False
3d95be05-d014-4587-a03b-4f186ef2e4a6,tns-astronotes,SN2025amdo,False
cde42331-e113-41cb-8def-d41560615491,tns-astronotes,AT2026pil,False
cde42331-e113-41cb-8def-d41560615491,tns-astronotes,2026pil,False
cde42331-e113-41cb-8def-d41560615491,tns-astronotes,SN2026pil,False
f1d848fb-4c92-44d0-aded-469124810bda,tns-astronotes,AT2026pnc,False
f1d848fb-4c92-44d0-aded-469124810bda,tns-astronotes,2026pnc,False
f1d848fb-4c92-44d0-aded-469124810bda,tns-astronotes,SN2026pnc,False
15b6e501-e30c-445c-94c5-a28f660f850c,tns-astronotes,AT2026pmo,False
15b6e501-e30c-445c-94c5-a28f660f850c,tns-astronotes,2026pmo,False
15b6e501-e30c-445c-94c5-a28f660f850c,tns-astronotes,SN2026pmo,False
788c1a58-b6b6-4084-b1a5-3552271e87ec,tns-astronotes,AT2026pkg,False
788c1a58-b6b6-4084-b1a5-3552271e87ec,tns-astronotes,2026pkg,False
788c1a58-b6b6-4084-b1a5-3552271e87ec,tns-astronotes,SN2026pkg,False
6cc408a6-0303-4ca8-84c7-26e84bcec01d,tns-astronotes,AT2026pmv,False
6cc408a6-0303-4ca8-84c7-26e84bcec01d,tns-astronotes,2026pmv,False
6cc408a6-0303-4ca8-84c7-26e84bcec01d,tns-astronotes,SN2026pmv,False
2b039314-c87b-431c-b75e-050c6e67f832,tns-astronotes,AT2026pkz,False
2b039314-c87b-431c-b75e-050c6e67f832,tns-astronotes,2026pkz,False
2b039314-c87b-431c-b75e-050c6e67f832,tns-astronotes,SN2026pkz,False
b2d60dc0-0516-4483-9501-f4a42b5fa05a,tns-astronotes,AT2026obc,False
b2d60dc0-0516-4483-9501-f4a42b5fa05a,tns-astronotes,2026obc,False
b2d60dc0-0516-4483-9501-f4a42b5fa05a,tns-astronotes,SN2026obc,False
3cecc924-872d-466f-89bb-b09e5c6916a4,tns-astronotes,AT2026qbk,False
3cecc924-872d-466f-89bb-b09e5c6916a4,tns-astronotes,2026qbk,False
3cecc924-872d-466f-89bb-b09e5c6916a4,tns-astronotes,SN2026qbk,False
10a85618-c1ef-4ec0-b87a-06fc58109685,tns-astronotes,AT2026qbu,False
10a85618-c1ef-4ec0-b87a-06fc58109685,tns-astronotes,2026qbu,False
10a85618-c1ef-4ec0-b87a-06fc58109685,tns-astronotes,SN2026qbu,False
8dd1555f-5f6f-458b-baf7-b863016424e8,tns-astronotes,AT2026puh,False
8dd1555f-5f6f-458b-baf7-b863016424e8,tns-astronotes,2026puh,False
8dd1555f-5f6f-458b-baf7-b863016424e8,tns-astronotes,SN2026puh,False
545bb5e7-6f38-4406-88f0-9ee2d13aad6b,tns-astronotes,AT2024lwa,False
545bb5e7-6f38-4406-88f0-9ee2d13aad6b,tns-astronotes,2024lwa,False
545bb5e7-6f38-4406-88f0-9ee2d13aad6b,tns-astronotes,SN2024lwa,False
0d4ed47a-b129-44cd-b9d2-0f7b278aa5bf,tns-astronotes,AT2026qqg,False
0d4ed47a-b129-44cd-b9d2-0f7b278aa5bf,tns-astronotes,2026qqg,False
0d4ed47a-b129-44cd-b9d2-0f7b278aa5bf,tns-astronotes,SN2026qqg,False
d61c6e2c-f6cd-402f-99fb-fcaf4eb38a54,tns-astronotes,AT2026qdn,False
d61c6e2c-f6cd-402f-99fb-fcaf4eb38a54,tns-astronotes,2026qdn,False
d61c6e2c-f6cd-402f-99fb-fcaf4eb38a54,tns-astronotes,SN2026qdn,False
7d492bbb-d729-422d-a1f6-374e0027579e,tns-astronotes,AT2026qdr,False
7d492bbb-d729-422d-a1f6-374e0027579e,tns-astronotes,2026qdr,False
7d492bbb-d729-422d-a1f6-374e0027579e,tns-astronotes,SN2026qdr,False
1e190b83-004c-4069-9da4-9c847abf7cc9,tns-astronotes,AT2026pla,False
1e190b83-004c-4069-9da4-9c847abf7cc9,tns-astronotes,2026pla,False
1e190b83-004c-4069-9da4-9c847abf7cc9,tns-astronotes,SN2026pla,False
7deac282-02df-4949-a843-692b366ddef5,tns-astronotes,AT2026qad,False
7deac282-02df-4949-a843-692b366ddef5,tns-astronotes,2026qad,False
7deac282-02df-4949-a843-692b366ddef5,tns-astronotes,SN2026qad,False
9323f33a-083d-4249-a800-9fd7c3cfeb2f,tns-astronotes,AT2026ojj,False
9323f33a-083d-4249-a800-9fd7c3cfeb2f,tns-astronotes,2026ojj,False
9323f33a-083d-4249-a800-9fd7c3cfeb2f,tns-astronotes,SN2026ojj,False
a0e365fe-d77e-4142-9e8c-48bcb31aeecb,tns-astronotes,AT2026ofr,False
a0e365fe-d77e-4142-9e8c-48bcb31aeecb,tns-astronotes,2026ofr,False
a0e365fe-d77e-4142-9e8c-48bcb31aeecb,tns-astronotes,SN2026ofr,False
03999e38-1a1a-4006-b743-7070cee5b102,tns-astronotes,AT2026noc,False
03999e38-1a1a-4006-b743-7070cee5b102,tns-astronotes,2026noc,False
03999e38-1a1a-4006-b743-7070cee5b102,tns-astronotes,SN2026noc,False
64e93336-cba5-489e-aa88-90c24e7b57a4,tns-astronotes,AT2026nmo,False
64e93336-cba5-489e-aa88-90c24e7b57a4,tns-astronotes,2026nmo,False
64e93336-cba5-489e-aa88-90c24e7b57a4,tns-astronotes,SN2026nmo,False
699ffa55-abbd-47b2-8f8f-e7846fe34100,tns-astronotes,AT2026nco,False
699ffa55-abbd-47b2-8f8f-e7846fe34100,tns-astronotes,2026nco,False
699ffa55-abbd-47b2-8f8f-e7846fe34100,tns-astronotes,SN2026nco,False
ac05d288-1138-4962-b559-940bc3959f6a,tns-astronotes,AT2026mqo,False
ac05d288-1138-4962-b559-940bc3959f6a,tns-astronotes,2026mqo,False
ac05d288-1138-4962-b559-940bc3959f6a,tns-astronotes,SN2026mqo,False
d58781ad-6fb3-466d-84f4-4b7ae1ac4869,tns-astronotes,AT2026qui,False
d58781ad-6fb3-466d-84f4-4b7ae1ac4869,tns-astronotes,2026qui,False
d58781ad-6fb3-466d-84f4-4b7ae1ac4869,tns-astronotes,SN2026qui,False
5604b44e-746e-4081-854a-c26f62e6a225,tns-astronotes,AT2026qco,False
5604b44e-746e-4081-854a-c26f62e6a225,tns-astronotes,2026qco,False
5604b44e-746e-4081-854a-c26f62e6a225,tns-astronotes,SN2026qco,False
ddd691a8-27d6-4c96-a715-08a934054c0d,tns-astronotes,AT2026nwx,False
ddd691a8-27d6-4c96-a715-08a934054c0d,tns-astronotes,2026nwx,False
ddd691a8-27d6-4c96-a715-08a934054c0d,tns-astronotes,SN2026nwx,False
2d796e39-f5d1-4b52-911e-dcb7622e99bb,tns-astronotes,AT2026nux,False
2d796e39-f5d1-4b52-911e-dcb7622e99bb,tns-astronotes,2026nux,False
2d796e39-f5d1-4b52-911e-dcb7622e99bb,tns-astronotes,SN2026nux,False
86fbf07a-91c4-4247-9fa1-8db77e7fb199,tns-astronotes,AT2026nuj,False
86fbf07a-91c4-4247-9fa1-8db77e7fb199,tns-astronotes,2026nuj,False
86fbf07a-91c4-4247-9fa1-8db77e7fb199,tns-astronotes,SN2026nuj,False
0cef50c0-518a-4c37-93f5-9cf0cf94f004,tns-astronotes,AT2026nth,False
0cef50c0-518a-4c37-93f5-9cf0cf94f004,tns-astronotes,2026nth,False
0cef50c0-518a-4c37-93f5-9cf0cf94f004,tns-astronotes,SN2026nth,False
43bd8dae-b1fa-4e81-a99a-cf479b460e98,tns-astronotes,AT2026qfd,False
43bd8dae-b1fa-4e81-a99a-cf479b460e98,tns-astronotes,2026qfd,False
43bd8dae-b1fa-4e81-a99a-cf479b460e98,tns-astronotes,SN2026qfd,False
3936211c-863d-40b9-a782-dd036dcd3904,tns-astronotes,AT2026pxz,False
3936211c-863d-40b9-a782-dd036dcd3904,tns-astronotes,2026pxz,False
3936211c-863d-40b9-a782-dd036dcd3904,tns-astronotes,SN2026pxz,False
c6d4de25-23df-4740-9e09-404bcdd7b7b2,tns,AT2026yeu,False
e13d79fd-7653-48e0-a40b-309284d6f357,tns,AT2026yfd,False
3644049f-585e-4562-8905-fdfe220bb109,tns-astronotes,AT2020aboe,False
3644049f-585e-4562-8905-fdfe220bb109,tns-astronotes,2020aboe,False
3644049f-585e-4562-8905-fdfe220bb109,tns-astronotes,SN2020aboe,False
c9b9f7c5-fa90-4ed5-b53f-c0861e0e42db,tns-astronotes,AT2026rsp,False
c9b9f7c5-fa90-4ed5-b53f-c0861e0e42db,tns-astronotes,2026rsp,False
c9b9f7c5-fa90-4ed5-b53f-c0861e0e42db,tns-astronotes,SN2026rsp,False
a2a08acd-007b-4bfe-a1f8-1c0905f94e18,tns,SN2026sun,False
a2a08acd-007b-4bfe-a1f8-1c0905f94e18,tns-astronotes,AT2026sun,False
a2a08acd-007b-4bfe-a1f8-1c0905f94e18,tns-astronotes,2026sun,False
a2a08acd-007b-4bfe-a1f8-1c0905f94e18,tns-astronotes,SN2026sun,False
9f01be86-15d3-4fb9-891e-0b5ed52fb932,tns-astronotes,AT2026tim,False
9f01be86-15d3-4fb9-891e-0b5ed52fb932,tns-astronotes,2026tim,False
9f01be86-15d3-4fb9-891e-0b5ed52fb932,tns-astronotes,SN2026tim,False
9f6c6e52-a13f-4aeb-9ed5-84032e65ad06,tns-astronotes,AT2021syi,False
9f6c6e52-a13f-4aeb-9ed5-84032e65ad06,tns-astronotes,2021syi,False
9f6c6e52-a13f-4aeb-9ed5-84032e65ad06,tns-astronotes,SN2021syi,False
e980a5ce-e5c3-481e-9bfe-d907fb7440dc,tns-astronotes,AT2018jir,False
e980a5ce-e5c3-481e-9bfe-d907fb7440dc,tns-astronotes,2018jir,False
e980a5ce-e5c3-481e-9bfe-d907fb7440dc,tns-astronotes,SN2018jir,False
d0fb34c3-ebb4-4254-8263-59c5cf8ab4ac,tns-astronotes,AT2021ahvo,False
d0fb34c3-ebb4-4254-8263-59c5cf8ab4ac,tns-astronotes,2021ahvo,False
d0fb34c3-ebb4-4254-8263-59c5cf8ab4ac,tns-astronotes,SN2021ahvo,False
dc5f34f1-3473-479a-bedc-40f1414f4570,tns-astronotes,AT2020xmt,False
dc5f34f1-3473-479a-bedc-40f1414f4570,tns-astronotes,2020xmt,False
dc5f34f1-3473-479a-bedc-40f1414f4570,tns-astronotes,SN2020xmt,False
655cbccd-d957-44a6-9450-f79ce66aa2ac,tns-astronotes,AT2020vdq,False
655cbccd-d957-44a6-9450-f79ce66aa2ac,tns-astronotes,2020vdq,False
655cbccd-d957-44a6-9450-f79ce66aa2ac,tns-astronotes,SN2020vdq,False
94fd2abb-1dc5-4c1a-b48d-288abb3859f9,tns-astronotes,AT2026sqf,False
94fd2abb-1dc5-4c1a-b48d-288abb3859f9,tns-astronotes,2026sqf,False
94fd2abb-1dc5-4c1a-b48d-288abb3859f9,tns-astronotes,SN2026sqf,False
9fefbd61-2e06-47c4-b0b6-5f8fb18f479d,tns-astronotes,AT2026rcy,False
9fefbd61-2e06-47c4-b0b6-5f8fb18f479d,tns-astronotes,2026rcy,False
9fefbd61-2e06-47c4-b0b6-5f8fb18f479d,tns-astronotes,SN2026rcy,False
2c747e31-d739-45dd-a778-de3acb498de5,tns-astronotes,AT2026qzl,False
2c747e31-d739-45dd-a778-de3acb498de5,tns-astronotes,2026qzl,False
2c747e31-d739-45dd-a778-de3acb498de5,tns-astronotes,SN2026qzl,False
1bb35627-96e2-4450-b838-f1be563f67db,tns-astronotes,AT2026srw,False
1bb35627-96e2-4450-b838-f1be563f67db,tns-astronotes,2026srw,False
1bb35627-96e2-4450-b838-f1be563f67db,tns-astronotes,SN2026srw,False
81cd8c54-a84f-4fa4-bb63-cbc58bf96a48,tns-astronotes,AT2025imk,False
81cd8c54-a84f-4fa4-bb63-cbc58bf96a48,tns-astronotes,2025imk,False
81cd8c54-a84f-4fa4-bb63-cbc58bf96a48,tns-astronotes,SN2025imk,False
524dda24-8339-457d-ad5b-a591063d3db4,tns-astronotes,AT2025ikg,False
524dda24-8339-457d-ad5b-a591063d3db4,tns-astronotes,2025ikg,False
524dda24-8339-457d-ad5b-a591063d3db4,tns-astronotes,SN2025ikg,False
6e6e0295-36c0-4da8-8368-17977403e80d,tns-astronotes,AT2025ijv,False
6e6e0295-36c0-4da8-8368-17977403e80d,tns-astronotes,2025ijv,False
6e6e0295-36c0-4da8-8368-17977403e80d,tns-astronotes,SN2025ijv,False
60c6f8f5-3ba5-4126-89d5-76822f0475a5,tns-astronotes,AT2025iiv,False
60c6f8f5-3ba5-4126-89d5-76822f0475a5,tns-astronotes,2025iiv,False
60c6f8f5-3ba5-4126-89d5-76822f0475a5,tns-astronotes,SN2025iiv,False
4193c04f-6df9-4497-a270-fb25408d4ed4,tns-astronotes,AT2025iit,False
4193c04f-6df9-4497-a270-fb25408d4ed4,tns-astronotes,2025iit,False
4193c04f-6df9-4497-a270-fb25408d4ed4,tns-astronotes,SN2025iit,False
e5988551-9fde-48bc-99bb-7564f37cc97e,tns-astronotes,AT2025iil,False
e5988551-9fde-48bc-99bb-7564f37cc97e,tns-astronotes,2025iil,False
e5988551-9fde-48bc-99bb-7564f37cc97e,tns-astronotes,SN2025iil,False
5243eacf-0ea6-4c36-bd6a-196defe2eb59,tns-astronotes,AT2025iif,False
5243eacf-0ea6-4c36-bd6a-196defe2eb59,tns-astronotes,2025iif,False
5243eacf-0ea6-4c36-bd6a-196defe2eb59,tns-astronotes,SN2025iif,False
241f5393-7011-4fcf-9c90-07289d1ceeb1,tns-astronotes,AT2025iic,False
241f5393-7011-4fcf-9c90-07289d1ceeb1,tns-astronotes,2025iic,False
241f5393-7011-4fcf-9c90-07289d1ceeb1,tns-astronotes,SN2025iic,False
eb6c438b-a2f2-48f6-8ac6-3944d2cd231e,tns-astronotes,AT2025ihj,False
eb6c438b-a2f2-48f6-8ac6-3944d2cd231e,tns-astronotes,2025ihj,False
eb6c438b-a2f2-48f6-8ac6-3944d2cd231e,tns-astronotes,SN2025ihj,False
8fac2504-9dcf-429a-b4b1-5d3591680f81,tns-astronotes,AT2025idt,False
8fac2504-9dcf-429a-b4b1-5d3591680f81,tns-astronotes,2025idt,False
8fac2504-9dcf-429a-b4b1-5d3591680f81,tns-astronotes,SN2025idt,False
ab781386-7bca-4315-804f-cfe3ab73c515,tns-astronotes,AT2025ico,False
ab781386-7bca-4315-804f-cfe3ab73c515,tns-astronotes,2025ico,False
ab781386-7bca-4315-804f-cfe3ab73c515,tns-astronotes,SN2025ico,False
9e1acb73-b811-42bd-819d-c585e3068703,tns-astronotes,AT2025icd,False
9e1acb73-b811-42bd-819d-c585e3068703,tns-astronotes,2025icd,False
9e1acb73-b811-42bd-819d-c585e3068703,tns-astronotes,SN2025icd,False
bf34d2cb-dc42-4ff4-a37b-2d9a5c6f08a9,tns-astronotes,AT2025iau,False
bf34d2cb-dc42-4ff4-a37b-2d9a5c6f08a9,tns-astronotes,2025iau,False
bf34d2cb-dc42-4ff4-a37b-2d9a5c6f08a9,tns-astronotes,SN2025iau,False
243a6e72-1214-4835-b804-7c1e793efe12,tns-astronotes,AT2025hzp,False
243a6e72-1214-4835-b804-7c1e793efe12,tns-astronotes,2025hzp,False
243a6e72-1214-4835-b804-7c1e793efe12,tns-astronotes,SN2025hzp,False
8f13c501-36f8-4fa8-ab51-c60d6fedbff7,tns-astronotes,AT2025hym,False
8f13c501-36f8-4fa8-ab51-c60d6fedbff7,tns-astronotes,2025hym,False
8f13c501-36f8-4fa8-ab51-c60d6fedbff7,tns-astronotes,SN2025hym,False
d1c53ad0-5555-4d80-8863-2ea31a9c78a6,tns-astronotes,AT2025hxf,False
d1c53ad0-5555-4d80-8863-2ea31a9c78a6,tns-astronotes,2025hxf,False
d1c53ad0-5555-4d80-8863-2ea31a9c78a6,tns-astronotes,SN2025hxf,False
389fc8c0-82c3-441c-ae82-d752273a6926,tns-astronotes,AT2025hvq,False
389fc8c0-82c3-441c-ae82-d752273a6926,tns-astronotes,2025hvq,False
389fc8c0-82c3-441c-ae82-d752273a6926,tns-astronotes,SN2025hvq,False
53533fb4-50ec-46cb-ae07-61cc9f906042,tns-astronotes,AT2025hoq,False
53533fb4-50ec-46cb-ae07-61cc9f906042,tns-astronotes,2025hoq,False
53533fb4-50ec-46cb-ae07-61cc9f906042,tns-astronotes,SN2025hoq,False
f9b01d51-2567-4079-ac70-a2c2b5ac5ca6,tns-astronotes,AT2025hnv,False
f9b01d51-2567-4079-ac70-a2c2b5ac5ca6,tns-astronotes,2025hnv,False
f9b01d51-2567-4079-ac70-a2c2b5ac5ca6,tns-astronotes,SN2025hnv,False
49a1dc84-e5d2-4e39-90eb-41f6a069662f,tns-astronotes,AT2025hmf,False
49a1dc84-e5d2-4e39-90eb-41f6a069662f,tns-astronotes,2025hmf,False
49a1dc84-e5d2-4e39-90eb-41f6a069662f,tns-astronotes,SN2025hmf,False
5459a135-8c7c-448f-99cc-84b5000c1072,tns-astronotes,AT2025hkd,False
5459a135-8c7c-448f-99cc-84b5000c1072,tns-astronotes,2025hkd,False
5459a135-8c7c-448f-99cc-84b5000c1072,tns-astronotes,SN2025hkd,False
65b9e681-6c0f-43e7-a912-18d04db1140b,tns-astronotes,AT2025hes,False
65b9e681-6c0f-43e7-a912-18d04db1140b,tns-astronotes,2025hes,False
65b9e681-6c0f-43e7-a912-18d04db1140b,tns-astronotes,SN2025hes,False
2d4689f1-9903-4e5d-9b3a-609a9063a621,tns-astronotes,AT2025heg,False
2d4689f1-9903-4e5d-9b3a-609a9063a621,tns-astronotes,2025heg,False
2d4689f1-9903-4e5d-9b3a-609a9063a621,tns-astronotes,SN2025heg,False
5a002a68-243d-4995-b6e3-0b265ec53312,tns-astronotes,AT2025hcw,False
5a002a68-243d-4995-b6e3-0b265ec53312,tns-astronotes,2025hcw,False
5a002a68-243d-4995-b6e3-0b265ec53312,tns-astronotes,SN2025hcw,False
3ec9a8b5-7e38-461f-8e79-6dc1c949f155,tns-astronotes,AT2026tzm,False
3ec9a8b5-7e38-461f-8e79-6dc1c949f155,tns-astronotes,2026tzm,False
3ec9a8b5-7e38-461f-8e79-6dc1c949f155,tns-astronotes,SN2026tzm,False
f9ea10ad-bf1f-4e58-8470-a6bbfa45cdd5,tns-astronotes,AT2026rcf,False
f9ea10ad-bf1f-4e58-8470-a6bbfa45cdd5,tns-astronotes,2026rcf,False
f9ea10ad-bf1f-4e58-8470-a6bbfa45cdd5,tns-astronotes,SN2026rcf,False
37a0ad02-9dc6-45fe-8ca2-7d95d544e8f6,tns-astronotes,AT2026pwc,False
37a0ad02-9dc6-45fe-8ca2-7d95d544e8f6,tns-astronotes,2026pwc,False
37a0ad02-9dc6-45fe-8ca2-7d95d544e8f6,tns-astronotes,SN2026pwc,False
b2185fff-488e-49d5-8eb8-850e4f0c896c,tns-astronotes,AT2026vbh,False
b2185fff-488e-49d5-8eb8-850e4f0c896c,tns-astronotes,2026vbh,False
b2185fff-488e-49d5-8eb8-850e4f0c896c,tns-astronotes,SN2026vbh,False
f1dfc6f8-30de-4969-8b99-517ce865bcd1,tns-astronotes,AT2026vec,False
f1dfc6f8-30de-4969-8b99-517ce865bcd1,tns-astronotes,2026vec,False
f1dfc6f8-30de-4969-8b99-517ce865bcd1,tns-astronotes,SN2026vec,False
4ccd24ac-140d-4291-ab99-a342b07dfc8d,tns,AT2026vqn,False
20694da7-f32b-45a1-ab71-522e5afe730b,tns,AT2026ytu,False
4089ac9c-0ceb-4d38-8636-a4723697a5c8,tns,AT2026ytv,False
f17ab118-052d-46a1-a962-1bb5b96599a7,tns,AT2026ytw,False
e5159385-5d3d-4155-9dba-74f6a0c8cbd4,tns,SN2026oot,False
42901d14-a3e8-439c-b808-4a43d84afa1f,tns,AT2026vfa,False
e19e7446-e70c-451f-8a78-610d3a7f1d35,tns,AT2026ygi,False
3bbd13d9-4b15-437f-b4d4-6c1134d94bcc,tns,AT2026yis,False
086c8625-3485-4bd1-9eb1-a221dc6a40dc,tns,AT2026yty,False
a1c5d23e-6f6a-4ec9-b95a-7928ee0456f9,tns,AT2026yto,False
48be6883-4d4e-4655-9f7e-cae627122360,gcn,GRB 260810A,False
ce194062-3455-491b-9cd1-95424716c75e,tns,AT2026ytr,False
62f3aa48-e557-47b3-a3c4-1fd81a8dad94,tns,AT2026yts,False
524eaba1-c08d-405d-bf2f-41e5f5ae36b5,tns,AT2026ytt,False
0eade9bd-24ea-4ebf-a95f-4e6e7e1cf73c,tns-astronotes,AT2021zon,False
0eade9bd-24ea-4ebf-a95f-4e6e7e1cf73c,tns-public-reports,SN2021zon,False
0eade9bd-24ea-4ebf-a95f-4e6e7e1cf73c,tns-astronotes,2021zon,False
0eade9bd-24ea-4ebf-a95f-4e6e7e1cf73c,tns-public-reports,AT2021zon,False
0eade9bd-24ea-4ebf-a95f-4e6e7e1cf73c,tns-public-reports,ATLAS21bjix,False
0eade9bd-24ea-4ebf-a95f-4e6e7e1cf73c,tns-public-reports,PS21kiy,False
0eade9bd-24ea-4ebf-a95f-4e6e7e1cf73c,tns-public-reports,ZTF21acdupol,False
6a99e846-5179-4861-a98f-19ccafd5c573,tns,AT2026ytj,False
e85fb779-36bf-4e48-bb73-feac914b47c4,tns,AT2026ytk,False
e8a40578-01d3-4ebc-a619-44519f5f9027,tns,AT2026ytl,False
8c76f3fd-4b69-43f1-9fc0-0dd33b9f2d08,tns,AT2026ytm,False
83e7b6c4-4ccc-412a-bafb-eeac77d40688,tns,AT2026ytn,False
5437ad0d-f85a-4114-bea6-93dba21b0b7d,tns,AT2026ytp,False
b0072450-6c2a-4d73-83f5-77993b60c608,tns,AT2026ytq,False
088176ac-9419-4a14-885f-7109a50a0e18,tns,AT2024aijt,False
86698665-ada0-4f89-a0b6-488099b04120,tns,AT2026ytd,False
2657fafc-4c28-40ce-aa46-b27cfb56629e,tns,AT2026vsr,False
44dd1aa1-1ed1-4efc-91fc-a3feae73c261,tns,AT2026ytf,False
fdbe5b6d-64fc-4e01-8543-d2311c762798,tns,AT2026ypw,False
88a22fe1-f524-4166-be59-07245f2e6b98,tns,AT2026ytg,False
435aca82-5591-4b02-80bb-882623290935,tns,AT2026yth,False
28523107-815f-487f-9452-51b18f2cac36,tns,AT2026yti,False
469b4298-2e4f-42e9-bfbd-8d742efbe5ff,tns,AT2026yqm,False
e802c10e-dd45-4222-8b57-cde3b3682281,tns,AT2026yqn,False
9e48a3a7-9fa1-471b-8076-0072c1ee953c,tns,AT2026yqo,False
cfde7d14-c751-4e96-97ee-084966dc2f71,tns,AT2026yqp,False
1853c9e2-3636-4fec-85bc-2e921fd27d23,tns,AT2026yqq,False
14c18fef-ddfa-4453-bf0c-a181e19bba4d,tns,AT2026yqr,False
4dc5f706-b6f6-402d-9375-6a7165dd7a0f,tns,AT2026yqs,False
a0f11b24-75f7-44e4-9b2a-bba720a9bd72,tns,AT2026yqt,False
9e493517-852f-42ce-9882-5e665e0d2ce9,tns,AT2026yqu,False
c28d29d4-9765-4003-b111-c531845b733d,tns,AT2026yqv,False
c88c81b4-bfe8-4ac0-aac3-b392e2a0f4ff,tns,AT2026yqw,False
460f4930-afc4-4409-b462-4a827440fa14,tns,AT2026yqx,False
3967a96c-92d2-4202-a08e-7b5188f6f9d3,tns,AT2026yqy,False
0591d94b-7529-46fd-90c4-34491eb72f30,tns,AT2026yqz,False
8fc0c8c5-8529-4c6f-91c8-edf0098bb5a0,tns,AT2026yra,False
0599e370-7733-4644-8bfd-0862919a6c79,tns,AT2026yrb,False
8f14c5dc-79f4-4a41-a649-9cf408c03bf3,tns,AT2026yrc,False
cb4d6d69-b5dc-4194-a668-b8ff9f4fb444,tns,AT2026yrd,False
628278f2-2df8-4dd3-9189-0393de721f0f,tns,AT2026yre,False
fd52d66a-0256-43ba-97c2-15a4a7a4c77d,tns,AT2026yrf,False
a597f2a1-292d-44c0-ab56-4c6c4b26bbf5,tns,AT2026yrg,False
286b9fd6-4914-43ad-8423-b303cc3e73fa,tns,AT2026yrh,False
207273eb-edac-4e1e-b9fb-bee436e22f88,tns,AT2026yri,False
03e73a4e-4d49-45b2-bd3f-1ab1e6489076,tns,AT2026yrj,False
a9f550b5-19d8-4fa5-b6aa-3b250d3fb0ab,tns,AT2026yrk,False
2e4ff1e9-2109-4d4c-a7ba-9d448242cf3d,tns,AT2026yrl,False
45d4895d-e26b-4cf0-8882-361bd6305bc0,tns,AT2026yrm,False
03c46dd3-be13-46dc-88f7-af01989f88c6,tns,AT2026yrn,False
285413c6-5dd1-47ff-9757-3b0e8d2aee09,tns,AT2026yro,False
89b198c9-55f0-4812-96a6-1b9c1d856225,tns,AT2026yrp,False
e0f9a505-393a-4c67-a65a-97a618afafc1,tns,AT2026yrq,False
5e2b8f13-b66a-44f9-83f1-814327200f31,tns,AT2026yrr,False
d102cd33-548e-4da5-8c00-a8784727153a,tns,AT2026yrs,False
1004ed38-d17e-42b6-8062-fabe1737b63d,tns,AT2026yrt,False
852e9517-6f29-4dba-80b2-4cf82f874b38,tns,AT2026yru,False
1a3aff32-d0f1-45f1-8e75-5861e6d1dd1c,tns,AT2026yrv,False
6f780223-f37d-41b2-8b87-8e213f2b0b43,tns,AT2026yrw,False
50b2f47c-2664-42c3-837e-40fb01a5a4a7,tns,AT2026yrx,False
01b38cb0-b1d2-495a-8423-c8008b2d3f7b,tns,AT2026yry,False
718a11fb-50d6-4e51-93e2-d12fac89e1d4,tns,AT2026yrz,False
446c0dfb-334b-454f-80a3-61eac5e5a051,tns,AT2026ysb,False
32ce0eb2-9ea0-4895-8b40-ebab3d0acad8,tns,AT2026ysa,False
fca7ce27-7ab4-47c9-b842-3e549e9319ce,tns,AT2026ysc,False
aa316618-c4fb-4487-9c84-156ffbbb56a8,tns,AT2026ysd,False
e328cde6-29bd-4fa7-a40a-f1d79e5c51c7,tns,AT2026yse,False
d11d62a8-8ce6-405b-a348-dd54f176343d,tns,AT2026ysf,False
d4fdf439-b780-4a72-ba34-fae51aab9c8b,tns,AT2026ysg,False
9739ac4d-2af0-4ce0-896f-0f657ec85782,tns,AT2026ysh,False
2cc3e3f3-7f8b-4d96-832b-29c8827a0863,tns,AT2026ysi,False
46eb1d7b-1a58-4d14-87e9-ec50ac38abdf,tns,AT2026ysj,False
7e71c3a8-0085-4b8d-ba11-f967f58933c3,tns,AT2026ysk,False
c33c5cf6-aba5-4621-ac2c-a841150fdea8,tns,AT2026ysl,False
a0679b05-922b-4c0e-afe9-cdee5cd415db,tns,AT2026ysm,False
4c8aea6c-dd42-4c9a-930d-62d368bfc709,tns,AT2026ysn,False
b77c7e09-0a6b-4cd4-93f9-ba987e937788,tns,AT2026yso,False
968e59d8-87fe-4910-be6a-f9ff5e49375b,tns,AT2026ysp,False
bdc91e69-f9d3-42e2-aa0e-98af3b1f8bfd,tns,AT2026ysq,False
01b55151-0830-4265-a176-01a3a2c36f91,tns,AT2026ysr,False
a780d130-c59d-41be-965f-7ed2c330021c,tns,AT2026yss,False
300bfe33-875e-493e-838c-7957ead6d5f8,tns,AT2026yst,False
bd6cb520-6633-40bc-b7ea-b5b9e00e5385,tns,AT2026ysu,False
79da221d-9442-49b5-8f01-db4b7bb927e3,tns,AT2026ysv,False
fdbd1ad9-ccc1-4c55-847c-f2f739f96e35,tns,AT2026ysw,False
ce756567-1935-4ae4-a03a-7a568e956900,tns,AT2026ysx,False
73cd9bab-edac-4c0c-93c6-8afcb00d76dc,tns,AT2026ysy,False
78ca20eb-2d74-459e-bce8-bd66c1aef5d4,tns,AT2026ysz,False
db1662d7-1845-4734-b626-c279b607da0a,tns,AT2026wmj,False
ca13c573-e5f6-4c4e-89a0-abd9360cc2ef,tns,AT2026ytb,False
6f18c4ca-9d3e-44e4-929b-e084a11644d1,tns,AT2026ytc,False
66e37251-c75d-4b79-8055-f115e4f5bd4c,tns,SN2026ymd,False
b3b877ac-2d80-445c-a3f0-4aa4d55fa274,tns,AT2026yqk,False
423558e5-0c53-43ab-bd31-9ab86cb8de64,tns,AT2025amzd,False
5be52a40-fa45-4a36-9cfd-3409a4845d5a,tns,AT2026xrd,False
f6db3fe4-3324-4bd6-ac59-a22faef3a740,tns,AT2026yql,False
9b6ca88d-8ddc-4965-9a5f-551af2cb73eb,tns,AT2026yqh,False
ecf4cce6-2b43-4c30-bbbe-15df119f0772,tns,AT2026xkl,False
52f40184-44fb-4823-b99e-e44f7e99a758,tns,AT2026vph,False
f48d0d26-3198-4cb2-9af6-d2719723bf97,tns,AT2026vev,False
59e22eaf-53e9-404d-a271-208cc5474751,tns,AT2026yqi,False
18c5a786-cd17-4689-84c7-a40023f0a4b2,tns,AT2026wfs,False
d1764815-eb11-46ad-8afb-4d48c6494817,gcn,Einstein Probe-01709278114,False
d1764815-eb11-46ad-8afb-4d48c6494817,gcn,01709278114,False
77735ccf-1671-42a9-9143-3989b5e0c1b3,tns,SN2026yee,False
ff4db45e-952a-42fe-8f9c-d3ec2fb9c7b5,tns,AT2026yqa,False
a90eb77b-0b77-4306-bb6c-4e15623ade2c,tns,AT2026ygh,False
1f7529e0-6c7f-4e3a-916a-0dd318e7efda,tns,AT2026yqb,False
a5e0ab20-86e9-4591-bd1a-ca929e193370,tns,AT2026yqc,False
74b67740-c46d-4ed1-835f-61957af56b00,tns,AT2026yqd,False
aaab7254-196e-427a-ae60-4990b0a014c4,tns,AT2026was,False
c991d557-f332-45b1-ace8-91346a5f6889,tns,AT2026wov,False
c991d557-f332-45b1-ace8-91346a5f6889,tns,SN2026wov,False
a268bc41-2f1c-4135-9ab7-6a9c8331b058,tns,SN2026wfn,False
84e799eb-b4eb-4aa7-afdf-ff509c50ba65,tns,SN2026wev,False
3eeb7221-37ae-4992-a720-5d34eee55113,tns,AT2026wat,False
3b08463a-9efb-4b2f-af0c-36d343c2ff75,tns,AT2026yqe,False
82a4661c-b945-481e-aff7-0a07574477e1,tns,AT2026wpg,False
8ee45c50-3570-4b12-8c54-9aaf4b71c19c,tns,AT2026yqf,False
2c6f6aac-66cf-4e7d-9357-99422255384c,tns,AT2026yfz,False
5999bbbf-48c6-4368-b3cf-389ef39156b4,tns,AT2026yqg,False
18801c57-c080-4c8c-a9e5-3f6eef03e84e,tns,AT2026wta,False
18801c57-c080-4c8c-a9e5-3f6eef03e84e,tns,SN2026wta,False
1c9b7e43-9dfc-4072-b4f0-ef417104ef5f,tns,AT2026yhi,False
2dce8806-c927-4c8b-8c24-61bda0ab84f0,tns,SN2026pun,False
3d70b7a5-b8a0-4d2b-8d08-d298752601f6,tns,AT2026tmu,False
8daa12de-4683-4758-8fc6-4c49d46953c9,tns,AT2026ybh,False
b57454ce-e662-4376-93e3-d5978f3565e8,tns,AT2026ypx,False
c89a3c05-7593-4e66-af95-9629da908f73,tns,AT2026ypz,False
f92fadbe-46a3-448a-a250-cb05d636952d,tns,SN2026yec,False
d3a90a4c-8770-43fc-82ba-2af3a27bb83c,tns,AT2026ypv,False
5a6ed065-c4c0-43a4-bd69-a5a1e4dadfc6,tns,AT2026yog,False
427f6309-0cd8-4b75-9540-c2b48d912a86,tns,AT2026ypm,False
427f6309-0cd8-4b75-9540-c2b48d912a86,tns-public-reports,AT2026ypm,False
427f6309-0cd8-4b75-9540-c2b48d912a86,tns-public-reports,PS26hhp,False
9c99afb0-7311-4567-a5a0-493a808c0642,tns,AT2026ypr,False
e49e62be-9ab0-41e6-ac79-c56ed6e42fde,tns,AT2026yps,False
49b55cb4-e7b6-486d-b3d6-004b8f5e6125,tns,AT2026ypt,False
a0572c09-2b77-4368-839a-1a85b4d1c464,tns,AT2026ypu,False
9227ce47-ceba-4ff0-8997-c4458f02adda,tns,AT2026rjy,False
0d38518e-b5d1-4ed7-9e2a-3349ce705efe,tns-astronotes,AT2020jfv,False
0d38518e-b5d1-4ed7-9e2a-3349ce705efe,tns-public-reports,SN2020jfv,False
0d38518e-b5d1-4ed7-9e2a-3349ce705efe,tns-astronotes,2020jfv,False
0d38518e-b5d1-4ed7-9e2a-3349ce705efe,tns-public-reports,AT2020jfv,False
0d38518e-b5d1-4ed7-9e2a-3349ce705efe,tns-public-reports,ATLAS20lsf,False
0d38518e-b5d1-4ed7-9e2a-3349ce705efe,tns-public-reports,Gaia20chn,False
0d38518e-b5d1-4ed7-9e2a-3349ce705efe,tns-public-reports,PS20fyi,False
0d38518e-b5d1-4ed7-9e2a-3349ce705efe,tns-public-reports,ZTF20abgbuly,False
01c27a81-d4d0-46f9-a202-2e97d5106ae7,tns-astronotes,AT2020izc,False
01c27a81-d4d0-46f9-a202-2e97d5106ae7,tns-public-reports,SN2020izc,False
01c27a81-d4d0-46f9-a202-2e97d5106ae7,tns-astronotes,2020izc,False
01c27a81-d4d0-46f9-a202-2e97d5106ae7,tns-public-reports,AT2020izc,False
01c27a81-d4d0-46f9-a202-2e97d5106ae7,tns-public-reports,ATLAS20ote,False
01c27a81-d4d0-46f9-a202-2e97d5106ae7,tns-public-reports,Gaia20cca,False
01c27a81-d4d0-46f9-a202-2e97d5106ae7,tns-public-reports,MASTER OT J000502.49-070602.6,False
01c27a81-d4d0-46f9-a202-2e97d5106ae7,tns-public-reports,PS20gdp,False
01c27a81-d4d0-46f9-a202-2e97d5106ae7,tns-public-reports,ZTF20ablqacl,False
c422083c-7d23-44f4-ab2b-016eb2d834a2,tns,AT2026ypn,False
c422083c-7d23-44f4-ab2b-016eb2d834a2,tns-public-reports,AT2026ypn,False
c422083c-7d23-44f4-ab2b-016eb2d834a2,tns-public-reports,PS26hhr,False
50781d66-31e6-4461-9ada-0881b7f1d634,tns,AT2026ypq,False
50781d66-31e6-4461-9ada-0881b7f1d634,tns-public-reports,AT2026ypq,False
50781d66-31e6-4461-9ada-0881b7f1d634,tns-public-reports,ATLAS26jwd,False
d17917c6-38a8-4d1c-a2dc-5580a942d1ed,gcn,Chime-1173371454,False
d17917c6-38a8-4d1c-a2dc-5580a942d1ed,gcn,1173371454,False
62c6b692-b67d-4f71-89b4-e9f3d3c67ddf,tns,SN2026ymk,False
17346c7f-5790-4619-bc1d-a4eb527c204b,tns,SN2026yjv,False
c3389a4e-2cb9-459a-a707-3cdbdac301f5,gcn,Chime-1173370563,False
c3389a4e-2cb9-459a-a707-3cdbdac301f5,gcn,1173370563,False
43b181ba-cbb0-4abb-a62f-9c69a597b306,gcn,Fermi-GBM-808177726,False
43b181ba-cbb0-4abb-a62f-9c69a597b306,gcn,Fermi GBM trigger 808177726,False
43b181ba-cbb0-4abb-a62f-9c69a597b306,gcn,bn260811909,False
f25edb16-a169-48b1-b3b9-64d73a5ff51e,tns,AT2026xpz,False
e8637de4-3da8-4307-acbe-1b8da1b598cc,tns,AT2026ypo,False
6057de37-de98-4eb6-bc8b-c4327de32a25,tns,AT2026ypp,False
b314ab2b-e923-4c91-a031-df9208173c1b,tns,AT2026xqh,False
00c9322f-0a86-4752-b0ca-297ab2f69ea3,tns,SN2026ojk,False
04e322c0-b6f1-4f35-849b-d42742325f38,tns,SN2026pws,False
644932ca-3849-4905-b1ae-9a0f6a658d34,tns,AT2026ypb,False
27231f73-d56b-4452-b306-96a96554b956,tns,AT2026ypc,False
0aea625b-e77b-4cb7-b395-bc705185439c,tns,AT2026ypd,False
121ecdf3-34de-44ce-bf63-ff2ad344f6f2,tns,AT2026ype,False
7ba99322-ce91-42dd-b04a-0bb1c474ff9b,tns,AT2026ypf,False
33b124d8-ee08-4faa-90ec-d36898595195,tns,AT2026ypg,False
dcb1df26-cced-4b0f-b693-92e1a90d652a,tns,AT2026yph,False
15961a73-00b0-4c0c-999d-3f9a5237b385,tns,AT2026ypi,False
172fee5e-ca99-4baf-83d0-94170ec8e791,tns,AT2026ypk,False
1df828ff-2c97-4b66-93e2-410cc2870259,tns-astronotes,AT2026vlu,False
1df828ff-2c97-4b66-93e2-410cc2870259,tns-public-reports,AT2026vlu,False
1df828ff-2c97-4b66-93e2-410cc2870259,tns-astronotes,2026vlu,False
1df828ff-2c97-4b66-93e2-410cc2870259,tns-public-reports,GOTO26heu,False
1df828ff-2c97-4b66-93e2-410cc2870259,tns-public-reports,ZTF26abhvdrr,False
2f281761-35b9-4a30-8a1b-042c99dc4bd9,tns,AT2026wtq,False
a653456c-0343-4e6b-9b14-2a873687e420,tns,AT2026yoh,False
2b212d7e-5776-4f91-9be4-33b61ce34360,tns,SN2026vmv,False
0b0d12ed-a889-4c7f-a8a1-847d4786800f,tns-astronotes,AT2025vgt,False
0b0d12ed-a889-4c7f-a8a1-847d4786800f,tns-public-reports,SN2025vgt,False
0b0d12ed-a889-4c7f-a8a1-847d4786800f,tns-astronotes,2025vgt,False
0b0d12ed-a889-4c7f-a8a1-847d4786800f,tns-public-reports,AT2025vgt,False
0b0d12ed-a889-4c7f-a8a1-847d4786800f,tns-public-reports,ATLAS25kmf,False
0b0d12ed-a889-4c7f-a8a1-847d4786800f,tns-public-reports,GOTO25grs,False
0b0d12ed-a889-4c7f-a8a1-847d4786800f,tns-public-reports,LSST-AP-DO-170591521779220723,False
0b0d12ed-a889-4c7f-a8a1-847d4786800f,tns-public-reports,PS25hmj,False
0b0d12ed-a889-4c7f-a8a1-847d4786800f,tns-public-reports,ZTF25ablihfx,False
87747ee3-9b94-4a45-a930-c8b75b5f8564,gcn,Chime-1173287432,False
87747ee3-9b94-4a45-a930-c8b75b5f8564,gcn,1173287432,False
27ba2cc9-5607-4649-98fd-69fd4df64faf,tns-astronotes,AT2026fgl,False
27ba2cc9-5607-4649-98fd-69fd4df64faf,tns-public-reports,SN2026fgl,False
27ba2cc9-5607-4649-98fd-69fd4df64faf,tns-astronotes,2026fgl,False
27ba2cc9-5607-4649-98fd-69fd4df64faf,tns-public-reports,AT2026fgl,False
27ba2cc9-5607-4649-98fd-69fd4df64faf,tns-public-reports,ATLAS26dcd,False
ec1bb7e5-14f4-423b-a2cf-93f92a36c585,tns-astronotes,AT2026vhh,False
ec1bb7e5-14f4-423b-a2cf-93f92a36c585,tns-astronotes,2026vhh,False
73a48fdc-5f35-447a-83dc-079bd7ebd53d,tns-astronotes,AT2026tqt,False
73a48fdc-5f35-447a-83dc-079bd7ebd53d,tns-astronotes,2026tqt,False
830ad243-7be0-4ca2-8145-e7f666985ebe,tns-astronotes,AT2026roc,False
830ad243-7be0-4ca2-8145-e7f666985ebe,tns-astronotes,2026roc,False
bf375510-d5be-46b6-850e-6cfb891729c9,tns-astronotes,AT2026ris,False
bf375510-d5be-46b6-850e-6cfb891729c9,tns-astronotes,2026ris,False
3a013fdd-2c66-4b2d-8791-d7e8c948e514,tns-astronotes,AT2026ryu,False
3a013fdd-2c66-4b2d-8791-d7e8c948e514,tns-astronotes,2026ryu,False
ec3f8f1f-6de3-400b-a3c0-1f600a713634,tns-astronotes,AT2026wjs,False
ec3f8f1f-6de3-400b-a3c0-1f600a713634,tns-astronotes,2026wjs,False
90bb18c5-24b0-4a71-841b-95b2df5506a1,tns-astronotes,AT2026wht,False
90bb18c5-24b0-4a71-841b-95b2df5506a1,tns-astronotes,2026wht,False
fa6e3f6c-ff20-4aef-8bfd-f5c381d3d64f,tns-astronotes,AT2026wcb,False
fa6e3f6c-ff20-4aef-8bfd-f5c381d3d64f,tns-astronotes,2026wcb,False
4d1fea28-ce17-4fdb-b23f-f8215369df87,tns,SN2026wbo,False
4d1fea28-ce17-4fdb-b23f-f8215369df87,tns-astronotes,AT2026wbo,False
4d1fea28-ce17-4fdb-b23f-f8215369df87,tns-astronotes,2026wbo,False
b6bde872-74bf-4e4d-a785-fc88afd0dbe1,tns,AT2026rla,False
b6bde872-74bf-4e4d-a785-fc88afd0dbe1,tns-astronotes,AT2026rla,False
b6bde872-74bf-4e4d-a785-fc88afd0dbe1,tns-astronotes,2026rla,False
f5430b38-a093-4e51-ae2b-50f650797b31,tns-astronotes,AT2026rhh,False
f5430b38-a093-4e51-ae2b-50f650797b31,tns-astronotes,2026rhh,False
fd30287e-f888-4d02-b708-341604d0db50,tns,AT2026yjk,False
fd30287e-f888-4d02-b708-341604d0db50,tns-astronotes,AT2026yjk,False
fd30287e-f888-4d02-b708-341604d0db50,tns-public-reports,AT2026yjk,False
fd30287e-f888-4d02-b708-341604d0db50,tns-astronotes,2026yjk,False
0624896c-2d20-46f5-a5b6-5c94e177343d,tns,AT2026ygs,False
0624896c-2d20-46f5-a5b6-5c94e177343d,tns-astronotes,AT2026ygs,False
0624896c-2d20-46f5-a5b6-5c94e177343d,tns-astronotes,2026ygs,False
c05df23d-332a-4d37-8ac4-98a663da5e6e,tns-astronotes,AT2026yft,False
c05df23d-332a-4d37-8ac4-98a663da5e6e,tns-astronotes,2026yft,False
fa6eccf1-b4d8-4e60-b62e-5763632d3c2b,tns-astronotes,AT2026yai,False
fa6eccf1-b4d8-4e60-b62e-5763632d3c2b,tns-astronotes,2026yai,False
c9a0d480-ebfd-4018-bd02-39a42901c27c,tns-astronotes,AT2026xqg,False
c9a0d480-ebfd-4018-bd02-39a42901c27c,tns-astronotes,2026xqg,False
38028cd4-2c74-48d9-9279-4beefa51999c,tns,AT2026xpx,False
38028cd4-2c74-48d9-9279-4beefa51999c,tns-astronotes,AT2026xpx,False
38028cd4-2c74-48d9-9279-4beefa51999c,tns-astronotes,2026xpx,False
71739483-c8ba-428a-8900-5168fb55cdcf,tns,AT2026xcx,False
71739483-c8ba-428a-8900-5168fb55cdcf,tns-astronotes,AT2026xcx,False
71739483-c8ba-428a-8900-5168fb55cdcf,tns-astronotes,2026xcx,False
431dc58e-89a8-4bd7-b6f8-b5c6403ce3b5,tns-astronotes,AT2026sfn,False
431dc58e-89a8-4bd7-b6f8-b5c6403ce3b5,tns-astronotes,2026sfn,False
397466fc-ad4e-475e-b1d3-ee18dc0dfd15,tns-astronotes,AT2026pag,False
397466fc-ad4e-475e-b1d3-ee18dc0dfd15,tns-astronotes,2026pag,False
8443ac38-d8d5-46fc-88b9-4967a149df7f,tns-astronotes,AT2026muw,False
8443ac38-d8d5-46fc-88b9-4967a149df7f,tns-astronotes,2026muw,False
e00527a8-0ac9-4b08-8bf8-9539d30facaa,tns-astronotes,AT2026gzf,False
e00527a8-0ac9-4b08-8bf8-9539d30facaa,tns-astronotes,2026gzf,False
c36ac241-24aa-4588-ab5e-63e06763fc61,tns-astronotes,AT2026ejf,False
c36ac241-24aa-4588-ab5e-63e06763fc61,tns-astronotes,2026ejf,False
e289a89d-7f18-475c-b5ec-aebfc9831bae,tns-astronotes,AT2025uue,False
e289a89d-7f18-475c-b5ec-aebfc9831bae,tns-astronotes,2025uue,False
42f16e43-7208-4d95-b2b2-3bd9f1545e6c,tns-astronotes,AT2025aawk,False
42f16e43-7208-4d95-b2b2-3bd9f1545e6c,tns-astronotes,2025aawk,False
48a9b44c-460e-4813-9c4d-9858374d5310,tns-astronotes,AT2024kce,False
48a9b44c-460e-4813-9c4d-9858374d5310,tns-astronotes,2024kce,False
9e3a3586-99ff-437e-86be-58440c02bc0a,tns-astronotes,AT2023swf,False
9e3a3586-99ff-437e-86be-58440c02bc0a,tns-astronotes,2023swf,False
425dfef7-46d4-4489-b054-cb68749c679d,tns-astronotes,AT2022rvy,False
425dfef7-46d4-4489-b054-cb68749c679d,tns-astronotes,2022rvy,False
47c6b243-36d6-4ef6-92bd-aad7487ed58e,tns-astronotes,AT2022pul,False
47c6b243-36d6-4ef6-92bd-aad7487ed58e,tns-astronotes,2022pul,False
5f63a7e4-47d8-40a8-90d2-2b46f534caf6,tns-astronotes,AT2021qth,False
5f63a7e4-47d8-40a8-90d2-2b46f534caf6,tns-astronotes,2021qth,False
3bb7bd97-f729-404f-8f3c-9f8b48b41b25,tns-astronotes,AT2020zso,False
3bb7bd97-f729-404f-8f3c-9f8b48b41b25,tns-astronotes,2020zso,False
d98daa93-6ef9-46f2-b2a8-b8892ac55aa4,tns-astronotes,AT2020zpf,False
d98daa93-6ef9-46f2-b2a8-b8892ac55aa4,tns-astronotes,2020zpf,False
b41f4f80-f171-49d3-b5c2-88640f21db58,tns-astronotes,AT2020usa,False
b41f4f80-f171-49d3-b5c2-88640f21db58,tns-astronotes,2020usa,False
fb4aa4b8-e7f3-4518-8e0f-bc99b2011e9d,tns-astronotes,AT2019mav,False
fb4aa4b8-e7f3-4518-8e0f-bc99b2011e9d,tns-astronotes,2019mav,False
af3ef264-6268-43ca-8206-80ded724f9e7,tns-astronotes,AT2019iid,False
af3ef264-6268-43ca-8206-80ded724f9e7,tns-astronotes,2019iid,False
de06357c-a51e-4c75-a403-ec658d838da4,tns-astronotes,AT2017hcc,False
de06357c-a51e-4c75-a403-ec658d838da4,tns-astronotes,2017hcc,False
84d26618-e4f7-4fdf-9159-caad7a49a9f0,tns-astronotes,AT2026yid,False
84d26618-e4f7-4fdf-9159-caad7a49a9f0,tns-astronotes,2026yid,False
7984eb0e-d1d1-4e80-8992-0b9625073072,gcn,Fermi-GBM-808108067,False
7984eb0e-d1d1-4e80-8992-0b9625073072,gcn,Fermi GBM trigger 808108067,False
7984eb0e-d1d1-4e80-8992-0b9625073072,gcn,bn260811103,False
a18b1f0e-5b09-4cc2-8f23-73b6c0074e61,tns,AT2026ymp,False
8fb76e54-1075-49d9-a986-f290c188473a,gcn,Chime-1173264500,False
8fb76e54-1075-49d9-a986-f290c188473a,gcn,1173264500,False
22881a74-65ee-4507-8bba-399a9aa6f057,gcn,Einstein Probe-01709278015,False
22881a74-65ee-4507-8bba-399a9aa6f057,gcn,01709278015,False
8b7e3210-cedd-41c5-9ddd-94386d8743bf,tns,AT2026wwa,False
8b7e3210-cedd-41c5-9ddd-94386d8743bf,tns,SN2026wwa,False
2859730c-bd75-4b0e-843f-93e13b2ba12d,tns,AT2026wle,False
2859730c-bd75-4b0e-843f-93e13b2ba12d,tns,SN2026wle,False
41786653-745a-40b2-97bf-c26e65e57928,tns,SN2026wds,False
dc82b1b4-7792-4db0-bfdd-ad2a5b0f6476,tns,SN2026wdv,False
4df48ae0-0280-4472-804c-6bf9fcb4ec8b,tns,SN2026vsq,False
cf54204a-06ad-4616-bcf9-85805f067442,tns,AT2026wbs,False
cf54204a-06ad-4616-bcf9-85805f067442,tns,SN2026wbs,False
351cd417-a150-4aa0-89be-a49f75c8a77c,tns,SN2026vcu,False
db6db394-f8f7-433b-97b2-777a6b0e4c79,tns,SN2026vbm,False
307cb54f-45d5-43a5-beb9-e5faffab54e6,tns,SN2026vda,False
19241868-5621-42da-9d09-5b7caf9d34cb,tns,SN2026uwo,False
d7e59dc2-9a0d-4ac9-8dcf-e93542c842da,tns,SN2026roa,False
6ac1f03a-a8e9-4642-87a1-133490954b43,tns,SN2026qif,False
ddb0068c-15ad-4488-b313-e0c23ba13a90,tns,SN2026qbr,False
20e79576-3ad9-46b0-8318-e35b7bc4cc28,tns,SN2026oxz,False
a76afa99-24a0-44be-96b1-c3c9bc0c03f8,tns,SN2026oti,False
12b0b344-2c55-4f4a-8033-09d534a0a2c7,tns,SN2026olk,False
44464b89-376c-48bc-ba39-e92ac83e93f6,tns,SN2026jrc,False
5817ce23-967d-475a-be1b-107f6fd8937c,tns,AT2026wsr,False
5817ce23-967d-475a-be1b-107f6fd8937c,tns,SN2026wsr,False
b6ead7ae-1149-460f-8b5b-b34c7ac77888,tns,AT2026whl,False
b6ead7ae-1149-460f-8b5b-b34c7ac77888,tns,SN2026whl,False
6860c31f-0693-4f2f-b999-4eedc81cc7c3,tns,SN2026pef,False
856cbd68-9edd-4e7c-ac76-2b2f2787c3fe,tns,SN2026vmw,False
eb476287-d85c-4ad9-9f83-64f0335d9fac,tns,SN2026vca,False
28ae9157-970c-45de-a2f1-89df7a9de78e,tns,AT2026wgy,False
28ae9157-970c-45de-a2f1-89df7a9de78e,tns,SN2026wgy,False
a269195d-869b-47e3-abf2-2e84720dd849,tns,AT2026xct,False
a269195d-869b-47e3-abf2-2e84720dd849,tns-public-reports,AT2026xct,False
a269195d-869b-47e3-abf2-2e84720dd849,tns-public-reports,ATLAS26jne,False
a269195d-869b-47e3-abf2-2e84720dd849,tns-public-reports,WFST260625hqhr,False
bf6be663-7ab0-419a-be39-9da39c401a3d,tns,AT2026yma,False
77396437-858e-4225-90c8-3c738a3d473f,gcn,Chime-1173210801,False
77396437-858e-4225-90c8-3c738a3d473f,gcn,1173210801,False
b4323217-d15d-49fa-9b14-9eafbe5b3d53,tns,AT2026xku,False
b4323217-d15d-49fa-9b14-9eafbe5b3d53,tns,SN2026xku,False
8b373547-6bad-4b87-bdfb-70e33a195feb,tns,AT2026ygp,False
8b373547-6bad-4b87-bdfb-70e33a195feb,tns-public-reports,AT2026ygp,False
ee8a65e4-f61a-446c-8c75-b580ccb74fcf,tns,SN2026vjl,False
0da9bfa2-4543-4cfe-b97a-f2a83ed1391e,tns,AT2026ylz,False
a6ce7921-a9f5-427c-b51f-fa6240706bf2,tns,AT2026xqa,False
a6ce7921-a9f5-427c-b51f-fa6240706bf2,tns-public-reports,AT2026xqa,False
a6ce7921-a9f5-427c-b51f-fa6240706bf2,tns-public-reports,ZTF26abljgvi,False
4b7d14a2-dc88-4c4a-8fad-ff0a62cd0d9a,tns,AT2026xkm,False
4b7d14a2-dc88-4c4a-8fad-ff0a62cd0d9a,tns-public-reports,AT2026xkm,False
4b7d14a2-dc88-4c4a-8fad-ff0a62cd0d9a,tns-public-reports,ZTF26ablzrtw,False
56032693-275a-4bd0-b3a6-008430331ad9,gcn,Chime-1173196217,False
56032693-275a-4bd0-b3a6-008430331ad9,gcn,1173196217,False
34904e7e-0987-4781-be55-1b3070a1e686,tns,AT2026ylt,False
ce3fe2f9-3061-4e25-88d7-473d373965d5,tns,AT2026ylu,False
d2242024-86da-4a1b-ba84-350f26d3320a,tns,AT2026ylv,False
84dc957a-7b81-44a8-8cd4-d2f952e98ea9,tns,AT2026ylw,False
1387e993-6a7f-4a06-a279-2820d094ec86,tns,AT2026ylx,False
b944dd73-06dc-4585-8c3f-3117de0c58ac,tns,AT2026xpf,False
b944dd73-06dc-4585-8c3f-3117de0c58ac,tns,SN2026xpf,False
a0218294-c82a-4893-be92-1aad874625ed,tns,AT2026xzb,False
a0218294-c82a-4893-be92-1aad874625ed,tns-public-reports,AT2026xzb,False
82a5b7cb-a439-4789-ba46-30c1804b50d9,tns,SN2026mim,False
0a354de0-a9c7-4e25-9625-41034ab35e57,tns,AT2026xby,False
0a354de0-a9c7-4e25-9625-41034ab35e57,tns,SN2026xby,False
0a354de0-a9c7-4e25-9625-41034ab35e57,tns-public-reports,SN2026xby,False
0a354de0-a9c7-4e25-9625-41034ab35e57,tns-public-reports,AT2026xby,False
0a354de0-a9c7-4e25-9625-41034ab35e57,tns-public-reports,ATLAS26joq,False
0a354de0-a9c7-4e25-9625-41034ab35e57,tns-public-reports,GOTO26hrl,False
0a354de0-a9c7-4e25-9625-41034ab35e57,tns-public-reports,ZTF26ablnnlb,False
1c912328-ed4d-4460-adf1-0d0ea4648fe7,tns,AT2026ykz,False
762f0810-e0c1-4916-a5a8-21f447632830,tns,AT2026yla,False
7bcb09ab-be53-4a64-b25a-89f254685d2f,tns,AT2026xca,False
7bcb09ab-be53-4a64-b25a-89f254685d2f,tns,SN2026xca,False
042447b3-deec-4f67-987f-cdf85bb2bb7b,tns,AT2026ygk,False
33e5a9fa-1307-484b-845f-ca0d34284415,tns,AT2026xli,False
accb573b-558b-49b0-83d7-d038fb49b1b8,tns,AT2026wbq,False
d211b5c8-06db-422b-8594-bb5c8ce4e016,tns,AT2026ylb,False
856ccb9f-4e06-4241-9a84-f0e1b05b43ed,tns,AT2026ydb,False
efa2b774-c112-4226-a655-a581c9e14e21,tns,AT2026xhb,False
2196542f-1c47-43aa-85b8-6b371d8ad5ef,tns,AT2026ylc,False
04f097c4-83a2-422a-9d5e-f8d33cac1e24,tns,AT2026yld,False
52763d29-bf93-41b3-a0fd-2d2dde725495,tns,AT2026xqn,False
828b8563-ee1d-4d3b-a621-34771a85b92e,tns,AT2026yle,False
036f885a-0a07-40e9-9bbf-96e8cedac4c1,tns,AT2026ylf,False
6256a652-9bf5-4f4b-bedf-084a3174ffea,tns,AT2026wfh,False
2ecd13e5-01f5-4669-b8a3-6b25dbc81bc3,tns,AT2026ylg,False
8c9ae410-ec08-46c1-a1b3-47193c51eceb,tns,AT2026ygc,False
6fdcb94b-d576-4723-a286-ec469dec7e29,tns,AT2026ylh,False
e864d75e-01f1-46ae-9f19-97762324c2ba,tns,AT2026yli,False
84c4dcc4-48f8-4b97-98d5-2f1bfcb3b851,tns,AT2026ylj,False
2ed8cbf2-f0ce-4c9e-922e-d28cc17bfddd,tns,AT2026yll,False
431b06f9-68c3-4d0e-acd8-47fae1c3e2f5,tns,AT2026ylm,False
ee86646d-e7d5-409c-8625-63221b7216d3,tns,AT2026vmc,False
d6b93b03-87c0-4a49-9b72-4bfc8e03f0ef,tns,AT2026yln,False
8698a1cb-ebca-4be0-bdc3-65cc31fd75b3,tns,AT2026ylo,False
ee0b8b9f-10ad-4b99-b261-3da30195d4c1,tns,AT2026wlv,False
7c10cf88-8511-44ea-99ee-3e8e9ed6e1a6,tns,AT2026ylp,False
e4b7a7f4-dd75-4c02-897a-98621c9cf79c,tns,AT2026yjj,False
4893779c-1a04-4e8f-a083-b57bfaffeea8,tns,AT2026xth,False
f26c89da-75d7-41cc-a9ca-609ceb769e85,tns,AT2026ylq,False
fa8e3def-25b0-4a8f-ae71-5eeb1c0f3f1e,tns,AT2026ylr,False
b5226660-6bc3-41cb-9131-f029eb777b27,tns,AT2026yls,False
53a86995-9fb7-4dfe-b1f4-1f0a24dcb58a,gcn,Chime-1173165448,False
53a86995-9fb7-4dfe-b1f4-1f0a24dcb58a,gcn,1173165448,False
d940f0e9-5a5a-4213-9745-bfee36e4e656,gcn,Chime-1173151940,False
d940f0e9-5a5a-4213-9745-bfee36e4e656,gcn,1173151940,False
56b23764-f1ea-4237-9696-81556f0d31c4,tns,AT2026yjg,False
56b23764-f1ea-4237-9696-81556f0d31c4,tns-public-reports,AT2026yjg,False
56b23764-f1ea-4237-9696-81556f0d31c4,tns-public-reports,GOTO26iax,False
5810c0f1-e8c3-469a-b89f-42de6c62b474,tns,AT2026yjh,False
5810c0f1-e8c3-469a-b89f-42de6c62b474,tns-public-reports,AT2026yjh,False
5810c0f1-e8c3-469a-b89f-42de6c62b474,tns-public-reports,GOTO26ibf,False
48cb4037-7c41-4f35-b59a-e27c05942f37,tns,AT2026wyi,False
48cb4037-7c41-4f35-b59a-e27c05942f37,tns-public-reports,AT2026wyi,False
48cb4037-7c41-4f35-b59a-e27c05942f37,tns-public-reports,KATS26P001,False
e5e3d8e4-7212-4f5a-95cb-65862ac60f52,gcn,Chime-1173045844,False
e5e3d8e4-7212-4f5a-95cb-65862ac60f52,gcn,1173045844,False
eec069b3-c3d6-4f3a-bc17-f8f5129fe18b,gcn,Chime-1172946392,False
eec069b3-c3d6-4f3a-bc17-f8f5129fe18b,gcn,1172946392,False
ed19bb4f-30ad-4431-a02b-109b43bdf865,gcn,CALET-1470314394,False
ed19bb4f-30ad-4431-a02b-109b43bdf865,gcn,CALET-GBM trigger 1470314394,False
cf437609-6c64-4ef6-a31b-4fd7696324d2,gcn,Fermi-GBM-807946771,False
cf437609-6c64-4ef6-a31b-4fd7696324d2,gcn,Fermi GBM trigger 807946771,False
cf437609-6c64-4ef6-a31b-4fd7696324d2,gcn,bn260809236,False
1c0a69c6-a0c8-45ab-acf8-cdfeeaac96c4,tns,AT2026yjo,False
1c0a69c6-a0c8-45ab-acf8-cdfeeaac96c4,tns-public-reports,AT2026yjo,False
969e68ea-560f-4b5d-9b67-48eada5842b7,tns,AT2026yjl,False
bda28e71-6135-4f85-9f5e-539e0a4f783b,tns,AT2026yjm,False
b1be1087-0ca6-48c8-be95-d00624e19d80,tns,AT2026yjn,False
6e208856-4dd2-44d8-930c-27d72fa573bc,tns,AT2026yjp,False
430a0335-75af-41fa-89c8-6a64c57a34f8,tns,AT2026wpf,False
430a0335-75af-41fa-89c8-6a64c57a34f8,tns-public-reports,AT2026wpf,False
458bb7de-1827-4c5b-8074-d805481e5419,gcn,Einstein Probe-01709277768,False
458bb7de-1827-4c5b-8074-d805481e5419,gcn,01709277768,False
3b514f4f-2c0c-410a-9f30-992dd65a97bc,gcn,Fermi-GBM-807927140,False
3b514f4f-2c0c-410a-9f30-992dd65a97bc,gcn,Fermi GBM trigger 807927140,False
3b514f4f-2c0c-410a-9f30-992dd65a97bc,gcn,bn260809009,False
7354c000-a73f-4c5e-9078-106a763c0e74,tns,AT2026yjb,False
9ae893cd-27d9-4d70-b8b6-6cf737ad8b53,tns,AT2026yjc,False
ed0582fb-865f-4383-b2f3-9815337fb8e3,tns,AT2026yjd,False
b468424c-606c-47ac-a85b-6b889532ddb8,tns,AT2026yjf,False
9fad6b97-26ee-4a5d-a55f-72526118cf6a,tns,AT2026yji,False
476c4456-8f75-42f0-915e-b0cb36311b3a,tns,AT2026ygn,False
3a9151dd-40e7-4c94-9205-caa9bb209105,tns,AT2026wts,False
3a9151dd-40e7-4c94-9205-caa9bb209105,tns,SN2026wts,False
d0ff0a77-a09f-40c9-b609-f723b978aee0,tns,AT2026yja,False
9a9f2fb1-2d38-4f28-a2f1-6b3dd218f3ab,gcn,Chime-1173026182,False
9a9f2fb1-2d38-4f28-a2f1-6b3dd218f3ab,gcn,1173026182,False
8a28ae9a-6085-49f6-bfa6-efeae3a7d501,gcn,Fermi-GBM-807899059,False
8a28ae9a-6085-49f6-bfa6-efeae3a7d501,gcn,Fermi GBM trigger 807899059,False
8a28ae9a-6085-49f6-bfa6-efeae3a7d501,gcn,bn260808683,False
8cd757dd-509e-4e07-9e8e-9603b312412b,gcn,Fermi-GBM-807902597,False
8cd757dd-509e-4e07-9e8e-9603b312412b,gcn,Fermi GBM trigger 807902597,False
8cd757dd-509e-4e07-9e8e-9603b312412b,gcn,bn260808724,False
ef21ee0a-d1ce-48d0-bb6f-0eef1693828f,gcn,GRB 260808C,False
e466e680-b08b-4b88-bc22-2da9056f39ca,tns,SN2026yid,False
53d8fab7-ad8c-4003-8d43-88fbb74ab900,tns,AT2026ygr,False
37af4b54-6b68-46ed-9380-f0e7ec8e88bd,tns,AT2026ygt,False
b1a9e3f3-f892-40b2-921c-89076ad68246,tns,AT2026ygu,False
b6bafbac-56d4-4db3-841e-53748976045c,tns,AT2026ygv,False
6b522300-4301-4d20-a905-02cb352b40ba,tns,AT2026ygw,False
2564117c-ec69-4d01-a0d4-369f714d1c77,tns,AT2026ygy,False
72ee8c07-f940-47ad-90f6-bd593385cd99,tns,AT2026ygz,False
b9b3e11c-c0eb-41c4-b154-50329b166462,tns,AT2026yha,False
31c8aefb-0175-409f-b96a-14a6339417ec,tns,AT2026yhb,False
87c61cbe-9cae-40f6-8195-efb33c4528a5,tns,AT2026ygj,False
dae5c1ab-b85b-4914-a21f-65409c218963,tns,AT2026ygm,False
fe53f7c0-f8fc-4268-a218-0955dd0242aa,tns,AT2026ygo,False
b1b2b54e-8094-40ae-abda-5603adcc6f84,tns,AT2026xkx,False
b1b2b54e-8094-40ae-abda-5603adcc6f84,tns,SN2026xkx,False
1e8634bc-55b1-4b84-beb5-a2403d6863de,tns,AT2025sby,False
3573f82f-4312-401a-b580-7a64da672344,tns,AT2026ygq,False
b9668725-dd48-4551-a054-b677997f72f8,gcn,GRB 260723A,False
f5be8806-b0fe-4132-856e-22d2ba1f12e4,gcn,GRB 260722A,False
a2f5d8d8-e939-4b37-8a1f-6083e50302bd,gcn,GRB 260706B,False
72485362-760e-4419-b203-99aea8573343,gcn,GRB 260705B,False
e69cbd20-e762-4c56-96df-ad7a02c25980,gcn,GRB 260707A,False
545e0671-0880-46b4-8e7d-421427a8ab49,gcn,GRB 260627A,False
78f6627d-f413-47ef-ac98-d97255017f4b,gcn,GRB 260714A,False
55778129-f9b0-4c14-8c18-7e857546f09d,gcn,GRB 260708.42,False
a58fac12-380d-4cc8-b2e4-793a5d638b32,tns,AT2026yef,False
a58fac12-380d-4cc8-b2e4-793a5d638b32,tns,SN2026yef,False
9dc81a2f-a8cb-4a8b-9444-9a8ccf5d4e9a,tns,AT2026xll,False
cb5b0e5c-7745-4251-baf6-bf03e2375356,tns,AT2026ygd,False
fe0b9b9d-fe8b-4eee-adb3-d316bb744798,tns,AT2026yge,False
e66a9732-a2c8-477d-88b4-af01dec0ace1,tns,AT2026wcf,False
ae16778b-5e60-42db-a91b-e61f45b62260,tns,AT2026ygf,False
6a05066d-4c1d-4498-9a9d-491b7efd38e1,tns,AT2026ygg,False
9ee1ec52-9c19-4381-9761-c17bbca658f9,tns,AT2023aegk,False
c72dbe6f-8801-4ebe-a7f0-6edc965e5b67,tns,AT2026xax,False
7ef9a242-bdbf-4f0a-934d-ca269ea9c248,tns,AT2026yga,False
cc750720-bc6a-473b-9b2b-e93ea6224040,tns,AT2026xpy,False
05e7db4c-bcaf-4303-a056-46ab70d6ed00,tns,AT2026ygb,False
c3fe6e4e-006e-4749-8194-77da7f9008af,tns,SN2026pub,False
6fa0e846-e9cc-4175-a569-91dab1fc99cd,tns,SN2026wfv,False
955ecb27-c212-4276-913f-d644435e1663,tns,SN2026vba,False
5f7ff24f-d239-4bd1-8e6d-5182edbdc9b2,tns,AT2026xsz,False
9c6580a2-e1e0-463c-843d-9155dcd4bd64,gcn,Fermi-GBM-807850307,False
9c6580a2-e1e0-463c-843d-9155dcd4bd64,gcn,Fermi GBM trigger 807850307,False
9c6580a2-e1e0-463c-843d-9155dcd4bd64,gcn,bn260808119,False
1a2e345f-7c03-4915-8ab4-beb3db65def2,gcn,Fermi-GBM-807848227,False
1a2e345f-7c03-4915-8ab4-beb3db65def2,gcn,Fermi GBM trigger 807848227,False
1a2e345f-7c03-4915-8ab4-beb3db65def2,gcn,bn260808095,False
1bcae5fc-24dd-486a-91d5-a1607f67a3f0,tns,AT2026wyz,False
1bcae5fc-24dd-486a-91d5-a1607f67a3f0,tns,SN2026wyz,False
2fa8592c-6d63-490d-b32a-d2525dc53e7c,tns,AT2026yev,False
6dd2bc50-2399-41c1-ab25-4023600e1665,tns,AT2026yew,False
71da6d6c-0f05-42c5-8001-7fec2713cf6d,tns,AT2026yex,False
f1b3a36a-a108-4a3d-9744-d0225dc51a1d,tns,AT2026yey,False
65de0d8e-af83-4d82-85f1-1a7c44bb7565,tns,AT2026yez,False
9a53e1df-5bcc-4bbf-b2a1-01e6bd9f8181,tns,AT2026yfa,False
cc67e813-abaa-4ad1-8c8a-f023fd7a65f9,tns,AT2026yfb,False
5c8936a0-8d3b-471e-b964-b5a8b22ccdfe,tns,AT2026yfc,False
8946a30f-18a0-48dd-b339-270940e085ad,tns,AT2026yfe,False
cc5dd721-d474-4127-b979-4729676d4177,tns,AT2026yfg,False
f1666251-d36d-49cd-82a6-46be78c5a5e1,tns,AT2026yfh,False
274777bc-0228-4fb4-b1d1-e97f8db05db7,tns,AT2026yfi,False
ef26fb4a-09d7-4bf1-a851-559b32cde4b6,tns,AT2026yfj,False
6a7bfdf6-0ebb-4939-8970-e4871d766ce8,tns,AT2026yfk,False
333a9675-bcd6-4442-a0c2-25245628c275,tns,AT2026yfl,False
994c9f38-b10a-4f1b-a167-7974474fcef0,tns,AT2026yfm,False
b8b71c63-2bf6-4f28-a688-d6492750841c,tns,AT2026yfn,False
ace4b022-2978-4c4d-8228-1b683dd28057,tns,AT2026yfo,False
6864256a-dd3d-44e5-a7ff-74b836375b07,tns,AT2026yfp,False
d3215268-3a86-49c8-983b-2b5bcd5749ef,tns,AT2026yfq,False
0c79d7ea-01b5-4850-abf0-bbc26ef7b7f6,tns,AT2026yfr,False
5ee15ab2-be83-446f-bad5-67dcba21813b,gcn,Chime-1172853620,False
5ee15ab2-be83-446f-bad5-67dcba21813b,gcn,1172853620,False
4c47d38f-d844-4ef8-b609-0fa3f1001127,tns,AT2026xzw,False
408fe49c-e02d-4f6e-8bc0-a5190b4b186a,tns,AT2026xzz,False
83ff3098-7096-40d5-95c0-2e962ac41929,tns,AT2026yaa,False
44865e10-d94e-4ac1-a590-ac9245c638fd,tns,AT2026yab,False
b704aaa4-faf6-4898-ab8a-d518bee2bda8,tns,AT2026yac,False
523dbc6d-3ce7-4f33-90e7-b3406301225f,gcn,Chime-1172768376,False
523dbc6d-3ce7-4f33-90e7-b3406301225f,gcn,1172768376,False
da5584ca-47d4-4d64-80fa-97aefb64ac8f,gcn,Chime-1172654833,False
da5584ca-47d4-4d64-80fa-97aefb64ac8f,gcn,1172654833,False
238c2728-e191-46c0-82e8-8caaf269a660,gcn,Chime-1172641035,False
238c2728-e191-46c0-82e8-8caaf269a660,gcn,1172641035,False
c4b11562-29c9-4499-936c-429459e065a1,tns,AT2026xza,False
14fbd54d-7b02-4dba-ab9a-770f6bf7eef1,gcn,Fermi-GBM-807763495,False
14fbd54d-7b02-4dba-ab9a-770f6bf7eef1,gcn,Fermi GBM trigger 807763495,False
14fbd54d-7b02-4dba-ab9a-770f6bf7eef1,gcn,bn260807114,False
42193e83-8d82-4fac-8a14-186b2852c0fa,tns,AT2026xxl,False
acbcdfe0-4843-413d-803d-a858dbf75e7a,tns,AT2026xxm,False
6952cc84-a638-4a32-bebb-3c4cb276b138,tns,AT2026xxn,False
d1c9c96c-993d-4146-92f1-84e2005f29da,tns,AT2026xxo,False
09ede018-1742-42df-8568-4a2ae943b3ed,tns,AT2026xxp,False
00c3d5b8-a7e9-434a-af4c-a9d6ec2b47c9,tns,AT2026xxq,False
54c08aed-86ed-4853-95b7-e41d2cb9789d,tns,AT2026xxr,False
5d9cdc45-eeb4-4f51-aed7-89308f53e956,tns,AT2026xxs,False
303f3885-d386-4a7c-aac7-f8c2a39b614f,tns,AT2026xxt,False
4dc322f4-ae6a-4fae-b7ca-1ac586cfb29b,tns,AT2026xxu,False
1cff6d88-50f1-40de-af5a-7ef06b9a5fca,tns,AT2026xxv,False
05cd2fbe-9924-423b-b465-d03260472c11,tns,AT2026xxw,False
3b1f772f-9d41-4138-ba01-94166e23a576,tns,AT2026xxx,False
a6246f28-3413-42b2-be5b-332307466697,tns,AT2026xxy,False
2bf2275f-e021-48c6-bd96-dccabeaaa228,tns,AT2026xxz,False
56073deb-3c2a-45fc-97f0-e0affb465c41,tns,AT2026xya,False
1303e9f8-f65b-40bc-a5aa-17102945dc0e,tns,AT2026xyb,False
d4893a13-178a-41df-ae36-4b12f3c8a29f,tns,AT2026xyc,False
9cbc0e73-e346-45f7-8ffd-516dc6c3d4a9,tns,AT2026xyd,False
e0685eb6-9875-4e8a-bc70-8683ab6be82c,tns,AT2026xye,False
ee96c7cc-0f89-4d02-a456-b05daf43ce26,tns,AT2026xyf,False
8166825b-1994-4350-9514-b71281bdd980,tns,AT2026xyg,False
e28f8309-9848-4429-98a7-ff1ed29f4ae1,tns,AT2026xyh,False
03d1582b-4480-4382-87d3-5668b5941e3c,tns,AT2026xyi,False
b448709b-9475-4aff-9a32-40a1168253a3,tns,AT2026xyj,False
615cdc1e-50d9-4825-b5cb-24d7baf9dfa6,tns,AT2026xyk,False
5b740b01-1178-4e22-9a40-092ff1451c7a,tns,AT2026xyl,False
4e7dfa68-c23e-4593-9b22-f0ab40eaaaef,tns,AT2026xym,False
f6912840-f3c7-41a9-a6ef-4b97b988b73d,tns,AT2026wyb,False
eae293af-1214-44a7-beff-afd0e1ac552c,tns,AT2026xkb,False
602e2fa5-1407-4a12-a024-f03e498477ae,tns,AT2026xyn,False
641d37bd-5fb0-445c-915e-a82bdcba1486,tns,AT2026xyo,False
30c4b04e-9fed-4f44-bf60-c0039f293f95,tns,AT2026xyp,False
9e01595a-af1e-4262-8089-e2c3a87e1fcb,tns,AT2026xyq,False
3e359839-b92c-4987-afe6-c2d6ab92a852,tns,AT2026xyr,False
9887f4cd-cb38-49b1-81a5-f3cb5497115f,tns,AT2026xys,False
e44430e4-158b-4b3e-a0e5-bbca64ed305e,tns,AT2026xyt,False
64f3b5d9-a894-47e5-b2a9-7c257bfe9dd6,tns,AT2026xyu,False
2ad88d11-63c1-4c0f-b1f0-cec7ee9c1270,tns,AT2026xyv,False
a5e9930a-9b86-4ce5-817d-b375b44b399d,tns,AT2026xyw,False
0c92ec55-72f5-45fe-88ee-9c8d83f462c5,tns,AT2026xyx,False
cff65ed3-9fd2-4634-abd4-9dc1d561e427,tns,AT2026xyy,False
f5e8d256-2814-42fc-bea4-3617ca48a2be,tns,AT2026xyz,False
0a22b3c3-32e8-4ad4-bb6f-bcf528263135,tns,AT2026xqd,False
2ffe74fc-4a43-462c-9a3c-30a4cae1eb4d,gcn,Chime-1172679620,False
2ffe74fc-4a43-462c-9a3c-30a4cae1eb4d,gcn,1172679620,False
02a87cca-d4e9-4b7f-bbd0-25ba07d8522c,gcn,CALET-1470036404,False
02a87cca-d4e9-4b7f-bbd0-25ba07d8522c,gcn,CALET-GBM trigger 1470036404,False
04f3b6b4-e696-4291-8916-ea3a0f121a3f,tns,AT2026xng,False
197c9711-0e38-42ac-b8a0-062aaebfb132,tns,AT2026xqc,False
13cc9755-debd-4960-9ad1-2b985222d3b4,tns,AT2026xnj,False
9f3746bf-e053-4928-96da-324253cb7439,tns,AT2026xnk,False
04df4722-55c1-4503-9c71-d275d8e9fa3b,tns,AT2026xnl,False
46fc1452-21c0-41dd-92c2-168a4b8863b4,tns,AT2026xnm,False
289c4901-6f42-4a3c-8fac-b481948bf4ba,tns,AT2026xnn,False
b06496e5-66e7-4206-8bb2-d598da2e461b,tns,AT2026xno,False
c09be810-3d6d-4669-adf8-dfed9676f048,tns,AT2026xnp,False
4dc32128-455b-443a-8bab-1f882faf007f,tns,AT2026xnq,False
3b2a6047-06ca-4ed2-9d9d-83ee2497e137,tns,AT2026xnr,False
b00d0915-859f-4018-bf79-a95b186304fd,tns,AT2026xns,False
0582507f-462d-438e-83ea-93c16c945a35,tns,AT2026xnt,False
2d99a148-2085-463d-b776-d455d118be7b,tns,AT2026xnu,False
3f4326c1-b789-45da-b2cb-9e625d7646a5,tns,AT2026xnv,False
eb6734c6-c4e6-40c6-9ded-965518252d52,tns,AT2026xba,False
103c408f-2e56-43ce-ac7b-2084442afff2,tns,AT2026xnw,False
6c597099-f87c-41d5-8c90-0c9ac3a22e7f,tns,AT2026xnx,False
1a77232d-7323-4607-9680-9aeeccf0aeec,tns,AT2026xny,False
d9e49afb-f3b7-437f-b1e9-82c2bec14259,tns,AT2026xnz,False
469f5d08-3899-4bf7-bcbf-d9d9be6af4ae,tns,AT2026xoa,False
cc71826b-0075-46e3-9053-6d5ff86cc806,tns,AT2026xob,False
03375d9d-2fa0-4636-8ba2-bb316e585a78,tns,AT2026wsa,False
2076116c-46a0-422a-9b65-5b28ffad0cab,tns,AT2026xoc,False
766a9c82-4900-45e3-a1f1-67895c932d90,tns,AT2026xod,False
5f2d8f03-d060-4b9f-9c82-148bffb6f3df,tns,AT2026xoe,False
327ae3f9-b916-4113-a4de-1f27da713263,tns,AT2026xof,False
9653e8e5-9ca8-4ece-84d4-9c7a1079898e,tns,AT2026xog,False
0d8ade1e-3c39-490f-9a2f-3855cc39a59b,tns,AT2026xoh,False
5d168ada-5433-4bdf-a741-2c77659fcc12,tns,AT2026xoi,False
8cff5107-fbe2-491c-b916-66c701b150ec,tns,AT2026xoj,False
7da8fa5c-9a99-4fc8-ad00-f2a2dfceaedc,tns,AT2026xok,False
ddc4ebe9-07e4-40a9-944b-ed42e6fe5613,tns,AT2026xol,False
5b3b4bed-8699-46d4-bff0-8d2b95771ce4,tns,AT2026xom,False
133267d5-a20b-4c77-8bdf-3b16751c801d,tns,AT2026xon,False
128e48a4-7c3b-436c-8393-d23f878f3ff8,tns,AT2026xoo,False
7e3bb7af-7622-43f2-a971-a0bfc019c5b3,tns,AT2026xop,False
913c439d-588f-4899-ac79-6db09c83b014,tns,AT2026xoq,False
2f01c93f-5e07-46e1-ba53-eb93781885eb,tns,AT2026xor,False
5bd7fa8f-1be7-40d1-962c-1b312f93c719,tns,AT2026xos,False
0f652622-6d75-4bfe-93ce-e21784bf523a,tns,AT2026xot,False
3cfbd267-b489-453a-a81f-38b2fef590fa,tns,AT2026xou,False
e2c13f19-9b23-4e35-a3d5-fc948c48625c,tns,AT2026xov,False
fe9c5a61-f3bf-4fbe-afcb-54b9cea7ea2f,tns,AT2026xow,False
b8119fb1-ae1c-49ff-bd29-f3a65f6329b5,tns,AT2026xox,False
27fed78a-ae85-4a45-89f3-40f6b0153cca,tns,AT2026xoy,False
301c89b2-ff49-4a0c-8097-e857c6b41e4c,tns,AT2026xoz,False
4e57d43a-40c2-4235-9ed5-0fd416c38fbe,tns,AT2026xpa,False
7b1d23b1-8394-4a3c-a897-a2f03ea2b472,tns,AT2026xpb,False
ea7a9022-4d44-42ba-8fa4-80c131015f46,tns,AT2026xpc,False
c06c2bd0-e806-41e4-8553-86a180bc20c9,tns,AT2026xpd,False
7df8d84b-231c-4c74-be69-b8cfb1135f7b,tns,AT2026xpe,False
5989d760-97bf-4af7-ac77-7e4978a71698,tns,AT2025amyh,False
d35eb4ff-880d-455d-8f7c-dcb8e557456e,tns,AT2025amyi,False
42f1338e-b746-4aec-87f4-e5663ddb444b,tns,AT2025amyj,False
0d5b4822-e1e1-4a06-a2b8-86d251dada7f,tns,AT2026xpg,False
38d5c05a-56b4-49e6-9bb1-362d82d6304c,tns,AT2026xph,False
2159453f-41af-43b4-89d2-447e8b47b168,tns,AT2026xpi,False
42da2779-5db3-42c7-92b3-36b0970a29ab,tns,AT2026xpj,False
7bc24df9-41d4-4151-8a34-567e90ef3df4,tns,AT2026xpk,False
42a81c31-a2d7-4b52-aec7-717312c717ba,tns,AT2026xpl,False
eba883e2-3b73-4e16-800e-e1fe6284cab4,tns,AT2026xpm,False
d6fba3de-4915-4d8d-9f91-237fc3364b91,tns,AT2026wye,False
d6fba3de-4915-4d8d-9f91-237fc3364b91,tns,SN2026wye,False
b9d8cbfb-2a30-4fff-89cc-19506388aa6a,tns,AT2026wvw,False
13950113-29ec-49cf-a58a-e5107c8de6f8,tns,AT2026xbd,False
53c18310-961a-4022-be47-e5dbd3848360,tns,AT2026xpn,False
58c71a8f-1cdd-4c20-8e8a-f622cf171ec0,tns,AT2026xpo,False
2240e402-ca32-41c2-95d4-98ab29cb02ae,tns,AT2026xpp,False
eef49a06-dba5-4495-b4b1-05717f973017,tns,AT2026xpq,False
0c3c6f40-4476-4e2d-bf5e-bfed98d60487,tns,AT2026xpr,False
95491586-fe51-4914-be3a-e09edd3fc5d1,tns,AT2026xps,False
7a44a88a-4cb3-4520-a074-a78a7bd17563,tns,AT2026xpt,False
7e98aec2-1b34-4271-ab6d-88fc8042cc02,tns,AT2026xpu,False
213b7676-8ce6-404e-a64c-67dbeacef4b7,tns,AT2026xpv,False
bac8af42-7a3e-434c-a741-4829051e7f53,tns,AT2026xpw,False
ef2d5dd6-53da-4c53-8f43-c16332106bcc,tns,AT2026wyf,False
aacf27da-5fe5-472a-9f3e-becd753d9ad7,tns,AT2026xkj,False
3db57762-9be1-4a05-91f8-43afdf310dd6,tns,SN2026ljo,False
7d19eb75-59c5-4b22-9889-53a76b7700f4,tns,AT2026xls,False
21404e37-51dd-4f3f-a39d-97806bb644cf,tns,AT2026wll,False
9d1dabdb-8cfc-40ab-ba13-2483f94d06cb,tns,AT2026xlt,False
2d60d6b9-a207-40ea-acce-a4b477a66604,tns,AT2026xlu,False
fb4fe8ab-f1aa-4c4c-95f7-773e37539bfb,tns,AT2026vfv,False
0400b706-f3c8-4ba8-a671-d64850b5f026,tns,AT2026xlv,False
bc90fa5a-f161-4b5e-a5ad-f871c3e7ceb7,tns,AT2026xam,False
2553c0d0-c8f9-4de1-9db3-6c70ffa0ef44,tns,AT2026xlw,False
5d26aac5-57d8-40ec-9043-e4c01b8ef689,tns,AT2026xlx,False
935799a3-12ed-4529-9df5-29176f794c2e,tns,AT2026xly,False
894d21c6-b0de-4761-b5f9-3692b4d54925,tns,AT2026xlz,False
25302b40-b757-4a16-a3d4-4da9c52aaa2b,tns,AT2026xma,False
8d6b062b-7619-48b6-9356-a6bf9c1cecb0,tns,AT2026xmb,False
b3d6f4a1-73f9-4640-9bc1-c6e603e1eb31,tns,AT2026xmc,False
74121ac7-c642-48d4-9abb-2cc856f76c4d,tns,AT2026xmd,False
8e443df0-e75f-4dc7-ae09-9ab8a986cbd8,tns,AT2026xme,False
71858f43-f76e-4ae4-a26a-785612d23599,tns,AT2026xmf,False
0b39fd22-8ed3-4fd0-9d48-8e388c837d82,tns,AT2026xmg,False
6b1098f1-4544-4f74-8292-50a028c7d411,tns,AT2026xmh,False
1e2d95dc-a19a-452b-9115-7037f57403fc,tns,AT2026xmi,False
85b854de-7d8a-403b-9fa6-720c31b75333,tns,AT2026wkk,False
c634c125-efa3-4f6f-87e0-9014f377d35e,tns,AT2026xmj,False
c4fa3cbb-7949-4b2d-912a-bd2c082af891,tns,AT2026xmk,False
6cb04181-da7a-4908-931a-30b734d17947,tns,AT2026xas,False
f4c15603-87a5-495c-bb04-9a6a4e14bdea,tns,AT2026xml,False
be88a58e-6003-4dd2-bff8-a249bf6becf6,tns,AT2026wvy,False
97a4c3de-2883-4f46-be60-0f6bc1b0c710,tns,AT2026xmm,False
8ab8a6db-0f2d-427a-b532-79d5d26f8348,tns,AT2026vae,False
4fecf6dd-4871-4635-8a30-ae55b413852b,tns,AT2026vtl,False
e0db2408-d9a2-4cb2-a472-7a50997a41b8,tns,AT2026wxc,False
d469d252-0c76-4041-a312-7ec1834b3bc9,tns,AT2026pxy,False
ae5769c6-1778-4569-ae87-6c1ed4c3de31,tns,AT2026wpr,False
0fcfa7ff-4ba5-4a8c-954b-703c3ce5ae68,tns,AT2026xmn,False
ed66f63a-28e5-4acc-9aa1-0c1f609b624b,tns,AT2026xmo,False
4dd536be-875c-44d3-a511-7502d74eb82e,tns,AT2026wue,False
c4363bee-c809-4ab2-8866-8aa09308cd99,tns,SN2026pmr,False
bb4c4cf7-0370-4a3c-83d1-1e1ebfbc96a9,tns,AT2026xmp,False
ae5b4449-806c-4e5b-9267-c480d6ecb7d6,tns,AT2026xmq,False
06e18d83-c60d-44cd-8d86-88ed4c1baeb4,tns,AT2026xmr,False
40d06346-f28a-40f5-b522-6955a5d808cd,tns,AT2026xms,False
cc020f0d-a06a-4de7-a1fd-1abe83c85ecb,tns,AT2026xmt,False
8decdc49-4ee5-413a-af41-e6a42552a80a,tns,AT2026xmu,False
970896d7-7d1e-4eb7-b43c-e5ef9833473b,tns,AT2026xmv,False
0982520b-d2bd-4b8f-8717-f44833b5b6ee,tns,AT2026xmw,False
773320f9-4c37-48e6-a4eb-de7b10f8d240,tns,AT2026xmx,False
7267d052-6067-4e94-83ad-9eea7f0cb217,tns,AT2026xmy,False
7f527dbf-e386-4f33-aff4-285aa2fca942,tns,AT2026xmz,False
16832968-b632-4334-897e-dc9131eb10bf,tns,AT2026xna,False
828dff24-9581-4866-af4d-9ccf7f09fa7e,tns,AT2026xnb,False
2c48c021-09c9-48db-b75c-098eeb7d3e00,tns,AT2026xnc,False
8ff8a99d-da8f-4715-adb9-2c54d3c725a1,tns,AT2026xnd,False
0f630edb-cc04-4e24-97d7-21fb8a52ad59,tns,AT2026xne,False
12e2f9e8-e8b7-4001-99af-f3ff9890f968,tns,AT2026xnf,False
54a32b73-ded8-401b-8600-9ed365be3ba6,tns,AT2026xnh,False
54594fa1-a5a0-4825-93a4-1c411db62002,tns,AT2026xni,False
1c8d76bc-a41b-463e-84d8-6176dd9b9ab4,tns,AT2026wmm,False
7779ad64-d32a-4d2c-b2f8-8c227b3b3093,tns,AT2026wzb,False
50310a40-a832-4b1b-b4c9-86a9f9da8450,tns,AT2026xlr,False
e89d65dc-5de8-41d5-b283-e3009089dd58,tns,AT2026xkz,False
14bc70a3-7f63-4c04-8bc1-d283bc9e2c7a,tns,AT2026xlb,False
5a6c2e97-9529-40e8-8902-dd607dd69dcf,tns,AT2026wps,False
8190f151-765c-49d8-9809-b6f5111a55cf,tns,AT2026xlc,False
fe26b60e-7181-4add-9aa8-7d2fabc89b71,tns,AT2026xld,False
3f873abe-8df1-4e2d-85d2-8f3b3a767045,tns,AT2026xle,False
aa7fb615-c707-4715-89e0-690c831833d4,tns,AT2026xlf,False
a3020bb0-cbe6-4ae2-b827-2340f89fd417,tns,AT2026xlh,False
8d483ae6-7d50-42b2-95d6-9366ec190ea3,tns,AT2026xlj,False
fc49d74d-8d6b-49f1-8420-2f8d5c3923dc,tns,AT2026xlk,False
c1b24e69-7d1d-4fef-a19e-2faa0eb5334d,tns,AT2026xlm,False
ba5c4fea-df1c-4ecc-ab05-d7ccaafa820b,tns,AT2026xln,False
1399e7bb-c82a-40bd-9c3c-c7ce27d0d48e,tns,AT2026xlo,False
f8fe1273-4fab-4ae4-9480-63f9ff7bd2a7,tns,AT2026xlp,False
855dff2f-4703-4897-b6fc-d1045a928898,tns,AT2026xlq,False
3949ada9-3d2b-4040-b455-7dcebc25032e,tns,AT2026xkv,False
f2c0b6d6-80cd-4b53-a700-8eef1dd35f5d,tns,AT2026xkw,False
0350c94e-9010-4bfa-ae3f-360ce60e967d,tns,AT2026xkq,False
9572c7ce-fa4b-488c-9b28-9c6d8adfa3a1,tns,AT2026xkt,False
e0f967f0-7b85-4949-8d0e-3b8e56ced453,tns,SN2026uwu,False
8b39a3df-c9d8-42f7-866c-93cb8041b382,tns,AT2026xko,False
bbd9a204-01d5-44bb-bd18-00ed0470afcd,tns,AT2026xkk,False
191ec1db-ac0c-4e0a-8f18-4abd9a00c3ac,tns,AT2026xkf,False
ae86d175-4442-4026-823a-90192a64bad1,tns,AT2026xkh,False
9fee0f79-e571-4d56-9171-c9174d0a5818,tns,AT2026xki,False
95b3f891-6c9e-4956-a699-d71c602b0823,tns,AT2026wlg,False
165a519d-8545-44a9-a1c6-35ffe80c28bd,tns,AT2026wtc,False
c49c396f-0e4d-4715-8521-fb2419a155c1,tns,AT2026xje,False
076f223f-f258-41d4-8bd5-8ec16de5211b,tns,AT2026xjf,False
a80e69ed-55fa-4a8b-9d4c-3bdaa0de947b,tns,AT2026xjg,False
22e4ad46-2a4b-42bb-9914-48e976b32618,tns,AT2026xjh,False
58419a12-9d3b-491b-a8c7-21797118f505,tns,AT2026xji,False
ec81fd12-7be6-4784-9e28-6d35f0b44f53,tns,AT2026xjj,False
dfc88e95-7417-4436-8408-816f79c1c5f7,tns,AT2026xjk,False
2ec7a897-ab7d-4e45-914e-151498c46e95,tns,AT2026xjl,False
242af73a-19ba-49a0-bde4-855f1d97d530,tns,AT2026xjm,False
3e08ac71-9e8c-4fe4-b36a-d1ef2f50249c,tns,AT2026xjn,False
65aab1b8-d5d8-4fd5-9711-f0266f27f4d6,tns,AT2026xjo,False
4ef02c1c-6ed5-41bd-a7bf-4b0c2fe41802,tns,AT2026xjp,False
5010d126-3889-4e77-a582-6fa0378b1419,tns,AT2026xjq,False
f5afb540-28d6-4c74-abbc-954453ee333e,tns,AT2026xjr,False
e78a8b1f-59dd-41c2-a601-cc6772c962c1,tns,AT2026xjs,False
bb1d37cd-1578-4508-b687-040a1ef29953,tns,AT2026xjt,False
7d7203f0-b3e9-47ca-ae0e-a35f5d3903e2,tns,AT2026xju,False
15c088b5-2673-4287-b62b-e42c72e6892c,tns,AT2026wgg,False
2ca62fa4-d7a1-4ac8-bd3e-81c568224cec,tns,AT2026xjv,False
a66296a6-b0eb-401e-bf50-17cd77af56c5,tns,AT2026xjw,False
7f7134d1-0b56-4c39-b595-77afe54b3e42,tns,AT2026xjx,False
703b7eda-cd75-4328-9369-29c62e9480f5,tns,AT2026xjy,False
d433c1c3-1b11-4dcb-81fa-496f93650316,tns,AT2026xjz,False
857015fe-ab75-4f05-996a-d453f0c4a387,tns,AT2026xka,False
6132f3f9-117b-4e72-b20d-006a41226741,tns,AT2026xkc,False
489ae707-5715-464b-af38-f3df92dcb335,tns,AT2026xkd,False
a606d0cf-f0a7-4212-a74a-647cbe68c7aa,tns,AT2026xke,False
9d369c94-a9c9-4bb5-a583-aea72581bbf9,tns,SN2026plb,False
3593efab-2391-4d9b-a76e-a4c87b138269,tns,SN2026sfn,False
520ad3b3-2f20-4ea0-889d-ad00611f8e76,tns,AT2026wtx,False
0d2b56bc-295b-4c2e-a1ef-405f7ba3d290,tns,AT2026xiy,False
ac27fe26-a9e7-4afd-89dc-abe5641828b7,tns,SN2026ppq,False
8ecebd3a-0b00-48ab-8a87-aeb4d66e345f,tns,AT2026xiz,False
1050cb27-5462-4ec1-82de-bfd817e4d5b5,tns,AT2026tpv,False
40f3b229-07b8-4640-aed4-a2980b08b911,tns,AT2026xja,False
18e2d39c-ce2e-4e80-a4c0-339c63240fe8,tns,AT2026wtr,False
a17dbe93-8f5c-4088-8184-90139e473182,tns,AT2026wkv,False
be150349-953a-43cd-a950-3ed009b10223,tns,AT2026xjb,False
3d301a56-6b4e-4974-9b8c-328ef50da019,tns,AT2026xjc,False
e88370d5-3fa0-479b-8fd7-ad628fb7ca4c,tns,AT2026xjd,False
3afc563f-c87b-44b3-bfe3-ebbdc8503ece,tns,AT2026wom,False
3afc563f-c87b-44b3-bfe3-ebbdc8503ece,tns,SN2026wom,False
aeeff099-89db-4c70-881d-0ddf0293b10c,tns,AT2026vrz,False
aeeff099-89db-4c70-881d-0ddf0293b10c,tns,SN2026vrz,False
c494ac56-60c5-4b75-9605-d4db79ae7f21,tns,AT2026xgk,False
a7695fd1-5dd8-4eae-98ad-bd11ce10dc73,tns,AT2026xgl,False
04ad6383-d2b9-4c07-8662-31433c8f1c80,tns,AT2026xgm,False
ef00ff95-9ba3-42fb-ae7e-ac9f2a8203bb,tns,AT2026xgn,False
156ed0ca-7be8-4df3-81bc-a2a5c6abd667,tns,AT2026xgo,False
552dd931-8a87-495a-932e-4cf32dfce658,tns,AT2026xgp,False
5edb0493-9271-49f2-9687-da59e89afc8b,tns,AT2026xgq,False
e46c4e27-22f2-43f0-9236-881a1c2f6d29,tns,AT2026xgr,False
9bcb6473-800a-40c1-9fc3-5c24f84e2f09,tns,AT2026xgs,False
54ba96bb-cc85-49c7-a45a-29ed21303e43,tns,AT2025amxs,False
b293a02f-ad00-4a72-93cd-ce931d01e003,tns,AT2026xgt,False
b8fd1324-58c4-4d3e-b3bc-41b12a0b86f2,tns,AT2026xgu,False
07e4b638-4937-40ce-82c9-99c1e6451c09,tns,AT2025amxt,False
50be62b3-6e1d-4931-b49a-0e1273c758c1,tns,AT2026xgv,False
63d78691-9ee1-4dbb-8947-2d05e7cad28c,tns,AT2025amxu,False
ac01c7d5-a810-4dab-bff8-ffaeb010fcc8,tns,AT2026xgw,False
420897e0-8bf7-4c4d-990f-8d36a47f204a,tns,AT2026xgx,False
0c7531b4-b48d-45f1-a122-f88bb9e05f42,tns,AT2026xgy,False
8c6bc18c-5569-4df6-a38a-b42c1b39aca4,tns,AT2026xgz,False
b6d760ab-76f1-4a2b-9aa9-6bd28efe66f7,tns,AT2026xha,False
9f5b434e-71c7-4f5e-9b75-32ee531ba6a1,tns,AT2025amxv,False
984c8614-f526-4064-ad12-214c1b3c89e6,tns,AT2026xhc,False
5c57505a-ee15-467d-aca6-5c0e5c380a24,tns,AT2025amxw,False
36356c3a-52e0-41ce-8208-180683cd9861,tns,AT2026xhd,False
838c5115-2315-4900-b7d1-d8bcf3d3dd0e,tns,AT2026xhe,False
9baeef78-18ad-4886-a888-d2a51ebf9c29,tns,AT2026xhf,False
595ea1df-6d28-4abe-8519-1118e4681f69,tns,AT2026xhg,False
6bdb1b21-5359-4c5c-8867-e924a071c46b,tns,AT2026xhh,False
d1760d89-38ef-4964-89b6-48938f2faa29,tns,AT2026xhi,False
9ea6d79f-c0ab-4594-8f6e-4318a752e2be,tns,AT2025amxx,False
51016bcd-fcdd-4462-b25b-62a536635a19,tns,AT2025amxy,False
8654f895-7e81-4491-8459-c96fca116f0a,tns,AT2026xhj,False
983ec50f-d6f6-4efe-ad18-42b771468aa8,tns,AT2026xhk,False
16854d94-62e7-4639-bcc7-8c7c43a90e02,tns,AT2026xhl,False
831d8edd-cbf4-482b-abc8-50ca880ee1ab,tns,AT2026xhm,False
3016f0ff-8e27-41bb-9223-0196dec95755,tns,AT2025amxz,False
7cf8f459-7f7a-4ceb-adf9-1070058450f2,tns,AT2026xhn,False
cccbecc7-e315-4f80-8ccf-34f661439be2,tns,AT2026xho,False
3989881a-d1fc-4cca-8df9-9509afb46e9e,tns,AT2025amya,False
d391da95-3431-46b8-ab80-b5e783c0b920,tns,AT2026xhp,False
88cf7a30-9b99-405d-9ced-351e4ee09576,tns,AT2026xhq,False
aa7749b5-26c0-4871-84d0-94030d08cef0,tns,AT2026xhr,False
66eed4e9-d071-4344-bc5f-d6414e6cfd26,tns,AT2026xhs,False
1fefa0e8-82c6-4f26-8dca-7734a4fe45b8,tns,AT2026xht,False
c8158fd9-4ae0-4a83-913b-d57730d6d765,tns,AT2025amyb,False
1f7c58de-880c-413a-91b7-d285890abe52,tns,AT2026xhu,False
f49e1e65-d0a8-4ef2-ab67-5ee9a7506494,tns,AT2026xhv,False
345d0f9f-7fd1-4a7c-b20e-c6277b472f27,tns,AT2026xhw,False
cde09bb6-7cb6-4572-9ee3-e349d2c3f75c,tns,AT2026xhx,False
b304e333-e18b-4306-a4f1-635e21cf1274,tns,AT2026xhy,False
87fad320-f25e-4b18-adcc-e3a08f1be2f1,tns,AT2025amyc,False
bf85185f-61f1-4d5d-b1a2-76e6099abef7,tns,AT2026xhz,False
15bdec95-e4a0-4327-9846-e7b32fa5dd1a,tns,AT2026xia,False
0bdfc169-ea13-488d-9a07-d9a8eb93242e,tns,AT2025amyd,False
eab40419-55f9-4817-9e9e-ef3c5305a065,tns,AT2026xib,False
ccda739c-5560-41ed-b42d-0d638b1fc7f6,tns,AT2026xic,False
5f6ed8d0-462e-42e6-b657-7c27da46fa49,tns,AT2026xid,False
3779d910-7b3a-4e9d-a39f-7b3aa4bdaf69,tns,AT2026xie,False
7f2f1bab-71b7-48e4-a9c8-e7373f9261c8,tns,AT2026xif,False
1eefc21e-8426-4e1c-8f47-9e30916b8438,tns,AT2026xig,False
5eb52c9e-822c-4a19-8571-1e4c561ec3e3,tns,AT2026xih,False
607cd179-31b2-4b21-a634-84bacc02c6c3,tns,AT2025amye,False
6b5bc50d-0dba-434f-b0fd-d2d997ccdf21,tns,AT2026xii,False
cea318b0-a410-40e3-8253-10b5039ade96,tns,AT2026xij,False
4d1b639e-78a1-4d32-84ed-af8d0188e2ae,tns,AT2026xik,False
abd37474-7c0a-4cdb-9e82-87d2011dc792,tns,AT2026xil,False
0e5fdea4-062a-49c8-bcf1-175bd6ff9103,tns,AT2026xim,False
ac0472c4-cc77-4c0c-bc0f-16ed1a9f9a60,tns,AT2026xin,False
b0aa73b0-a0f3-403b-822e-2339c442e896,tns,AT2025amyf,False
ec4914c7-8656-441b-b274-6dae77a3ca73,tns,AT2026xio,False
4bd4c163-b49c-4daf-87be-30d33ca9ae36,tns,AT2026xip,False
40445338-666a-40ac-adcd-59ece835b7ff,tns,AT2026xiq,False
d54fde31-4345-491c-8509-2d9032cd25cd,tns,AT2026xir,False
0acbb146-1d5a-4cd7-98e1-d952a4353a1f,tns,AT2026xis,False
4c852e51-432b-426f-90ce-4a684551a39e,tns,AT2026xit,False
9e4634f2-5bd2-478a-9e80-30042bafcfad,tns,AT2026xiu,False
d789688a-b028-45a8-aafd-447334177940,tns,AT2026xiv,False
9f680e32-b37a-46b6-b444-2d59ca6e035f,tns,AT2026xiw,False
85f47e8e-ed7a-426f-8327-5f17763754c3,tns,AT2026xix,False
7b6e830c-3bcf-447c-bbe7-da4f78dadd3d,tns,AT2025amyg,False
2e51d4c3-9789-4bc5-8c27-11e1e99452d9,tns,AT2026uwq,False
79df9a44-82b3-456d-ad81-8cb53b1f4f70,tns,SN2026uyd,False
0d241c5f-a472-446a-913f-798acd18e24a,tns,AT2026xcr,False
9fc70719-0f6a-4add-83bf-df58210f6c2c,tns,AT2026xcw,False
ce9ae9a7-e904-4fa8-badb-c18c7347c2a0,tns,AT2026wrd,False
fab32c0b-865e-4e3b-9d14-c4e5d4d24405,tns,AT2026xcy,False
3096d332-76f0-42c5-bc36-60b2ae65a411,tns,AT2026xcz,False
1801050a-f746-49d2-a5b8-512ee6dbea82,tns,AT2026vfy,False
827ef4ec-2d9e-4dc6-a280-9f4c110c6d5e,tns,AT2025amxd,False
a5b5b044-f71d-4fa9-9026-556d5d7db38d,tns,AT2026xda,False
83e644bc-3046-4b1a-9648-300038655f98,tns,AT2026xdb,False
bb3f638f-024a-4bcb-86f0-27deba4277dc,tns,AT2026xdc,False
95a33db8-75a1-4a55-bef8-1ab626b3b893,tns,AT2026xdd,False
b6d66e6a-24d8-4e44-b259-afd545a23e77,tns,AT2026xde,False
7bca5159-a2ad-46ef-a154-0b2c3d479649,tns,AT2026xdf,False
b898c993-685d-4771-b6f7-abbd5d232b42,tns,AT2026xdg,False
fad6eb58-d450-4433-bac1-be81d3719b75,tns,AT2025amxe,False
542d0884-4322-4344-a400-a87572c496cf,tns,AT2026xdh,False
31bb83c4-98a6-430c-91b0-80f347dfba13,tns,AT2026xdi,False
8dd374c5-c5ff-4901-b309-f4f1557dd982,tns,AT2026xdj,False
251ff7f8-896c-44e1-878c-f8d48c996f2f,tns,AT2025amxf,False
8d6d4e58-cbab-4f4c-8b4f-42aae8984bae,tns,AT2026xdk,False
977d5348-fb3e-4335-8fe6-87eb0876b82a,tns,AT2026xdl,False
91a2f848-7fd7-45ac-98eb-d6fcfaa0d387,tns,AT2026xdm,False
fe710950-856b-468a-89f1-ffeb26c6d70f,tns,AT2026xdn,False
41307963-afed-40ed-a36b-dd52102b258e,tns,AT2026xdo,False
58dae52c-5006-4bb0-9c32-1c1127537d66,tns,AT2026xdp,False
4a0cd459-df84-4790-9b96-9eba651aa346,tns,AT2026xdq,False
b52ebf38-096c-41c4-8f5e-334abb1e3455,tns,AT2026xdr,False
1d61dd83-1f64-4e2a-ad0b-a7f40bc856f4,tns,AT2026xds,False
9419a734-a46a-4fcf-a4ef-bd01cbabd5b3,tns,AT2026xdt,False
ba396929-a15c-44d5-894e-abaff6917de9,tns,AT2025amxg,False
e9d90c14-14a1-4486-92e2-0d25e01d0ce8,tns,AT2025amxh,False
395685cb-6cc9-472a-b7aa-7af0ee038d49,tns,AT2026xdu,False
251c2fd3-a756-41d8-b2fa-ee7d39aa6635,tns,AT2026xdv,False
61d1839c-65dc-4e1f-bee0-4c181514158f,tns,AT2026xdw,False
78f6c0af-bdc3-4240-b35a-1cabda5ab42d,tns,AT2026xdx,False
98fb2196-c827-43ca-9715-80e3c7c2af36,tns,AT2026xdy,False
7a468ea2-24a6-4b79-a5d3-9a740b7560a2,tns,AT2026xdz,False
42ceaa1a-6a4d-4c68-a3f0-78fb565071d5,tns,AT2026xea,False
75113435-2913-4e4b-aaae-a7d89d9414e5,tns,AT2026xeb,False
f7fbcfe5-fb08-4508-ab14-e089db27922c,tns,AT2026xec,False
b18cd4bd-b4ec-4b7d-b799-03ecbc53b17b,tns,AT2026xed,False
95157741-e1d2-4c8a-980c-765c25fa04a8,tns,AT2026xee,False
b7f77212-6232-44fb-9f63-c7a8c29846ab,tns,AT2026xef,False
94536b52-0634-405f-8458-835d059d4449,tns,AT2025amxi,False
5c85e433-4e26-4433-a6c3-c28ddd0f6deb,tns,AT2026xeg,False
a47b9fa2-178a-4b2f-a7b0-1e3c06540806,tns,AT2025amxj,False
6025b552-63cf-432c-83e5-9e0ac23d065e,tns,AT2026xeh,False
27633d19-4977-450f-aaff-f7b2372bd460,tns,AT2026xei,False
73a45d9d-482a-4243-b8da-b05f6659c69a,tns,AT2026xej,False
9757c39d-47da-46cb-95be-b8e5d6f0aa7f,tns,AT2026xek,False
1c4ad271-2281-47e8-88fe-c6dfc0a26f34,tns,AT2026xel,False
78c4cc76-9175-4f52-87e3-b46c168d3cc1,tns,AT2026xem,False
55a213ad-b6c1-4034-beb1-d5823df6fc30,tns,AT2026xen,False
f25a9cc2-ef91-4fb7-a608-46eb11c17fcc,tns,AT2026xeo,False
b184b7b1-8cb4-4b5e-8bf1-3c9fda6b442a,tns,AT2026xep,False
4475d7b2-7c6c-4f55-a9ff-1e08ec164e60,tns,AT2026xeq,False
75221497-8511-4d2f-9473-f35e37fa1b9c,tns,AT2026xer,False
6f710d41-3a3b-4f58-bce4-49bafc4e59f4,tns,AT2025amxk,False
ce1998fc-8bc9-4dba-9aa8-792d24a5bad0,tns,AT2025amxl,False
1b0de2e4-b5d7-4ec3-a2e3-71088d327b65,tns,AT2026xes,False
6300c74b-939e-46bd-b155-461af77b955e,tns,AT2026xet,False
0a9a52a8-29fb-4f86-8775-8bb2cf263637,tns,AT2026xeu,False
ad933612-ede5-412d-9c81-d6579314d513,tns,AT2026xev,False
581ce088-cdab-42df-85a7-9b0049203a0b,tns,AT2025amxm,False
21a158cd-ad5d-43f9-bda7-02a9863ca78a,tns,AT2025amxn,False
c4eb70b2-a399-49d7-be68-6de34972d644,tns,AT2026xew,False
1ba08759-d916-4a8f-9155-7a90387286d0,tns,AT2025amxo,False
5620bdec-547b-48a4-b1c8-ad86f4eab458,tns,AT2026xex,False
51d8aa75-88b5-4afa-86ef-827d6d088c51,tns,AT2026xey,False
0adb6288-a770-4057-9bb6-ced3958d008b,tns,AT2026xez,False
25958b26-20cb-48b1-a538-c61a1b732522,tns,AT2026xfa,False
20ecb724-f41f-49b0-84d6-517005c725a1,tns,AT2025amxp,False
f3fe54d7-74e6-4c62-a99f-90f906134d67,tns,AT2026xfb,False
8896a75a-cf44-4eeb-8a5e-0d4102268ee5,tns,AT2026xfc,False
db4839a2-fcca-4689-b519-0d8ea1dd3ddc,tns,AT2026xfd,False
11362bee-4231-4c24-852e-2640219fc2c5,tns,AT2026xfe,False
be42fe0b-23be-4b21-9004-09b44b7123b4,tns,AT2026xff,False
4b4c6a02-12ee-4faf-9f7b-ed73df976245,tns,AT2026xfg,False
650bb8cb-0c22-4ed6-a558-1875c3549cd6,tns,AT2026xfh,False
d22d7aaa-af89-46a1-b71e-a0be53806da1,tns,AT2026xfi,False
9a157c56-ba9e-4d2e-9246-67fb92408371,tns,AT2026xfj,False
0335b029-a95b-40a2-a5d6-4f348219d1bb,tns,AT2026xfk,False
0a2a2852-eb7b-4d24-baa0-cab48b1fe31e,tns,AT2026xfl,False
a116cfbc-a155-4d81-96a1-2ae1b511c83a,tns,AT2026xfm,False
3957bf26-6a2d-43b5-8a83-9bfd4e12a78a,tns,AT2025amxq,False
15ac1d08-9393-450b-9f11-4b49abb2d1f5,tns,AT2026xfn,False
fec9d558-6b62-463e-9a91-75c91a65dfd5,tns,AT2026xfo,False
f9eaa044-1641-435e-8d0e-6a1fb1ed0a12,tns,AT2026xfp,False
d1fa403a-b31c-4d3c-89aa-9d66234b727e,tns,AT2026xfq,False
38a442f9-abbf-486a-be6a-68e27b4c1d5b,tns,AT2026xfr,False
73b6ecb7-89c5-44c4-8e86-9dc2363ac12a,tns,AT2026xfs,False
9f142f7c-5b8e-44c7-b0b6-a275cf3aafe5,tns,AT2026xft,False
71094b12-6ace-40b5-bd41-f3ed3ae62048,tns,AT2026xfu,False
1aa098e1-0adc-4a8f-87b0-f613a53f7dbb,tns,AT2026xfv,False
a25c407a-0034-44e2-8fd4-11477675b468,tns,AT2026xfw,False
7c1a2dfa-3d7b-4655-9aa5-d5a9a3a878ae,tns,AT2026xfx,False
56df051b-c9d4-4d47-8fd0-5260dd78bd24,tns,AT2026xfy,False
2a7fb9c9-f308-45a7-adc8-504ede1c97f6,tns,AT2026xfz,False
7890905c-41d0-4900-89e7-606a3163407d,tns,AT2026xga,False
9663c2d1-821f-413b-ac79-155350e6dced,tns,AT2026wqv,False
4f6720b4-0814-43bf-aaa9-4877589e6941,tns,AT2026xgb,False
f7003de0-12ef-4cd1-bd07-ba8c49089149,tns,AT2026xgc,False
aa417763-f43c-4f41-b32e-c5350430f1c6,tns,AT2026xgd,False
cb7f07bd-0fdc-4cdb-b922-8897a4e4735a,tns,AT2026xge,False
281a46bb-3b42-497c-8d24-f7c72782fe64,tns,AT2026xgf,False
478881f0-afb8-4ed0-8dad-9f4cb24daf49,tns,AT2026xgg,False
6227e476-5a2f-490c-9dd9-81c4c4e8188a,tns,AT2026xgh,False
16823929-0ede-4a58-8d5e-1f4ffe184411,tns,AT2026xgi,False
e4ab4513-60cc-4540-a302-18c3aa7a1cb5,tns,AT2026xgj,False
0985452e-3000-4129-8d3f-bfcdb2552a50,tns,AT2025amxr,False
9533d2a4-7c11-4a90-b97d-cec9c43c9109,tns,AT2026xcv,False
3ab88fef-84ca-42f0-b724-020b4eab022c,tns,AT2019aazv,False
30562153-01ee-4e01-8a51-bd6731509767,tns,AT2026wlm,False
c18578ed-dbbf-4ee2-beb3-fb35a13caf9a,tns,AT2026xcp,False
09fa2026-3d2b-4d66-aba9-c634ece0ba36,tns,AT2026xcq,False
7a599ca8-f1be-4159-a041-d7c4c37870e2,tns,AT2026xcc,False
748ed78e-d272-4c4f-b730-f9be017fa35f,tns,AT2026xcd,False
4616e5c9-2b0d-45e7-a45b-672f29d99d06,tns,AT2026xce,False
4c2b71e6-4a99-434c-b153-8a8abcdf3b92,tns,AT2026xcf,False
ca49e26e-0c7b-425d-a1dd-3692f4bfa55e,tns,AT2026xcg,False
4c640cda-b477-4e50-8b67-7b4fd5b45c20,tns,AT2026xch,False
bcd177d2-c815-4064-b61e-c3484bccb085,tns,AT2026xci,False
b599f47d-bf83-43f0-8a51-29a81a01666b,tns,AT2026xcj,False
ded2b0ed-b912-46b6-85a8-20081a884a64,tns,AT2026xck,False
faa1cb0a-7a2c-4198-8bab-607f32a1c29f,tns,AT2026xcl,False
8678b5f2-66bd-4cb6-9d4d-e5db1dfd9423,tns,AT2026xcm,False
0df358e8-3446-4bf3-be42-59cf4a524a3f,tns,AT2026xcn,False
4ec636f4-35b6-4c12-999d-10d6c4f50f21,tns,AT2026xcb,False
e6cbd2df-4070-4c21-92a6-0e547fd59e90,tns,AT2026xbw,False
01160088-4d2f-4656-9d74-dcb772b4a2f4,tns,AT2026uzh,False
01160088-4d2f-4656-9d74-dcb772b4a2f4,tns,SN2026uzh,False
e4604dc7-29ea-499b-b612-0a8bd8897864,tns,AT2026wyu,False
e4604dc7-29ea-499b-b612-0a8bd8897864,tns,SN2026wyu,False
4713b76f-8afa-4578-a7fe-d64fd08345b5,gcn,IceCube-190619A,False
4713b76f-8afa-4578-a7fe-d64fd08345b5,gcn,132707_54984442,False
971e113e-73b1-45d4-9e50-a257efe60510,gcn,IceCube-190629A,False
971e113e-73b1-45d4-9e50-a257efe60510,gcn,132768_5390846,False
53a1294f-b686-4805-89f8-59b553a92e97,gcn,IceCube-190712A,False
53a1294f-b686-4805-89f8-59b553a92e97,gcn,132814_44222682,False
5bae6b71-d679-469d-9c1b-5ccc8c9c51d3,gcn,IceCube-190730A,False
5bae6b71-d679-469d-9c1b-5ccc8c9c51d3,gcn,132910_57145925,False
2ef73f41-204f-4366-8845-978f4a5716e5,gcn,IceCube-190819A,False
2ef73f41-204f-4366-8845-978f4a5716e5,gcn,132974_67924813,False
236e8a08-9f39-4e4c-a877-53d443935be5,gcn,IceCube-190922A,False
236e8a08-9f39-4e4c-a877-53d443935be5,gcn,133091_81419,False
25bfdec6-ffff-4a68-8acf-9b0505c32ced,gcn,IceCube-190922B,False
25bfdec6-ffff-4a68-8acf-9b0505c32ced,gcn,133092_52499868,False
ef3441d1-fd6d-4d99-bb13-bde7f6cf28a4,gcn,IceCube-191001A,False
ef3441d1-fd6d-4d99-bb13-bde7f6cf28a4,gcn,133119_22683750,False
5b8b226a-5c63-4ac7-a848-1c74babe54c4,gcn,IceCube-191119A,False
5b8b226a-5c63-4ac7-a848-1c74babe54c4,gcn,133331_47828126,False
a0f479b6-dd4a-4749-94aa-a1465c3a3ddd,gcn,IceCube-191122A,False
a0f479b6-dd4a-4749-94aa-a1465c3a3ddd,gcn,133348_80807014,False
2c9aef94-4434-466b-a4a1-51ddc801a6e9,gcn,IceCube-191204A,False
2c9aef94-4434-466b-a4a1-51ddc801a6e9,gcn,133394_27261780,False
7f2bf432-142a-4241-9b0c-8cd891713b65,gcn,IceCube-191215A,False
7f2bf432-142a-4241-9b0c-8cd891713b65,gcn,133433_29047901,False
97112629-5eb8-49fa-a3e4-092c304137be,gcn,IceCube-191231A,False
97112629-5eb8-49fa-a3e4-092c304137be,gcn,133572_82361476,False
477274f7-aeeb-46fc-890d-40b3a8226ebe,gcn,IceCube-200109A,False
477274f7-aeeb-46fc-890d-40b3a8226ebe,gcn,133609_37927131,False
701c4e66-0432-4a93-9925-76e8e3028b60,gcn,IceCube-200117A,False
701c4e66-0432-4a93-9925-76e8e3028b60,gcn,133634_1410505,False
3c862f81-f80d-4af1-90da-84d2c4988378,gcn,IceCube-200120A,False
3c862f81-f80d-4af1-90da-84d2c4988378,gcn,133644_43767651,False
97d853ec-dcbd-482e-98b8-0affa9372391,gcn,IceCube-200227A,False
97d853ec-dcbd-482e-98b8-0affa9372391,gcn,133781_21701751,False
f958eaba-46be-42a3-9f97-f8e59105642d,gcn,IceCube-200410A,False
f958eaba-46be-42a3-9f97-f8e59105642d,gcn,133945_24635982,False
1d126f95-d559-430e-b2cb-d109a6ebaf06,gcn,IceCube-200421A,False
1d126f95-d559-430e-b2cb-d109a6ebaf06,gcn,133985_60770138,False
7588e928-38e1-431b-88af-eaa0febf2e7d,gcn,IceCube-200425A,False
7588e928-38e1-431b-88af-eaa0febf2e7d,gcn,134013_16038252,False
1f4b11cc-3b48-418c-89dd-0668b649e5f5,gcn,IceCube-200512A,False
1f4b11cc-3b48-418c-89dd-0668b649e5f5,gcn,134081_58268464,False
5c2f8a66-6d57-43f7-a2d6-05314f1c3205,gcn,IceCube-200523A,False
5c2f8a66-6d57-43f7-a2d6-05314f1c3205,gcn,134116_58596690,False
7e51d60b-dab7-43f3-bc15-d749e648a7c5,gcn,IceCube-200530A,False
7e51d60b-dab7-43f3-bc15-d749e648a7c5,gcn,134139_35473338,False
cc6347da-673e-4caa-b282-552e69f52bc7,gcn,IceCube-200614A,False
cc6347da-673e-4caa-b282-552e69f52bc7,gcn,134187_72386329,False
bd1f63e2-cb38-4e9f-832d-05b4532f6e9e,gcn,IceCube-200615A,False
bd1f63e2-cb38-4e9f-832d-05b4532f6e9e,gcn,134191_17593623,False
a3574343-32c1-43d7-8a39-df1793cc79c0,gcn,IceCube-200620A,False
a3574343-32c1-43d7-8a39-df1793cc79c0,gcn,134207_33533447,False
e35609fe-57b6-4c38-bfc7-fb776c20157f,gcn,IceCube-200806A,False
e35609fe-57b6-4c38-bfc7-fb776c20157f,gcn,134354_59221243,False
a263d91a-3cbf-4f8c-a186-f0df3474a0b1,gcn,IceCube-200911A,False
a263d91a-3cbf-4f8c-a186-f0df3474a0b1,gcn,134482_27754576,False
65057ea7-46eb-4c39-bc88-e53c5317d532,gcn,IceCube-200916A,False
65057ea7-46eb-4c39-bc88-e53c5317d532,gcn,134498_12605830,False
9ccc8041-8783-414d-b1af-a8b118876af2,gcn,IceCube-200921A,False
9ccc8041-8783-414d-b1af-a8b118876af2,gcn,134512_71996695,False
75d25531-2cc3-4773-9f5b-1d976cc1e265,gcn,IceCube-200926A,False
75d25531-2cc3-4773-9f5b-1d976cc1e265,gcn,134533_53384881,False
5f523aff-5374-481b-a308-6944353c256c,gcn,IceCube-200926B,False
5f523aff-5374-481b-a308-6944353c256c,gcn,134535_41069485,False
3b9bab48-9ae9-4317-999d-3ce5a48988a2,gcn,IceCube-200929A,False
3b9bab48-9ae9-4317-999d-3ce5a48988a2,gcn,134552_68615710,False
46f3f991-7c65-4f67-9fef-d783c4eb8b72,gcn,IceCube-201007A,False
46f3f991-7c65-4f67-9fef-d783c4eb8b72,gcn,134577_31638233,False
b756f5f4-1fed-4d27-bc64-ca9baa424914,gcn,IceCube-201014A,False
b756f5f4-1fed-4d27-bc64-ca9baa424914,gcn,134599_66310113,False
726ea3ce-0e02-4cd8-9a59-b8a19bc8fa28,gcn,IceCube-201021A,False
726ea3ce-0e02-4cd8-9a59-b8a19bc8fa28,gcn,134621_31008065,False
b797627c-a97c-4637-83d8-aea6fd4d8cd5,gcn,IceCube-201114A,False
b797627c-a97c-4637-83d8-aea6fd4d8cd5,gcn,134698_40735501,False
1ee1309f-83e7-4ef5-8cdd-fb737f12f80e,gcn,IceCube-201115A,False
1ee1309f-83e7-4ef5-8cdd-fb737f12f80e,gcn,134699_70289682,False
2987813b-47f0-401f-857d-cc349bb3a142,gcn,IceCube-201120A,False
2987813b-47f0-401f-857d-cc349bb3a142,gcn,134715_65785778,False
21b76e84-584d-4713-9340-c539eff423b9,gcn,IceCube-201130A,False
21b76e84-584d-4713-9340-c539eff423b9,gcn,134751_31476488,False
a6d04f37-c2dd-4fa1-9869-dbad2b426067,gcn,IceCube-201221A,False
a6d04f37-c2dd-4fa1-9869-dbad2b426067,gcn,134817_29175858,False
0a9f3564-c0e2-4c4a-8199-ecc492c4ad9d,gcn,IceCube-201222A,False
0a9f3564-c0e2-4c4a-8199-ecc492c4ad9d,gcn,134818_73718836,False
f631695c-dbbf-42b0-af86-150540836257,gcn,IceCube-210210A,False
f631695c-dbbf-42b0-af86-150540836257,gcn,134979_17138286,False
e745a064-8d84-4ea2-b5bd-0e70376bb4e6,gcn,IceCube-210510A,False
e745a064-8d84-4ea2-b5bd-0e70376bb4e6,gcn,135270_69188496,False
87989982-64cb-4758-89a1-c09efce01281,gcn,IceCube-210516A,False
87989982-64cb-4758-89a1-c09efce01281,gcn,135292_56063172,False
9d885a79-f19e-4640-a30e-b8bc80d107a7,gcn,IceCube-210608A,False
9d885a79-f19e-4640-a30e-b8bc80d107a7,gcn,135363_69917294,False
b5dbc882-135a-4787-9304-92e9b111b9cb,gcn,IceCube-210629A,False
b5dbc882-135a-4787-9304-92e9b111b9cb,gcn,135440_3139778,False
3950136c-159c-4b2b-8151-66da7e058638,gcn,IceCube-210730A,False
3950136c-159c-4b2b-8151-66da7e058638,gcn,135553_7213992,False
1c6a9929-2c63-4077-af5e-59041a1cc1c6,gcn,IceCube-210811A,False
1c6a9929-2c63-4077-af5e-59041a1cc1c6,gcn,135591_36044887,False
2c4cbf51-8737-4aa5-bf44-aca340ca6d11,gcn,IceCube-210922A,False
2c4cbf51-8737-4aa5-bf44-aca340ca6d11,gcn,135736_30987826,False
b38fd887-1ccb-4ec0-abae-442e364bfe9c,gcn,IceCube-211023A,False
b38fd887-1ccb-4ec0-abae-442e364bfe9c,gcn,135832_55176071,False
cc7cc668-e96d-4c08-8102-eaa16197bda0,gcn,IceCube-211117A,False
cc7cc668-e96d-4c08-8102-eaa16197bda0,gcn,135908_43512334,False
f57e4c39-3144-42e3-8acc-4380d02138f7,gcn,IceCube-211123A,False
f57e4c39-3144-42e3-8acc-4380d02138f7,gcn,135930_15193553,False
4b08c0b9-b78a-47a9-b60b-851cf210da64,gcn,IceCube-211125A,False
4b08c0b9-b78a-47a9-b60b-851cf210da64,gcn,135936_74588253,False
e18f36d8-e180-4d1a-865e-99d14d9c7fc9,gcn,IceCube-211208A,False
e18f36d8-e180-4d1a-865e-99d14d9c7fc9,gcn,136015_21306805,False
2f15e0b6-5c74-4c52-8c9c-b6c3f692fc9e,gcn,IceCube-211216A,False
2f15e0b6-5c74-4c52-8c9c-b6c3f692fc9e,gcn,136055_348073,False
aee87d30-2c2c-4123-8426-9c6fc0867931,gcn,IceCube-211216B,False
aee87d30-2c2c-4123-8426-9c6fc0867931,gcn,136057_6147475,False
a36c1519-88b0-4983-982c-f19d92db8f23,gcn,IceCube-220115A,False
a36c1519-88b0-4983-982c-f19d92db8f23,gcn,136170_48281000,False
e9e1274d-11d3-4ee9-9a61-6e0ddee0cff6,gcn,IceCube-220202A,False
e9e1274d-11d3-4ee9-9a61-6e0ddee0cff6,gcn,136241_22093816,False
f9035879-da0c-4b0e-95ef-ad0775f81caf,gcn,IceCube-220221A,False
f9035879-da0c-4b0e-95ef-ad0775f81caf,gcn,136348_65788242,False
5d0a9cb0-30ee-4849-9023-f5bef80641d9,gcn,IceCube-220225A,False
5d0a9cb0-30ee-4849-9023-f5bef80641d9,gcn,136366_14203460,False
4990b244-90f7-4e8b-ac91-feaba4eb1363,gcn,IceCube-220303A,False
4990b244-90f7-4e8b-ac91-feaba4eb1363,gcn,136385_7450363,False
b8444adc-3752-4ff3-9d3f-eb60f0910318,gcn,IceCube-220304A,False
b8444adc-3752-4ff3-9d3f-eb60f0910318,gcn,136388_4701751,False
ebd0f0f2-e07c-41bc-ae27-668b12d094cc,gcn,IceCube-220306A,False
ebd0f0f2-e07c-41bc-ae27-668b12d094cc,gcn,136392_25495567,False
5737cb32-66b3-4e47-b98d-949801a1a171,gcn,IceCube-220317A,False
5737cb32-66b3-4e47-b98d-949801a1a171,gcn,136441_11435033,False
9bfeec5d-0da9-430f-a3ec-155325822af1,gcn,IceCube-220421A,False
9bfeec5d-0da9-430f-a3ec-155325822af1,gcn,136556_43687362,False
fbc48b2d-7818-41e8-b25e-dbb4c3271d98,gcn,IceCube-220424A,False
fbc48b2d-7818-41e8-b25e-dbb4c3271d98,gcn,136565_2186969,False
4cbed41f-d479-44c3-bbf3-de817d54dd5b,gcn,IceCube-220425A,False
4cbed41f-d479-44c3-bbf3-de817d54dd5b,gcn,136568_17854328,False
7b1b646d-e585-46f0-a84d-08a88c0edfc0,gcn,IceCube-220501A,False
7b1b646d-e585-46f0-a84d-08a88c0edfc0,gcn,136588_56014830,False
0be15fd9-ab0f-499b-b2e0-582c51978a67,gcn,IceCube-220509A,False
0be15fd9-ab0f-499b-b2e0-582c51978a67,gcn,136615_14688828,False
6e690de5-4ca1-49bd-ad6d-a53a2199e6c6,gcn,IceCube-220513A,False
6e690de5-4ca1-49bd-ad6d-a53a2199e6c6,gcn,136627_61640402,False
2ec681f4-e460-4546-aa7b-add2e8007503,gcn,IceCube-220524A,False
2ec681f4-e460-4546-aa7b-add2e8007503,gcn,136662_35405932,False
76e58fd9-271b-4d31-978e-bd83854e9114,gcn,IceCube-220624A,False
76e58fd9-271b-4d31-978e-bd83854e9114,gcn,136766_7637140,False
0fd49a98-5177-4963-9745-02bd84f7aedb,gcn,IceCube-220627A,False
0fd49a98-5177-4963-9745-02bd84f7aedb,gcn,136775_22443736,False
c86ed427-e1e2-4496-b6fa-d186a916774f,gcn,IceCube-220629A,False
c86ed427-e1e2-4496-b6fa-d186a916774f,gcn,136783_66879340,False
e3fddd91-16b4-44fd-8561-ef6d0a28ade3,gcn,IceCube-220822A,False
e3fddd91-16b4-44fd-8561-ef6d0a28ade3,gcn,136973_28816141,False
eb8f48e7-63b8-4d5e-a308-1b82f2af821d,gcn,IceCube-220907A,False
eb8f48e7-63b8-4d5e-a308-1b82f2af821d,gcn,137019_70165712,False
c93a3e15-0e6f-484d-bfe8-1512534eaca4,gcn,IceCube-220918A,False
c93a3e15-0e6f-484d-bfe8-1512534eaca4,gcn,137065_22012496,False
3b1b0a11-3175-4059-a6d6-c771382d5dea,gcn,IceCube-220928A,False
3b1b0a11-3175-4059-a6d6-c771382d5dea,gcn,137096_70551815,False
89ca8964-51e2-4022-9022-607f9657bdd3,gcn,IceCube-221104A,False
89ca8964-51e2-4022-9022-607f9657bdd3,gcn,137217_75180896,False
882e2d9a-6750-4f72-8581-65d6084c9d12,gcn,IceCube-221124A,False
882e2d9a-6750-4f72-8581-65d6084c9d12,gcn,137296_24212476,False
92d828f0-9682-4f5d-bce3-32ebb10c6b86,gcn,IceCube-221210A,False
92d828f0-9682-4f5d-bce3-32ebb10c6b86,gcn,137350_7930341,False
47f038d4-78fd-4b28-bf11-156b6a8bef6d,gcn,IceCube-221216A,False
47f038d4-78fd-4b28-bf11-156b6a8bef6d,gcn,137390_43495485,False
778973dd-63d6-4ac1-9185-3b6b4d823978,gcn,IceCube-221223A,False
778973dd-63d6-4ac1-9185-3b6b4d823978,gcn,137467_64735045,False
790e52a7-3a76-46ea-b233-45a66af00a47,gcn,IceCube-221224A,False
790e52a7-3a76-46ea-b233-45a66af00a47,gcn,137469_77414913,False
7e0a4f3a-58fc-4aa4-84f1-3341f7690d00,gcn,IceCube-221229A,False
7e0a4f3a-58fc-4aa4-84f1-3341f7690d00,gcn,137487_35344578,False
d52a434b-6145-4e5b-b6d7-4df918451db2,gcn,IceCube-230112A,False
d52a434b-6145-4e5b-b6d7-4df918451db2,gcn,137537_52990531,False
7306b960-fdc4-4a79-8661-b724551b81c1,gcn,IceCube-230122A,False
7306b960-fdc4-4a79-8661-b724551b81c1,gcn,137571_16496893,False
bf7c6c00-1948-451b-b26e-98cf931db412,gcn,IceCube-230201A,False
bf7c6c00-1948-451b-b26e-98cf931db412,gcn,137603_30799022,False
d73501d3-8d58-4d4d-8c4b-5511b6569faf,gcn,IceCube-230217A,False
d73501d3-8d58-4d4d-8c4b-5511b6569faf,gcn,137661_22129736,False
2e956d4f-1e13-4a7c-bd9e-9c87819f3d4c,gcn,IceCube-230220A,False
2e956d4f-1e13-4a7c-bd9e-9c87819f3d4c,gcn,137668_51133257,False
e812efae-40b2-42b3-930d-44f579e82aae,gcn,IceCube-230306A,False
e812efae-40b2-42b3-930d-44f579e82aae,gcn,137711_79205800,False
be8a5cbe-1061-409c-a009-8b95ae4ca935,gcn,IceCube-230401A,False
be8a5cbe-1061-409c-a009-8b95ae4ca935,gcn,137794_38132005,False
e5da15e9-b85d-4df3-b80e-aaf488497cee,gcn,IceCube-230405A,False
e5da15e9-b85d-4df3-b80e-aaf488497cee,gcn,137806_8756840,False
3364474e-df11-44e2-b5e8-1e2be541c6ad,gcn,IceCube-230416A,False
3364474e-df11-44e2-b5e8-1e2be541c6ad,gcn,137840_57034692,False
e7c25e55-feed-4a48-bffb-e09fa70d797c,gcn,IceCube-230506A,False
e7c25e55-feed-4a48-bffb-e09fa70d797c,gcn,137910_29871391,False
df4c7ce7-5694-4774-8d8e-92bf5d7a5d74,gcn,IceCube-230511A,False
df4c7ce7-5694-4774-8d8e-92bf5d7a5d74,gcn,137932_1791376,False
0dd9b648-7454-4812-a4b2-79bebb9eca2e,gcn,IceCube-230524A,False
0dd9b648-7454-4812-a4b2-79bebb9eca2e,gcn,137971_11526243,False
8b674277-caf4-4389-910d-5f10be8f018e,gcn,IceCube-230603A,False
8b674277-caf4-4389-910d-5f10be8f018e,gcn,138005_24780443,False
93a6d7da-7a4c-406f-8ddf-74bc5cccb598,gcn,IceCube-230707A,False
93a6d7da-7a4c-406f-8ddf-74bc5cccb598,gcn,138125_11333473,False
abb5ff5a-0b9d-400e-9046-c2a321c9b464,gcn,IceCube-230707B,False
abb5ff5a-0b9d-400e-9046-c2a321c9b464,gcn,138125_29513102,False
862711fc-d15c-4d30-b3db-f4fc2f4eda20,gcn,IceCube-230708A,False
862711fc-d15c-4d30-b3db-f4fc2f4eda20,gcn,138131_35302784,False
2daa44b5-6d55-4435-9eb4-fbd0d887cc63,gcn,IceCube-230724A,False
2daa44b5-6d55-4435-9eb4-fbd0d887cc63,gcn,138181_66037171,False
42498ae1-6aaa-444f-b9a0-3e0a467182e1,gcn,IceCube-230725A,False
42498ae1-6aaa-444f-b9a0-3e0a467182e1,gcn,138193_21103478,False
0ad6d901-464a-41be-a202-7f4c4193e3f8,gcn,IceCube-230727A,False
0ad6d901-464a-41be-a202-7f4c4193e3f8,gcn,138198_44334860,False
d534a000-8499-4ce7-9528-a16bdd2d87c3,gcn,IceCube-230823A,False
d534a000-8499-4ce7-9528-a16bdd2d87c3,gcn,138283_14780365,False
3617e9e4-9d09-4253-825d-1934da4ebe00,gcn,IceCube-230914A,False
3617e9e4-9d09-4253-825d-1934da4ebe00,gcn,138354_45413430,False
cb87c6d3-7763-416d-a43d-2f9af0a02d08,gcn,IceCube-231004A,False
cb87c6d3-7763-416d-a43d-2f9af0a02d08,gcn,138415_56188508,False
707c0f53-a670-480c-a5d1-ac39bacc5222,gcn,IceCube-231014A,False
707c0f53-a670-480c-a5d1-ac39bacc5222,gcn,138449_20481611,False
13f36c4d-5f4c-43cb-9a8a-5464498e81d3,gcn,IceCube-231027A,False
13f36c4d-5f4c-43cb-9a8a-5464498e81d3,gcn,138487_60138479,False
c85795a6-f78c-4fe5-b2a2-0fbc6fdd6a40,gcn,IceCube-231103A,False
c85795a6-f78c-4fe5-b2a2-0fbc6fdd6a40,gcn,138515_8773328,False
df14dd66-e426-44fc-b445-238d093c0eee,gcn,IceCube-231125A,False
df14dd66-e426-44fc-b445-238d093c0eee,gcn,138599_39138591,False
62156ae0-3694-4bf9-be91-25fa2735b58e,gcn,IceCube-231202A,False
62156ae0-3694-4bf9-be91-25fa2735b58e,gcn,138632_31747601,False
c0a3d309-4237-4a3f-8c86-f82727b099e8,gcn,IceCube-231211A,False
c0a3d309-4237-4a3f-8c86-f82727b099e8,gcn,138669_4054005,False
0ebfba8a-e2f4-41d5-acae-b4ae561d3743,gcn,IceCube-240105A,False
0ebfba8a-e2f4-41d5-acae-b4ae561d3743,gcn,138821_46175426,False
f981dfa8-0d4d-4bdf-8c15-8d613e7ec013,gcn,IceCube-240123A,False
f981dfa8-0d4d-4bdf-8c15-8d613e7ec013,gcn,138890_34080563,False
1c1595e8-7c90-4b49-af90-a73a31f95e3c,gcn,IceCube-240204A,False
1c1595e8-7c90-4b49-af90-a73a31f95e3c,gcn,138938_62272876,False
2fcf915a-556a-47bf-a8e2-717f0d3b798f,gcn,IceCube-240307A,False
2fcf915a-556a-47bf-a8e2-717f0d3b798f,gcn,139100_34742349,False
506b57ee-f566-409d-9d53-8dbd63d26ea9,gcn,IceCube-240327A,False
506b57ee-f566-409d-9d53-8dbd63d26ea9,gcn,139204_39158985,False
8337a443-c708-4df7-b944-7f4c36c4b6dc,gcn,IceCube-240327B,False
8337a443-c708-4df7-b944-7f4c36c4b6dc,gcn,139205_9784024,False
6c4c1850-9066-49d4-8b79-4df1f499e19c,gcn,IceCube-240412A,False
6c4c1850-9066-49d4-8b79-4df1f499e19c,gcn,139279_10803235,False
12572702-bae1-46a7-9244-0df4a7ddde45,gcn,IceCube-240419A,False
12572702-bae1-46a7-9244-0df4a7ddde45,gcn,139303_27647445,False
8405c0c6-53d0-48b0-ad63-ca463aeb2031,gcn,IceCube-240424A,False
8405c0c6-53d0-48b0-ad63-ca463aeb2031,gcn,139315_50057906,False
5f31180d-17a2-4755-8a43-fed1f6e1cf2d,gcn,IceCube-240721A,False
5f31180d-17a2-4755-8a43-fed1f6e1cf2d,gcn,139674_30853199,False
1a86a446-4696-4567-a2a6-3377495f53e0,gcn,IceCube-240725A,False
1a86a446-4696-4567-a2a6-3377495f53e0,gcn,139685_1723093,False
fd8ed8e2-1a08-447d-acb3-1c924b85400e,gcn,IceCube-240808A,False
fd8ed8e2-1a08-447d-acb3-1c924b85400e,gcn,139735_13003768,False
f5fd1f4a-f4ed-49eb-a277-b81b929980b1,gcn,IceCube-240929A,False
f5fd1f4a-f4ed-49eb-a277-b81b929980b1,gcn,139912_46959751,False
5bd1f44b-f0b5-48e9-993c-183155ff8f28,gcn,IceCube-241006A,False
5bd1f44b-f0b5-48e9-993c-183155ff8f28,gcn,139939_8268246,False
e9109a99-a5e8-4285-9c72-31a5a6386da8,gcn,IceCube-241113A,False
e9109a99-a5e8-4285-9c72-31a5a6386da8,gcn,140078_30891383,False
af2f00d5-f663-4c10-a096-209db88c7768,gcn,IceCube-241127A,False
af2f00d5-f663-4c10-a096-209db88c7768,gcn,140125_41215060,False
4e65e301-8b37-450c-9882-924a069496b6,gcn,IceCube-241224A,False
4e65e301-8b37-450c-9882-924a069496b6,gcn,140284_303893,False
47018a5c-e87c-4a6f-aee0-48a6a8675997,gcn,IceCube-250101A,False
47018a5c-e87c-4a6f-aee0-48a6a8675997,gcn,140312_53817657,False
be688c81-0f2b-4d58-8a35-0ff9e137e730,gcn,IceCube-250102A,False
be688c81-0f2b-4d58-8a35-0ff9e137e730,gcn,140314_61338661,False
ea5ee41f-3650-4f8d-a37b-5687f53e28b5,gcn,IceCube-250203A,False
ea5ee41f-3650-4f8d-a37b-5687f53e28b5,gcn,140436_11917698,False
5dcac14a-cb86-417f-86ba-6897917b2b01,gcn,IceCube-250207A,False
5dcac14a-cb86-417f-86ba-6897917b2b01,gcn,140472_78196104,False
066e2477-2a22-4bc5-975a-7ba45b89da26,gcn,IceCube-250302A,False
066e2477-2a22-4bc5-975a-7ba45b89da26,gcn,140601_60511904,False
d6ee9238-98b4-4067-9734-cff5c262e7e8,gcn,IceCube-250309A,False
d6ee9238-98b4-4067-9734-cff5c262e7e8,gcn,140626_1288692,False
a0e16cf2-d8fa-465b-8297-62a95e2b006d,gcn,IceCube-250330A,False
a0e16cf2-d8fa-465b-8297-62a95e2b006d,gcn,140729_49427574,False
350dc1a0-41a1-4c99-8c8f-b630aff4bf86,gcn,IceCube-250406A,False
350dc1a0-41a1-4c99-8c8f-b630aff4bf86,gcn,140752_31006975,False
163218ae-3ef2-4a3a-87e8-da8cf741a921,gcn,IceCube-250416A,False
163218ae-3ef2-4a3a-87e8-da8cf741a921,gcn,140799_37236133,False
d16ad989-222e-4abb-af0e-95954e2c4b11,gcn,IceCube-250421A,False
d16ad989-222e-4abb-af0e-95954e2c4b11,gcn,140824_2517159,False
58c59e0b-7f44-4382-a2c4-011c0c38ec5f,gcn,IceCube-250426A,False
58c59e0b-7f44-4382-a2c4-011c0c38ec5f,gcn,140843_52432631,False
14e2b26a-f380-4b72-99bd-62dad10a8088,gcn,IceCube-250429A,False
14e2b26a-f380-4b72-99bd-62dad10a8088,gcn,140870_26727884,False
20009701-bc8c-41e0-86c7-fe948645663f,gcn,IceCube-250506A,False
20009701-bc8c-41e0-86c7-fe948645663f,gcn,140896_73492707,False
acfb78e1-3b56-4c8f-84fc-f2aadb5e1f34,gcn,IceCube-250706A,False
acfb78e1-3b56-4c8f-84fc-f2aadb5e1f34,gcn,141104_37015490,False
9fab954f-b2d1-4876-b9ca-88b65eb81b6e,gcn,IceCube-250708A,False
9fab954f-b2d1-4876-b9ca-88b65eb81b6e,gcn,141112_11292662,False
2b51113e-5450-466d-928f-7f9e4ba793a3,gcn,IceCube-250804A,False
2b51113e-5450-466d-928f-7f9e4ba793a3,gcn,141198_19914656,False
d43a5646-1e6a-4337-bd4d-964d95c2422d,gcn,IceCube-250813A,False
d43a5646-1e6a-4337-bd4d-964d95c2422d,gcn,141240_9390028,False
b7be66aa-641c-4cf3-86a4-1bf49fb6424d,gcn,IceCube-250831A,False
b7be66aa-641c-4cf3-86a4-1bf49fb6424d,gcn,141300_5972385,False
f59feeb1-71a6-46b5-82e8-4f206ea3cc4b,gcn,IceCube-250905A,False
f59feeb1-71a6-46b5-82e8-4f206ea3cc4b,gcn,141315_25569816,False
7a201656-30cc-4e65-a71d-3eae6d054d0a,gcn,IceCube-250926A,False
7a201656-30cc-4e65-a71d-3eae6d054d0a,gcn,141390_64842455,False
629ff298-c4ec-4796-94e5-2ae0d62ef47c,gcn,IceCube-251014A,False
629ff298-c4ec-4796-94e5-2ae0d62ef47c,gcn,141484_75492250,False
6fde7649-40bc-4fb1-8237-bcd5de812f22,gcn,IceCube-251018A,False
6fde7649-40bc-4fb1-8237-bcd5de812f22,gcn,141495_22018019,False
2b696c54-bae8-4c79-a1f4-b47be77140e5,gcn,IceCube-251025A,False
2b696c54-bae8-4c79-a1f4-b47be77140e5,gcn,141518_18513107,False
0ae5b62e-f934-433f-92e7-feed8b0f00b9,gcn,IceCube-251130A,False
0ae5b62e-f934-433f-92e7-feed8b0f00b9,gcn,141654_31953389,False
4d59cd22-0430-43e5-b689-3fae600e0b0b,gcn,IceCube-251210A,False
4d59cd22-0430-43e5-b689-3fae600e0b0b,gcn,141715_43378962,False
387f92f3-f7d3-4794-ab3c-c1ebe5eb4480,gcn,IceCube-251218A,False
387f92f3-f7d3-4794-ab3c-c1ebe5eb4480,gcn,141741_9008919,False
4ca7b64d-1f10-46d6-977f-53ad20e46ff7,gcn,IceCube-251225A,False
4ca7b64d-1f10-46d6-977f-53ad20e46ff7,gcn,141764_19814286,False
93992111-e68a-4d91-99d3-3d927361f1f6,gcn,IceCube-260111A,False
93992111-e68a-4d91-99d3-3d927361f1f6,gcn,141893_3811884,False
b8f02d86-2bfe-48ad-905d-f3c00e205b92,gcn,IceCube-260115A,False
b8f02d86-2bfe-48ad-905d-f3c00e205b92,gcn,141917_80302474,False
cdd116b3-7ea2-46e8-8447-cfd318132cf3,gcn,IceCube-260125A,False
cdd116b3-7ea2-46e8-8447-cfd318132cf3,gcn,141985_63695019,False
65f7b1d2-2d06-45e3-81a5-ac5f50c4f201,gcn,IceCube-260315A,False
65f7b1d2-2d06-45e3-81a5-ac5f50c4f201,gcn,142272_46886533,False
393a8427-65be-40f6-a884-9a3e4cefdd62,gcn,IceCube-260425A,False
393a8427-65be-40f6-a884-9a3e4cefdd62,gcn,142495_24231696,False
c1a3ce2a-485c-4c96-ba95-1c4d71d977ae,gcn,IceCube-260504A,False
c1a3ce2a-485c-4c96-ba95-1c4d71d977ae,gcn,142545_58544625,False
5033847e-d5ac-4b1e-9235-1ebd92d08f4e,tns,AT2026xbt,False
6202d6d6-2e67-4e43-a0f7-66b0560b52fc,tns,AT2026xbu,False
ac0eba6b-4094-4c88-abe2-e55a7f76479a,tns,AT2026xbv,False
46fe38ee-bf77-47e8-a8c1-e797194c0bbc,tns,AT2026wgm,False
46fe38ee-bf77-47e8-a8c1-e797194c0bbc,tns,SN2026wgm,False
e7b5f1a2-29eb-4acb-8d4e-e1a88fbe322c,tns,AT2026wyk,False
1aa296d7-5da9-4486-8d81-cd69c0e9f609,tns,AT2026xay,False
85c0fd7b-73f4-497f-abd2-285459bc9cdc,tns,AT2026xaz,False
7e20b1ed-08b5-4e5c-854e-7154bf303c98,tns,AT2026twb,False
4b6fe63d-770d-41c6-97b8-a397408de2ae,tns,AT2026xbb,False
13708f56-88b2-4952-b5a5-8f306747165e,tns,AT2026xbc,False
65d35e58-0463-418b-bfe7-74a0a5b543c3,tns,AT2026xbe,False
295a76f9-4ee0-463c-a50e-a07401dd4371,tns,AT2026xbf,False
fb907db8-2d85-4118-85ee-089f889955b9,tns,AT2026xbg,False
3b71c5f3-097f-4d17-b468-4bffaeda8988,tns,AT2026xbh,False
15094e2f-6db0-4b96-b562-28b17d35872c,tns,AT2026xbi,False
802b6193-ac72-42aa-9abe-aa62bb3302f2,tns,AT2026xbj,False
d4d2b99d-6dcf-472f-adbc-44b0e6f4099a,tns,AT2026xbk,False
cc99325e-39dc-4ae0-9b59-5d0ec9f6872f,tns,AT2026xbl,False
ae5e2034-d64d-4918-b37e-84a2d16a71ba,tns,AT2026xbm,False
438e2050-ef34-4b7e-b870-5f5600fcef88,tns,AT2026xbn,False
cc792e4d-97c0-41f0-b085-95f6f460dbee,tns,AT2026xbo,False
95f41b90-7a97-4b7c-a71d-fda4ee8b0659,tns,AT2026xbp,False
3945e5a7-193a-4af1-bdcd-097cd1b8cbe5,tns,AT2026xbq,False
c4523e1a-e34f-4389-b3e8-28d17919bf6f,tns,AT2026xbr,False
426d839a-f67c-4fe3-b433-67b5d74723a4,tns,AT2026xbs,False
d7b37841-91e1-4d35-8d8c-d55d2684030a,gcn,IceCube-Cascade 210121B,False
d7b37841-91e1-4d35-8d8c-d55d2684030a,gcn,AMON 134912_80902176,False
d7b37841-91e1-4d35-8d8c-d55d2684030a,gcn,IceCubeCascade-210121b,False
3234d741-0539-4318-8019-b86e479a1c9f,gcn,IceCube-Cascade 210329A,False
3234d741-0539-4318-8019-b86e479a1c9f,gcn,AMON 135136_69399950,False
3234d741-0539-4318-8019-b86e479a1c9f,gcn,IceCubeCascade-210329a,False
ebde7bc7-894d-4edb-8fc7-405cbfcdc73a,gcn,IceCube-Cascade 210416A,False
ebde7bc7-894d-4edb-8fc7-405cbfcdc73a,gcn,AMON 135196_31863828,False
ebde7bc7-894d-4edb-8fc7-405cbfcdc73a,gcn,IceCubeCascade-210416a,False
3d561385-996d-48e8-9eef-0ceb68ad3d05,gcn,IceCube-Cascade 210926A,False
3d561385-996d-48e8-9eef-0ceb68ad3d05,gcn,AMON 135747_58376130,False
3d561385-996d-48e8-9eef-0ceb68ad3d05,gcn,IceCubeCascade-210926a,False
eaca94a1-f754-43e5-8cd7-d9cce2b16079,gcn,IceCube-Cascade 211128A,False
eaca94a1-f754-43e5-8cd7-d9cce2b16079,gcn,AMON 135946_6354173,False
eaca94a1-f754-43e5-8cd7-d9cce2b16079,gcn,IceCubeCascade-211128a,False
e8d05dce-a804-47fd-b9f0-046386baa159,gcn,IceCube-Cascade 211210A,False
e8d05dce-a804-47fd-b9f0-046386baa159,gcn,AMON 136027_40906130,False
e8d05dce-a804-47fd-b9f0-046386baa159,gcn,IceCubeCascade-211210a,False
ac3356ba-c7cb-4d97-b5e0-3790b3b0d6d7,gcn,IceCube-Cascade 220527A,False
ac3356ba-c7cb-4d97-b5e0-3790b3b0d6d7,gcn,AMON 136673_4249774,False
ac3356ba-c7cb-4d97-b5e0-3790b3b0d6d7,gcn,IceCubeCascade-220527a,False
29f35b90-7d56-4fcd-9826-fc84dbe8e3e6,gcn,IceCube-Cascade 220602A,False
29f35b90-7d56-4fcd-9826-fc84dbe8e3e6,gcn,AMON 136692_6590287,False
29f35b90-7d56-4fcd-9826-fc84dbe8e3e6,gcn,IceCubeCascade-220602a,False
12c225ca-51da-4bd9-86e1-dfbeb81a470e,gcn,IceCube-Cascade 220625A,False
12c225ca-51da-4bd9-86e1-dfbeb81a470e,gcn,AMON 136768_63259630,False
12c225ca-51da-4bd9-86e1-dfbeb81a470e,gcn,IceCubeCascade-220625a,False
c0373e2c-3eb9-4bd5-abe0-56c14875d5d5,gcn,IceCube-Cascade 220728A,False
c0373e2c-3eb9-4bd5-abe0-56c14875d5d5,gcn,AMON 136876_7950373,False
c0373e2c-3eb9-4bd5-abe0-56c14875d5d5,gcn,IceCubeCascade-220728a,False
6b485b9b-8b13-492c-a5d7-d6a227f3d599,gcn,IceCube-Cascade 220801A,False
6b485b9b-8b13-492c-a5d7-d6a227f3d599,gcn,AMON 136889_25590129,False
6b485b9b-8b13-492c-a5d7-d6a227f3d599,gcn,IceCubeCascade-220801a,False
46b52592-1640-40d1-b77f-85bf6475f756,gcn,IceCube-Cascade 220826A,False
46b52592-1640-40d1-b77f-85bf6475f756,gcn,AMON 136985_60401984,False
46b52592-1640-40d1-b77f-85bf6475f756,gcn,IceCubeCascade-220826a,False
40aaea07-9782-46a4-90af-b5de40ff2618,gcn,IceCube-Cascade 220903A,False
40aaea07-9782-46a4-90af-b5de40ff2618,gcn,AMON 137007_22247606,False
40aaea07-9782-46a4-90af-b5de40ff2618,gcn,IceCubeCascade-220903a,False
64bf3efe-2b1b-4a82-9296-256f1ba388b2,gcn,IceCube-Cascade 221018A,False
64bf3efe-2b1b-4a82-9296-256f1ba388b2,gcn,AMON 137167_67425471,False
64bf3efe-2b1b-4a82-9296-256f1ba388b2,gcn,IceCubeCascade-221018a,False
4eff7316-22df-4ecc-a645-8a1598b37832,gcn,IceCube-Cascade 221229A,False
4eff7316-22df-4ecc-a645-8a1598b37832,gcn,AMON 137489_30229466,False
4eff7316-22df-4ecc-a645-8a1598b37832,gcn,IceCubeCascade-221229a,False
fa74994e-fcf3-497e-9de8-378f9b6350e0,gcn,IceCube-Cascade 230109A,False
fa74994e-fcf3-497e-9de8-378f9b6350e0,gcn,AMON 137527_43987982,False
fa74994e-fcf3-497e-9de8-378f9b6350e0,gcn,IceCubeCascade-230109a,False
4b827b64-cc8a-452d-97b2-dd724259426c,gcn,IceCube-Cascade 230329A,False
4b827b64-cc8a-452d-97b2-dd724259426c,gcn,AMON 137786_1524801,False
4b827b64-cc8a-452d-97b2-dd724259426c,gcn,IceCubeCascade-230329a,False
dc81a123-5ba4-434d-8b92-9654ad41a153,gcn,IceCube-Cascade 230417A,False
dc81a123-5ba4-434d-8b92-9654ad41a153,gcn,AMON 137845_43811235,False
dc81a123-5ba4-434d-8b92-9654ad41a153,gcn,IceCubeCascade-230417a,False
ce1d23db-edaa-404c-a8a6-ea866cf590af,gcn,IceCube-Cascade 230430A,False
ce1d23db-edaa-404c-a8a6-ea866cf590af,gcn,AMON 137891_38931474,False
ce1d23db-edaa-404c-a8a6-ea866cf590af,gcn,IceCubeCascade-230430a,False
e2484653-1e39-4350-8f27-91a81c49942e,gcn,IceCube-Cascade 230511A,False
e2484653-1e39-4350-8f27-91a81c49942e,gcn,AMON 137930_36941090,False
e2484653-1e39-4350-8f27-91a81c49942e,gcn,IceCubeCascade-230511a,False
6f7550cd-9e73-4930-b505-22485b31ec98,gcn,IceCube-Cascade 230610A,False
6f7550cd-9e73-4930-b505-22485b31ec98,gcn,AMON 138035_55730330,False
6f7550cd-9e73-4930-b505-22485b31ec98,gcn,IceCubeCascade-230610a,False
84e00e97-e0ac-4292-975c-142f549b4599,gcn,IceCube-Cascade 230621A,False
84e00e97-e0ac-4292-975c-142f549b4599,gcn,AMON 138065_72143074,False
84e00e97-e0ac-4292-975c-142f549b4599,gcn,IceCubeCascade-230621a,False
93f8936d-91a7-4dfc-97e5-e51fbf3dfe6d,gcn,IceCube-Cascade 230622A,False
93f8936d-91a7-4dfc-97e5-e51fbf3dfe6d,gcn,AMON 138069_72184188,False
93f8936d-91a7-4dfc-97e5-e51fbf3dfe6d,gcn,IceCubeCascade-230622a,False
0f737c88-ca48-4b10-a553-0e6e22eb6a33,gcn,IceCube-Cascade 231230A,False
0f737c88-ca48-4b10-a553-0e6e22eb6a33,gcn,AMON 138802_36470430,False
0f737c88-ca48-4b10-a553-0e6e22eb6a33,gcn,IceCubeCascade-231230a,False
b0b3df14-d694-402a-b617-ca6bd632685e,gcn,IceCube-Cascade 240416A,False
b0b3df14-d694-402a-b617-ca6bd632685e,gcn,AMON 139293_45286937,False
b0b3df14-d694-402a-b617-ca6bd632685e,gcn,IceCubeCascade-240416a,False
5b4f1533-7665-4c34-bf3b-c3c9b453aba1,gcn,IceCube-Cascade 240518A,False
5b4f1533-7665-4c34-bf3b-c3c9b453aba1,gcn,AMON 139414_34468187,False
5b4f1533-7665-4c34-bf3b-c3c9b453aba1,gcn,IceCubeCascade-240518a,False
fab228eb-aa82-4668-ac9b-ee9f545f1cca,gcn,IceCube-Cascade 240626A,False
fab228eb-aa82-4668-ac9b-ee9f545f1cca,gcn,AMON 139582_13078951,False
fab228eb-aa82-4668-ac9b-ee9f545f1cca,gcn,IceCubeCascade-240626a,False
ca91c773-bd6b-42cd-adaf-892b739b707a,gcn,IceCube-Cascade 240714A,False
ca91c773-bd6b-42cd-adaf-892b739b707a,gcn,AMON 139644_63900267,False
ca91c773-bd6b-42cd-adaf-892b739b707a,gcn,IceCubeCascade-240714a,False
bec160e7-2352-4f65-b55e-a95554ad9365,gcn,IceCube-Cascade 241019A,False
bec160e7-2352-4f65-b55e-a95554ad9365,gcn,AMON 139992_18206409,False
bec160e7-2352-4f65-b55e-a95554ad9365,gcn,IceCubeCascade-241019a,False
d0bbe71d-6fcf-4b29-a940-4ca959d2b789,gcn,IceCube-Cascade 241116A,False
d0bbe71d-6fcf-4b29-a940-4ca959d2b789,gcn,AMON 140090_5847360,False
d0bbe71d-6fcf-4b29-a940-4ca959d2b789,gcn,IceCubeCascade-241116a,False
7f63c675-1938-46e6-814e-e910394ea9d8,gcn,IceCube-Cascade 241228A,False
7f63c675-1938-46e6-814e-e910394ea9d8,gcn,AMON 140298_78422774,False
7f63c675-1938-46e6-814e-e910394ea9d8,gcn,IceCubeCascade-241228a,False
a69c06ad-1a45-46df-951d-47e02ac722f7,gcn,IceCube-Cascade 250215A,False
a69c06ad-1a45-46df-951d-47e02ac722f7,gcn,AMON 140500_12724443,False
a69c06ad-1a45-46df-951d-47e02ac722f7,gcn,IceCubeCascade-250215a,False
1c0007c3-92d4-4ddb-9d8c-1611f60ab2c8,gcn,IceCube-Cascade 250414A,False
1c0007c3-92d4-4ddb-9d8c-1611f60ab2c8,gcn,AMON 140790_14362468,False
1c0007c3-92d4-4ddb-9d8c-1611f60ab2c8,gcn,IceCubeCascade-250414a,False
35aac1b4-594f-4f6b-9381-1b30539ab340,gcn,IceCube-Cascade 250613A,False
35aac1b4-594f-4f6b-9381-1b30539ab340,gcn,AMON 141029_8144692,False
35aac1b4-594f-4f6b-9381-1b30539ab340,gcn,IceCubeCascade-250613a,False
c5971dd2-0a40-4709-a790-b2566cebc77d,gcn,IceCube-Cascade 250804A,False
c5971dd2-0a40-4709-a790-b2566cebc77d,gcn,AMON 141196_53992370,False
c5971dd2-0a40-4709-a790-b2566cebc77d,gcn,IceCubeCascade-250804a,False
55669cf5-ab86-4c4a-9346-c3e812af2da5,gcn,IceCube-Cascade 250809A,False
55669cf5-ab86-4c4a-9346-c3e812af2da5,gcn,AMON 141229_33703437,False
55669cf5-ab86-4c4a-9346-c3e812af2da5,gcn,IceCubeCascade-250809a,False
7107323d-f7af-4a14-bc59-49a7fc45055c,gcn,IceCube-Cascade 250828A,False
7107323d-f7af-4a14-bc59-49a7fc45055c,gcn,AMON 141290_67759305,False
7107323d-f7af-4a14-bc59-49a7fc45055c,gcn,IceCubeCascade-250828a,False
5f08b40d-4f77-4861-aaf8-a0c637573367,gcn,IceCube-Cascade 250903A,False
5f08b40d-4f77-4861-aaf8-a0c637573367,gcn,AMON 141309_814805,False
5f08b40d-4f77-4861-aaf8-a0c637573367,gcn,IceCubeCascade-250903a,False
584df24c-86a6-49e2-a20a-5f7aae93c2e9,gcn,IceCube-Cascade 250911A,False
584df24c-86a6-49e2-a20a-5f7aae93c2e9,gcn,AMON 141344_29341777,False
584df24c-86a6-49e2-a20a-5f7aae93c2e9,gcn,IceCubeCascade-250911a,False
c451ecc2-7c39-4e40-ab6d-d2d76ab44729,gcn,IceCube-Cascade 251107A,False
c451ecc2-7c39-4e40-ab6d-d2d76ab44729,gcn,AMON 141568_42562719,False
c451ecc2-7c39-4e40-ab6d-d2d76ab44729,gcn,IceCubeCascade-251107a,False
7e0cba72-d37c-4f19-a540-d7c0b03dfeb6,gcn,IceCube-Cascade 251112A,False
7e0cba72-d37c-4f19-a540-d7c0b03dfeb6,gcn,AMON 141589_6342606,False
7e0cba72-d37c-4f19-a540-d7c0b03dfeb6,gcn,IceCubeCascade-251112a,False
3d008586-be3a-49a5-8aed-5abee2547604,gcn,IceCube-Cascade 260227A,False
3d008586-be3a-49a5-8aed-5abee2547604,gcn,AMON 142200_1517143,False
3d008586-be3a-49a5-8aed-5abee2547604,gcn,IceCubeCascade-260227a,False
f276ae91-a69d-4b7c-ada7-dd3e3b853f21,gcn,IceCube-Cascade 260418A,False
f276ae91-a69d-4b7c-ada7-dd3e3b853f21,gcn,AMON 142457_45845844,False
f276ae91-a69d-4b7c-ada7-dd3e3b853f21,gcn,IceCubeCascade-260418a,False
b24be21f-fa9c-4309-b8b8-4c60f3664b9f,tns,AT2026xan,False
b404f208-08e4-486c-a8b7-9672d4451e59,gcn,NuEm-200717A-54519,False
b404f208-08e4-486c-a8b7-9672d4451e59,gcn,AMON 0_54519,False
b404f208-08e4-486c-a8b7-9672d4451e59,gcn,IceCube-HAWC event 54519,False
6fe2c59b-ef81-4729-b3f0-2fd0b02b89d1,gcn,NuEm-201107A-66291,False
6fe2c59b-ef81-4729-b3f0-2fd0b02b89d1,gcn,AMON 0_66291,False
6fe2c59b-ef81-4729-b3f0-2fd0b02b89d1,gcn,IceCube-HAWC event 66291,False
ba9e9ad1-f248-4c5f-a012-78a1e98cc5e4,gcn,NuEm-201124A-68186,False
ba9e9ad1-f248-4c5f-a012-78a1e98cc5e4,gcn,AMON 0_68186,False
ba9e9ad1-f248-4c5f-a012-78a1e98cc5e4,gcn,IceCube-HAWC event 68186,False
543bb9aa-92cc-4ceb-8118-d82e8efaecf3,gcn,NuEm-210111A-73310,False
543bb9aa-92cc-4ceb-8118-d82e8efaecf3,gcn,AMON 0_73310,False
543bb9aa-92cc-4ceb-8118-d82e8efaecf3,gcn,IceCube-HAWC event 73310,False
b90d3b60-f2b9-471a-9bdc-f8fbe737f00d,gcn,NuEm-210515A-85790,False
b90d3b60-f2b9-471a-9bdc-f8fbe737f00d,gcn,AMON 0_85790,False
b90d3b60-f2b9-471a-9bdc-f8fbe737f00d,gcn,IceCube-HAWC event 85790,False
e88e744f-f18c-4d25-8d85-1e356f81c9da,gcn,NuEm-210515A-85791,False
e88e744f-f18c-4d25-8d85-1e356f81c9da,gcn,AMON 0_85791,False
e88e744f-f18c-4d25-8d85-1e356f81c9da,gcn,IceCube-HAWC event 85791,False
5230d7d0-1f16-4085-bec1-f7b35c81ece8,gcn,NuEm-211020A-96720,False
5230d7d0-1f16-4085-bec1-f7b35c81ece8,gcn,AMON 0_96720,False
5230d7d0-1f16-4085-bec1-f7b35c81ece8,gcn,IceCube-HAWC event 96720,False
807eda05-467f-48a6-aa7a-e9fbf06f68ef,gcn,NuEm-211209A-101674,False
807eda05-467f-48a6-aa7a-e9fbf06f68ef,gcn,AMON 0_101674,False
807eda05-467f-48a6-aa7a-e9fbf06f68ef,gcn,IceCube-HAWC event 101674,False
a9b112a0-3433-437d-b441-1524f1845c91,gcn,NuEm-220116A-105322,False
a9b112a0-3433-437d-b441-1524f1845c91,gcn,AMON 0_105322,False
a9b112a0-3433-437d-b441-1524f1845c91,gcn,IceCube-HAWC event 105322,False
79bb1230-3cf4-4c68-9f5b-bf79af9490c6,gcn,NuEm-220212A-108094,False
79bb1230-3cf4-4c68-9f5b-bf79af9490c6,gcn,AMON 0_108094,False
79bb1230-3cf4-4c68-9f5b-bf79af9490c6,gcn,IceCube-HAWC event 108094,False
38a63b8d-e98b-4d33-a3cf-8baf6f72c8b9,gcn,NuEm-220220A-108943,False
38a63b8d-e98b-4d33-a3cf-8baf6f72c8b9,gcn,AMON 0_108943,False
38a63b8d-e98b-4d33-a3cf-8baf6f72c8b9,gcn,IceCube-HAWC event 108943,False
c72e4f9e-ad8d-4573-bb15-917a911b5a6b,gcn,NuEm-220601A-118386,False
c72e4f9e-ad8d-4573-bb15-917a911b5a6b,gcn,AMON 0_118386,False
c72e4f9e-ad8d-4573-bb15-917a911b5a6b,gcn,IceCube-HAWC event 118386,False
e2a87cb9-f494-4b22-b4d5-d52b07fff1e0,gcn,NuEm-220602A-118567,False
e2a87cb9-f494-4b22-b4d5-d52b07fff1e0,gcn,AMON 0_118567,False
e2a87cb9-f494-4b22-b4d5-d52b07fff1e0,gcn,IceCube-HAWC event 118567,False
929ca8d8-6fbf-491e-9735-7111666f2066,gcn,NuEm-220728A-121306,False
929ca8d8-6fbf-491e-9735-7111666f2066,gcn,AMON 0_121306,False
929ca8d8-6fbf-491e-9735-7111666f2066,gcn,IceCube-HAWC event 121306,False
6e1fb9d7-539e-48f6-9b30-ae8cf7b0cd22,gcn,NuEm-230125A-127938,False
6e1fb9d7-539e-48f6-9b30-ae8cf7b0cd22,gcn,AMON 0_127938,False
6e1fb9d7-539e-48f6-9b30-ae8cf7b0cd22,gcn,IceCube-HAWC event 127938,False
d062a6b8-ce1e-43a3-84e3-ff7dd31adee1,gcn,NuEm-230313A-130124,False
d062a6b8-ce1e-43a3-84e3-ff7dd31adee1,gcn,AMON 0_130124,False
d062a6b8-ce1e-43a3-84e3-ff7dd31adee1,gcn,IceCube-HAWC event 130124,False
6b5f98a4-3bf3-419c-8a65-485ddea554ad,gcn,NuEm-230414A-132619,False
6b5f98a4-3bf3-419c-8a65-485ddea554ad,gcn,AMON 0_132619,False
6b5f98a4-3bf3-419c-8a65-485ddea554ad,gcn,IceCube-HAWC event 132619,False
cb849200-22f7-4153-8f8d-db5e80700710,gcn,NuEm-230523A-134980,False
cb849200-22f7-4153-8f8d-db5e80700710,gcn,AMON 0_134980,False
cb849200-22f7-4153-8f8d-db5e80700710,gcn,IceCube-HAWC event 134980,False
3bee85bf-5b85-49f5-b119-0195a469e9be,gcn,NuEm-230927A-141028,False
3bee85bf-5b85-49f5-b119-0195a469e9be,gcn,AMON 0_141028,False
3bee85bf-5b85-49f5-b119-0195a469e9be,gcn,IceCube-HAWC event 141028,False
ae382062-db5f-4caf-9c0c-8e5f98c4a257,gcn,NuEm-231020A-142904,False
ae382062-db5f-4caf-9c0c-8e5f98c4a257,gcn,AMON 0_142904,False
ae382062-db5f-4caf-9c0c-8e5f98c4a257,gcn,IceCube-HAWC event 142904,False
b630c113-6378-4532-b576-e155eb14c4a0,gcn,NuEm-240118A-149605,False
b630c113-6378-4532-b576-e155eb14c4a0,gcn,AMON 0_149605,False
b630c113-6378-4532-b576-e155eb14c4a0,gcn,IceCube-HAWC event 149605,False
ac938635-5867-4531-b6b0-fa2283ca6afd,gcn,NuEm-240926A-164965,False
ac938635-5867-4531-b6b0-fa2283ca6afd,gcn,AMON 0_164965,False
ac938635-5867-4531-b6b0-fa2283ca6afd,gcn,IceCube-HAWC event 164965,False
535d0211-a176-4fd8-b8a2-7cf54b3b3167,gcn,NuEm-250409A-179815,False
535d0211-a176-4fd8-b8a2-7cf54b3b3167,gcn,AMON 0_179815,False
535d0211-a176-4fd8-b8a2-7cf54b3b3167,gcn,IceCube-HAWC event 179815,False
7ca6db34-a0cb-44e5-9635-b1163780a00e,gcn,NuEm-250417A-180410,False
7ca6db34-a0cb-44e5-9635-b1163780a00e,gcn,AMON 0_180410,False
7ca6db34-a0cb-44e5-9635-b1163780a00e,gcn,IceCube-HAWC event 180410,False
aa6550d7-8806-48e6-a309-9afa39bcfe53,gcn,NuEm-250730A-186631,False
aa6550d7-8806-48e6-a309-9afa39bcfe53,gcn,AMON 0_186631,False
aa6550d7-8806-48e6-a309-9afa39bcfe53,gcn,IceCube-HAWC event 186631,False
13cedfc4-04cf-4f79-8e8f-eff807984c29,gcn,NuEm-250927A-189499,False
13cedfc4-04cf-4f79-8e8f-eff807984c29,gcn,AMON 0_189499,False
13cedfc4-04cf-4f79-8e8f-eff807984c29,gcn,IceCube-HAWC event 189499,False
3fb64e21-0e17-4f2c-8151-063386699f01,gcn,NuEm-251017A-190645,False
3fb64e21-0e17-4f2c-8151-063386699f01,gcn,AMON 0_190645,False
3fb64e21-0e17-4f2c-8151-063386699f01,gcn,IceCube-HAWC event 190645,False
5beb8673-9578-4058-b667-fd794325df97,gcn,NuEm-260117A-195643,False
5beb8673-9578-4058-b667-fd794325df97,gcn,AMON 0_195643,False
5beb8673-9578-4058-b667-fd794325df97,gcn,IceCube-HAWC event 195643,False
d91ae420-1243-4eec-badc-919ec7ad422d,gcn,KONUS-WIND-20260731T235819737,False
d91ae420-1243-4eec-badc-919ec7ad422d,gcn,Konus-Wind trigger 20260731T235819737,False
f0e986fa-59cc-49b2-aeeb-85dad8e574a0,gcn,KONUS-WIND-20260729T221706634,False
f0e986fa-59cc-49b2-aeeb-85dad8e574a0,gcn,Konus-Wind trigger 20260729T221706634,False
af292713-c557-4ba9-8811-6dad919551b7,gcn,KONUS-WIND-20260726T152545059,False
af292713-c557-4ba9-8811-6dad919551b7,gcn,Konus-Wind trigger 20260726T152545059,False
0e7b688a-3b9f-4f54-a602-bc7ecfe20df7,gcn,KONUS-WIND-20260727T002207631,False
0e7b688a-3b9f-4f54-a602-bc7ecfe20df7,gcn,Konus-Wind trigger 20260727T002207631,False
9b84c7f5-3b36-4795-afce-3ab3a52549ba,gcn,KONUS-WIND-20260722T155152364,False
9b84c7f5-3b36-4795-afce-3ab3a52549ba,gcn,Konus-Wind trigger 20260722T155152364,False
d1b7d662-a955-4a78-9aec-8dca746086cd,gcn,KONUS-WIND-20260722T063312237,False
d1b7d662-a955-4a78-9aec-8dca746086cd,gcn,Konus-Wind trigger 20260722T063312237,False
76cfe0ae-3a34-4add-9463-e683fd7e7ffc,gcn,KONUS-WIND-20260721T011700710,False
76cfe0ae-3a34-4add-9463-e683fd7e7ffc,gcn,Konus-Wind trigger 20260721T011700710,False
b4d13c0f-5b99-4902-8a14-cf9554b29dab,gcn,KONUS-WIND-20260714T182326857,False
b4d13c0f-5b99-4902-8a14-cf9554b29dab,gcn,Konus-Wind trigger 20260714T182326857,False
33a801e5-4e0d-4b20-85cf-08dd2cd15bc2,gcn,KONUS-WIND-20260710T125845095,False
33a801e5-4e0d-4b20-85cf-08dd2cd15bc2,gcn,Konus-Wind trigger 20260710T125845095,False
d2d7dc93-767e-45dd-b579-45e3a1088e0f,gcn,KONUS-WIND-20260711T060528405,False
d2d7dc93-767e-45dd-b579-45e3a1088e0f,gcn,Konus-Wind trigger 20260711T060528405,False
5ad70c78-167e-441a-92cb-bdec39736edd,gcn,KONUS-WIND-20260706T232122717,False
5ad70c78-167e-441a-92cb-bdec39736edd,gcn,Konus-Wind trigger 20260706T232122717,False
7caa0e78-a04f-4f30-9965-16dbc207de7e,gcn,CALET-1469831200,False
7caa0e78-a04f-4f30-9965-16dbc207de7e,gcn,CALET-GBM trigger 1469831200,False
59e3d1ae-f531-4ff8-912d-f0427d76afeb,gcn,CALET-1469284666,False
59e3d1ae-f531-4ff8-912d-f0427d76afeb,gcn,CALET-GBM trigger 1469284666,False
84b7ce9a-af18-4295-9628-472cb96c8095,gcn,CALET-1469139964,False
84b7ce9a-af18-4295-9628-472cb96c8095,gcn,CALET-GBM trigger 1469139964,False
9200ce6a-82b3-4162-b84b-8b413b71f9fc,gcn,CALET-1468785267,False
9200ce6a-82b3-4162-b84b-8b413b71f9fc,gcn,CALET-GBM trigger 1468785267,False
d3f7716a-787c-4af7-9500-4a67e31c8fc7,gcn,CALET-1468726616,False
d3f7716a-787c-4af7-9500-4a67e31c8fc7,gcn,CALET-GBM trigger 1468726616,False
4dbecab8-24a6-4c25-88a0-bcf643b44d4e,gcn,CALET-1468593359,False
4dbecab8-24a6-4c25-88a0-bcf643b44d4e,gcn,CALET-GBM trigger 1468593359,False
a5d09dc9-b71f-45c0-b85c-4026e2a788ae,gcn,CALET-1468358297,False
a5d09dc9-b71f-45c0-b85c-4026e2a788ae,gcn,CALET-GBM trigger 1468358297,False
ec69ea01-872d-4130-8dff-02a2db49949c,gcn,CALET-1468065318,False
ec69ea01-872d-4130-8dff-02a2db49949c,gcn,CALET-GBM trigger 1468065318,False
76867437-f5ab-4c35-8cb8-5b78b69f1b0a,gcn,CALET-1467897309,False
76867437-f5ab-4c35-8cb8-5b78b69f1b0a,gcn,CALET-GBM trigger 1467897309,False
e8254b38-773c-4ac8-a280-8fd4a47b2331,gcn,CALET-1467606993,False
e8254b38-773c-4ac8-a280-8fd4a47b2331,gcn,CALET-GBM trigger 1467606993,False
6b3c56bf-9a51-4990-a0d9-7ea66404f79d,tns,AT2026xal,False
c30d8293-02e6-4181-9be8-49b4a02acf1b,gcn,Fermi-LAT-805746211,False
c30d8293-02e6-4181-9be8-49b4a02acf1b,gcn,Fermi LAT trigger 805746211,False
c30d8293-02e6-4181-9be8-49b4a02acf1b,gcn,GRB260714B,False
5e2bad70-b20a-49fe-8980-78a0baa23103,gcn,Fermi-LAT-805198281,False
5e2bad70-b20a-49fe-8980-78a0baa23103,gcn,Fermi LAT trigger 805198281,False
37fb9f70-9f11-4eea-b7ad-7318fa1389bd,tns,AT2026xah,False
62c392db-b9d4-444c-acd6-3013ba3a9b71,tns,AT2026xai,False
6b15ce4a-fb86-4a42-b0fc-e5f8b25061a7,tns,AT2026xaj,False
3b2e495c-03c3-4822-b794-e4e63876250a,tns,AT2026xak,False
01833566-7887-4fc0-9eb8-b3c622301225,gcn,Fermi-GBM-807505634,False
01833566-7887-4fc0-9eb8-b3c622301225,gcn,Fermi GBM trigger 807505634,False
01833566-7887-4fc0-9eb8-b3c622301225,gcn,bn260804130,False
74749025-2d7e-4c94-8412-fb4588b8ad59,gcn,Fermi-GBM-807470931,False
74749025-2d7e-4c94-8412-fb4588b8ad59,gcn,Fermi GBM trigger 807470931,False
74749025-2d7e-4c94-8412-fb4588b8ad59,gcn,bn260803728,False
f08a7fb0-75d7-462c-bf91-d236c899e676,gcn,Fermi-GBM-807478276,False
f08a7fb0-75d7-462c-bf91-d236c899e676,gcn,Fermi GBM trigger 807478276,False
f08a7fb0-75d7-462c-bf91-d236c899e676,gcn,bn260803813,False
e0819dc2-7890-492d-82b5-142cc0a67eb2,gcn,Fermi-GBM-807452342,False
e0819dc2-7890-492d-82b5-142cc0a67eb2,gcn,Fermi GBM trigger 807452342,False
e0819dc2-7890-492d-82b5-142cc0a67eb2,gcn,bn260803513,False
bf269ff6-850a-4577-916f-65a817990f44,gcn,Fermi-GBM-807387263,False
bf269ff6-850a-4577-916f-65a817990f44,gcn,Fermi GBM trigger 807387263,False
bf269ff6-850a-4577-916f-65a817990f44,gcn,bn260802760,False
f7dd0e13-3695-4b7a-9a1d-387d74f7f41d,gcn,Fermi-GBM-807353993,False
f7dd0e13-3695-4b7a-9a1d-387d74f7f41d,gcn,Fermi GBM trigger 807353993,False
f7dd0e13-3695-4b7a-9a1d-387d74f7f41d,gcn,bn260802375,False
53b4944b-3fe6-4601-abef-89301751f57f,gcn,Fermi-GBM-807243873,False
53b4944b-3fe6-4601-abef-89301751f57f,gcn,Fermi GBM trigger 807243873,False
53b4944b-3fe6-4601-abef-89301751f57f,gcn,bn260801100,False
f539085e-c9bc-4125-9bef-9c791a8a34f3,gcn,Fermi-GBM-806906226,False
f539085e-c9bc-4125-9bef-9c791a8a34f3,gcn,Fermi GBM trigger 806906226,False
f539085e-c9bc-4125-9bef-9c791a8a34f3,gcn,bn260728192,False
c3e5f174-a668-4291-b152-36f5cee9bcd0,gcn,Fermi-GBM-806815055,False
c3e5f174-a668-4291-b152-36f5cee9bcd0,gcn,Fermi GBM trigger 806815055,False
c3e5f174-a668-4291-b152-36f5cee9bcd0,gcn,bn260727137,False
0ae475f2-fb9e-4e12-8fa8-d86212dd9ec3,gcn,Fermi-GBM-806808849,False
0ae475f2-fb9e-4e12-8fa8-d86212dd9ec3,gcn,Fermi GBM trigger 806808849,False
0ae475f2-fb9e-4e12-8fa8-d86212dd9ec3,gcn,bn260727065,False
cd719ed5-b48c-4b08-9c26-8b92b2f690da,gcn,Fermi-GBM-806802294,False
cd719ed5-b48c-4b08-9c26-8b92b2f690da,gcn,Fermi GBM trigger 806802294,False
cd719ed5-b48c-4b08-9c26-8b92b2f690da,gcn,bn260726989,False
221be45f-a8b0-4139-b790-0be50fb7f7c2,gcn,Fermi-GBM-806762486,False
221be45f-a8b0-4139-b790-0be50fb7f7c2,gcn,Fermi GBM trigger 806762486,False
221be45f-a8b0-4139-b790-0be50fb7f7c2,gcn,bn260726529,False
7df03f31-3ee6-4b06-9fc4-79916a63f50b,gcn,Fermi-GBM-806684741,False
7df03f31-3ee6-4b06-9fc4-79916a63f50b,gcn,Fermi GBM trigger 806684741,False
7df03f31-3ee6-4b06-9fc4-79916a63f50b,gcn,bn260725629,False
343946d2-29b3-4a4d-bd8c-912eab2eae67,gcn,Fermi-GBM-806418971,False
343946d2-29b3-4a4d-bd8c-912eab2eae67,gcn,Fermi GBM trigger 806418971,False
343946d2-29b3-4a4d-bd8c-912eab2eae67,gcn,bn260722553,False
e5ef3f98-8687-4062-a4e9-c13dfd1e58b1,gcn,Fermi-GBM-806592752,False
e5ef3f98-8687-4062-a4e9-c13dfd1e58b1,gcn,Fermi GBM trigger 806592752,False
e5ef3f98-8687-4062-a4e9-c13dfd1e58b1,gcn,bn260724564,False
b64b8b7e-accf-4910-8d99-b2feb4ee6bb3,gcn,Fermi-GBM-806544596,False
b64b8b7e-accf-4910-8d99-b2feb4ee6bb3,gcn,Fermi GBM trigger 806544596,False
b64b8b7e-accf-4910-8d99-b2feb4ee6bb3,gcn,bn260724007,False
494f10a4-e049-4d7a-8882-17b4c953880e,gcn,Fermi-GBM-806538584,False
494f10a4-e049-4d7a-8882-17b4c953880e,gcn,Fermi GBM trigger 806538584,False
494f10a4-e049-4d7a-8882-17b4c953880e,gcn,bn260723937,False
6812ca7e-3803-4d66-b589-bb1da4d5bad3,gcn,Fermi-GBM-806469969,False
6812ca7e-3803-4d66-b589-bb1da4d5bad3,gcn,Fermi GBM trigger 806469969,False
6812ca7e-3803-4d66-b589-bb1da4d5bad3,gcn,bn260723143,False
aff2b063-efd5-4746-815a-d57858c20a0e,gcn,Fermi-GBM-806428318,False
aff2b063-efd5-4746-815a-d57858c20a0e,gcn,Fermi GBM trigger 806428318,False
aff2b063-efd5-4746-815a-d57858c20a0e,gcn,bn260722661,False
e31627dc-a36b-4053-9f0a-dbffb4bb8953,gcn,Fermi-GBM-806394764,False
e31627dc-a36b-4053-9f0a-dbffb4bb8953,gcn,Fermi GBM trigger 806394764,False
e31627dc-a36b-4053-9f0a-dbffb4bb8953,gcn,bn260722273,False
d3dfab16-d9cf-4151-903b-3cef523cb38a,gcn,Fermi-GBM-806384210,False
d3dfab16-d9cf-4151-903b-3cef523cb38a,gcn,Fermi GBM trigger 806384210,False
d3dfab16-d9cf-4151-903b-3cef523cb38a,gcn,bn260722151,False
89dbb76b-86ed-47ea-83e4-b679ef07fc79,gcn,Fermi-GBM-806374993,False
89dbb76b-86ed-47ea-83e4-b679ef07fc79,gcn,Fermi GBM trigger 806374993,False
89dbb76b-86ed-47ea-83e4-b679ef07fc79,gcn,bn260722044,False
8dbde7e2-91e6-4771-a0ec-0f1bfa80606c,gcn,Fermi-GBM-806249262,False
8dbde7e2-91e6-4771-a0ec-0f1bfa80606c,gcn,Fermi GBM trigger 806249262,False
8dbde7e2-91e6-4771-a0ec-0f1bfa80606c,gcn,bn260720589,False
b486fcee-36ca-4084-a010-d030d9e4cb88,gcn,Fermi-GBM-806104130,False
b486fcee-36ca-4084-a010-d030d9e4cb88,gcn,Fermi GBM trigger 806104130,False
b486fcee-36ca-4084-a010-d030d9e4cb88,gcn,bn260718909,False
e233a048-8f45-4215-a83b-493263cb0678,gcn,Fermi-GBM-806099678,False
e233a048-8f45-4215-a83b-493263cb0678,gcn,Fermi GBM trigger 806099678,False
e233a048-8f45-4215-a83b-493263cb0678,gcn,bn260718857,False
222e8a6d-aa32-4c6a-a20b-00d39de13c84,gcn,Fermi-GBM-806077118,False
222e8a6d-aa32-4c6a-a20b-00d39de13c84,gcn,Fermi GBM trigger 806077118,False
222e8a6d-aa32-4c6a-a20b-00d39de13c84,gcn,bn260718596,False
eb5c3305-3eab-4b6e-bb4e-1e8ed68fe1a9,gcn,Fermi-GBM-806066200,False
eb5c3305-3eab-4b6e-bb4e-1e8ed68fe1a9,gcn,Fermi GBM trigger 806066200,False
eb5c3305-3eab-4b6e-bb4e-1e8ed68fe1a9,gcn,bn260718470,False
0761342d-cb99-4a5e-9311-aec20b5db40c,gcn,Fermi-GBM-805929723,False
0761342d-cb99-4a5e-9311-aec20b5db40c,gcn,Fermi GBM trigger 805929723,False
0761342d-cb99-4a5e-9311-aec20b5db40c,gcn,bn260716890,False
293b3506-26f5-4cee-89b3-f15a3624a8c8,gcn,Fermi-GBM-805844709,False
293b3506-26f5-4cee-89b3-f15a3624a8c8,gcn,Fermi GBM trigger 805844709,False
293b3506-26f5-4cee-89b3-f15a3624a8c8,gcn,bn260715906,False
2212bd2a-8904-4580-90cf-c8591054b911,gcn,Fermi-GBM-805806619,False
2212bd2a-8904-4580-90cf-c8591054b911,gcn,Fermi GBM trigger 805806619,False
2212bd2a-8904-4580-90cf-c8591054b911,gcn,bn260715465,False
3ab04c0a-baef-484c-9a84-0eda1c69c8eb,gcn,Fermi-GBM-805746211,False
3ab04c0a-baef-484c-9a84-0eda1c69c8eb,gcn,Fermi GBM trigger 805746211,False
3ab04c0a-baef-484c-9a84-0eda1c69c8eb,gcn,bn260714766,False
7ca5b15b-cfc7-45ea-9f02-26033930d03a,gcn,Fermi-GBM-805731421,False
7ca5b15b-cfc7-45ea-9f02-26033930d03a,gcn,Fermi GBM trigger 805731421,False
7ca5b15b-cfc7-45ea-9f02-26033930d03a,gcn,bn260714595,False
526a13d6-7cb8-4bc2-a53e-d585123b9983,gcn,Fermi-GBM-805381128,False
526a13d6-7cb8-4bc2-a53e-d585123b9983,gcn,Fermi GBM trigger 805381128,False
526a13d6-7cb8-4bc2-a53e-d585123b9983,gcn,bn260710541,False
932512ac-bbe6-414b-aa47-2f5b61385489,gcn,Fermi-GBM-805252057,False
932512ac-bbe6-414b-aa47-2f5b61385489,gcn,Fermi GBM trigger 805252057,False
932512ac-bbe6-414b-aa47-2f5b61385489,gcn,bn260709047,False
22242b7e-6c6d-4df4-90ab-ee8d67698b1d,gcn,Fermi-GBM-805198281,False
22242b7e-6c6d-4df4-90ab-ee8d67698b1d,gcn,Fermi GBM trigger 805198281,False
22242b7e-6c6d-4df4-90ab-ee8d67698b1d,gcn,bn260708424,False
0f558178-762c-4c20-b929-4d7ff90773a5,gcn,Fermi-GBM-805047146,False
0f558178-762c-4c20-b929-4d7ff90773a5,gcn,Fermi GBM trigger 805047146,False
0f558178-762c-4c20-b929-4d7ff90773a5,gcn,bn260706675,False
501ea96b-9505-41c9-a039-c5c3c7cbfa0f,gcn,Fermi-GBM-804984401,False
501ea96b-9505-41c9-a039-c5c3c7cbfa0f,gcn,Fermi GBM trigger 804984401,False
501ea96b-9505-41c9-a039-c5c3c7cbfa0f,gcn,bn260705949,False
af6c9fee-c172-4900-a2ec-5ada6e501d6f,gcn,Fermi-GBM-804952743,False
af6c9fee-c172-4900-a2ec-5ada6e501d6f,gcn,Fermi GBM trigger 804952743,False
af6c9fee-c172-4900-a2ec-5ada6e501d6f,gcn,bn260705583,False
19e28756-817c-4bb2-b9ac-ee61831bdb4a,gcn,Fermi-GBM-804859244,False
19e28756-817c-4bb2-b9ac-ee61831bdb4a,gcn,Fermi GBM trigger 804859244,False
19e28756-817c-4bb2-b9ac-ee61831bdb4a,gcn,bn260704500,False
b139022d-f598-4e9e-b99e-81346229d0de,gcn,Fermi-GBM-804737692,False
b139022d-f598-4e9e-b99e-81346229d0de,gcn,Fermi GBM trigger 804737692,False
b139022d-f598-4e9e-b99e-81346229d0de,gcn,bn260703094,False
6c14110a-0927-48dc-9cf0-38e049d8ab6c,gcn,Fermi-GBM-805256703,False
6c14110a-0927-48dc-9cf0-38e049d8ab6c,gcn,Fermi GBM trigger 805256703,False
6c14110a-0927-48dc-9cf0-38e049d8ab6c,gcn,bn260709101,False
370ad2bb-ad28-4745-bd5c-7729f324393b,gcn,Fermi-GBM-805154833,False
370ad2bb-ad28-4745-bd5c-7729f324393b,gcn,Fermi GBM trigger 805154833,False
370ad2bb-ad28-4745-bd5c-7729f324393b,gcn,bn260707922,False
8aaf0016-ee3d-4ff6-ac29-8960bd1e8185,gcn,Fermi-GBM-805087514,False
8aaf0016-ee3d-4ff6-ac29-8960bd1e8185,gcn,Fermi GBM trigger 805087514,False
8aaf0016-ee3d-4ff6-ac29-8960bd1e8185,gcn,bn260707142,False
c196ccc2-ba98-445d-a0db-90f6f13fc52a,gcn,Fermi-GBM-805013067,False
c196ccc2-ba98-445d-a0db-90f6f13fc52a,gcn,Fermi GBM trigger 805013067,False
c196ccc2-ba98-445d-a0db-90f6f13fc52a,gcn,bn260706281,False
ffe55354-5602-49fd-94d5-f871c7d149c6,gcn,Fermi-GBM-804979099,False
ffe55354-5602-49fd-94d5-f871c7d149c6,gcn,Fermi GBM trigger 804979099,False
ffe55354-5602-49fd-94d5-f871c7d149c6,gcn,bn260705888,False
4227b583-3964-460c-928a-0bfe36b2e097,gcn,Fermi-GBM-804966931,False
4227b583-3964-460c-928a-0bfe36b2e097,gcn,Fermi GBM trigger 804966931,False
4227b583-3964-460c-928a-0bfe36b2e097,gcn,bn260705747,False
be9f75d7-52af-47c3-b797-bb8bcb0fba8c,gcn,Fermi-GBM-804961705,False
be9f75d7-52af-47c3-b797-bb8bcb0fba8c,gcn,Fermi GBM trigger 804961705,False
be9f75d7-52af-47c3-b797-bb8bcb0fba8c,gcn,bn260705686,False
4047cc5a-d01a-4f53-ad3a-b1e917f668a8,gcn,Fermi-GBM-804944046,False
4047cc5a-d01a-4f53-ad3a-b1e917f668a8,gcn,Fermi GBM trigger 804944046,False
4047cc5a-d01a-4f53-ad3a-b1e917f668a8,gcn,bn260705482,False
c58a7ff4-06f0-457d-83e4-bfc3ae14e60c,gcn,Fermi-GBM-804895581,False
c58a7ff4-06f0-457d-83e4-bfc3ae14e60c,gcn,Fermi GBM trigger 804895581,False
c58a7ff4-06f0-457d-83e4-bfc3ae14e60c,gcn,bn260704921,False
97e70985-2771-4de2-bad6-40c9680b14b1,gcn,Fermi-GBM-804883296,False
97e70985-2771-4de2-bad6-40c9680b14b1,gcn,Fermi GBM trigger 804883296,False
97e70985-2771-4de2-bad6-40c9680b14b1,gcn,bn260704779,False
e66c8727-83c2-482d-931a-92f65de4d98b,gcn,Fermi-GBM-804876354,False
e66c8727-83c2-482d-931a-92f65de4d98b,gcn,Fermi GBM trigger 804876354,False
e66c8727-83c2-482d-931a-92f65de4d98b,gcn,bn260704698,False
3ba864c1-c494-4475-93a4-888d4d42a2db,gcn,Fermi-GBM-804853052,False
3ba864c1-c494-4475-93a4-888d4d42a2db,gcn,Fermi GBM trigger 804853052,False
3ba864c1-c494-4475-93a4-888d4d42a2db,gcn,bn260704429,False
68616887-bfb5-4623-9dca-0ee6c72ef331,gcn,Fermi-GBM-804847014,False
68616887-bfb5-4623-9dca-0ee6c72ef331,gcn,Fermi GBM trigger 804847014,False
68616887-bfb5-4623-9dca-0ee6c72ef331,gcn,bn260704359,False
1f866f61-7d31-402f-97c3-f7e2da723afe,gcn,Fermi-GBM-804835089,False
1f866f61-7d31-402f-97c3-f7e2da723afe,gcn,Fermi GBM trigger 804835089,False
1f866f61-7d31-402f-97c3-f7e2da723afe,gcn,bn260704221,False
17f5abdf-7d8c-4418-9999-8740a2d0c922,gcn,Fermi-GBM-804828586,False
17f5abdf-7d8c-4418-9999-8740a2d0c922,gcn,Fermi GBM trigger 804828586,False
17f5abdf-7d8c-4418-9999-8740a2d0c922,gcn,bn260704146,False
d1c42127-9c77-4159-aa2a-81c0ab2ee6ad,gcn,Fermi-GBM-804810748,False
d1c42127-9c77-4159-aa2a-81c0ab2ee6ad,gcn,Fermi GBM trigger 804810748,False
d1c42127-9c77-4159-aa2a-81c0ab2ee6ad,gcn,bn260703939,False
02679154-10d6-4e5f-b425-e9a4f4fccc50,gcn,Fermi-GBM-804797763,False
02679154-10d6-4e5f-b425-e9a4f4fccc50,gcn,Fermi GBM trigger 804797763,False
02679154-10d6-4e5f-b425-e9a4f4fccc50,gcn,bn260703789,False
4e2c2be7-807a-469d-ba01-72e22dd69f84,gcn,Fermi-GBM-804776939,False
4e2c2be7-807a-469d-ba01-72e22dd69f84,gcn,Fermi GBM trigger 804776939,False
4e2c2be7-807a-469d-ba01-72e22dd69f84,gcn,bn260703548,False
be230048-4e55-49d2-96a5-71f5c481fbea,gcn,Fermi-GBM-804776042,False
be230048-4e55-49d2-96a5-71f5c481fbea,gcn,Fermi GBM trigger 804776042,False
be230048-4e55-49d2-96a5-71f5c481fbea,gcn,bn260703537,False
c40749c2-dab2-4e48-8458-1549bf7b14af,gcn,Fermi-GBM-804771798,False
c40749c2-dab2-4e48-8458-1549bf7b14af,gcn,Fermi GBM trigger 804771798,False
c40749c2-dab2-4e48-8458-1549bf7b14af,gcn,bn260703488,False
2d90d825-ddfd-4497-85af-189b293a70c6,gcn,Fermi-GBM-804767756,False
2d90d825-ddfd-4497-85af-189b293a70c6,gcn,Fermi GBM trigger 804767756,False
2d90d825-ddfd-4497-85af-189b293a70c6,gcn,bn260703442,False
2750da80-717d-4415-a656-d108d3acf0da,gcn,Fermi-GBM-804738310,False
2750da80-717d-4415-a656-d108d3acf0da,gcn,Fermi GBM trigger 804738310,False
2750da80-717d-4415-a656-d108d3acf0da,gcn,bn260703101,False
bd9c536d-27bb-440d-8b5b-ecf1bc77e528,gcn,GRB 260711A,False
ae8f497e-479c-4de5-b04a-720902bd7aa4,gcn,GRB 260506B,False
ccc17264-01fe-4b18-85a5-80f9a83b8d26,gcn,EP260605a,False
f19b0aa3-d065-414d-81dc-8895dcd9b54a,gcn,EP260616a,False
97ccd811-1453-4fa7-9465-22a2cef16783,gcn,GRB 260614A,False
c7c50e94-959e-4c60-8232-3bab23045ecd,gcn,GRB 260603C,False
d5f66de2-3933-4ea4-9f62-8e1c5c31486f,gcn,GRB 260429A,False
529f2a40-9c1d-4039-b361-e72837c516ed,gcn,GRB 260604C,False
dcf0c6bc-ecbc-486e-bf78-5657aeb30b8e,gcn,GRB 260616C,False
d6637e73-8a24-4ae4-b739-b611cba375e2,gcn,EP260610b,False
79193776-b145-414f-8b0e-fcb6b3ff64a3,gcn,GRB 260611B,False
b13734b4-5076-431e-ae72-397a3a076650,gcn,GRB 250705A,False
bb1566d0-07da-46d5-a2df-af4a82de5cac,tns,AT2026wuc,False
827bb553-4eb2-4883-adf4-eccd5eecaeaa,tns,AT2026wok,False
037302f9-c8bb-4e76-a6e8-661df7131049,tns,AT2026xae,False
1cdb33ad-d04c-47a7-a20f-7365f4ca3d54,tns,AT2026xaf,False
409a4f2b-7969-4c9f-bade-3558489aba35,tns,AT2026xag,False
3f5605e6-0f12-4f18-b409-8b10a302cb27,tns,AT2026wzh,False
66567de6-24a7-4690-a68a-803e63a5c548,tns,AT2026wzi,False
8e630010-b86d-44e0-bf6b-798c9b297360,tns,AT2025amwu,False
0b941fc7-dc7e-4cc4-b302-2a876e178271,tns,AT2026wzj,False
504488f4-79ac-49b5-91b4-355fb7b8bf16,tns,AT2026wzk,False
1afb7c80-b7f6-4ce3-a786-f49114b5f804,tns,AT2026wzl,False
d6dc77d1-4699-4a5b-b5a3-fc5124f739f0,tns,AT2026wzm,False
12af626f-fd71-4fb5-842f-b69be2c83f7f,tns,AT2026wzn,False
9a48a42d-087a-4aa4-8b76-98dc856c412f,tns,AT2025amwv,False
a761e087-bbec-47c5-8e55-4a2397222a1c,tns,AT2026wzo,False
76a4d3e4-9bdb-49a6-a370-a4ae91db3003,tns,AT2026wzp,False
9edd5e8f-07a9-4663-b7a6-736b946eba05,tns,AT2026wzq,False
378a43ec-c8f0-46ec-bf0f-3b3c4e10b275,tns,AT2026wzr,False
2c8b9f1f-f223-4bc3-9830-d27d723089b0,tns,AT2025amww,False
3f889e05-c2a6-42e2-85c0-6b65de967fa3,tns,AT2026wzs,False
6b112ed6-b444-45aa-aa2e-bd39ab9a4ab2,tns,AT2025amwx,False
837273ac-60ff-40bb-969c-030db9dc1500,tns,AT2026wzt,False
1cad617f-1102-4d9a-9c9d-34edcf3bd35f,tns,AT2026wzu,False
a6b38b33-758a-4bc5-b2b9-2bdbd77fec2b,tns,AT2026wzv,False
b21de69f-4259-44b9-adf9-2cdfa597fdc2,tns,AT2025amwy,False
a6d973cf-bf3f-466e-a3b0-f26c9e9b37e2,tns,AT2026wzw,False
25777e1d-353c-4446-8a84-1e15787eb1cc,tns,AT2026wzx,False
af458083-b13d-4282-8c25-fbe645428a4a,tns,AT2026wzy,False
891641ab-4eaf-4593-b65e-719d19216c67,tns,AT2025amwz,False
8cece360-fe21-464a-b2d2-7a33b911406f,tns,AT2026wzz,False
48276a44-afad-4ae2-9674-1860e0e6fad3,tns,AT2025amxa,False
bda72041-3a6e-483b-b915-dd15a1b986a4,tns,AT2026xaa,False
a577f6e4-7114-43bb-b13e-09e95c37e25b,tns,AT2026xab,False
ef2f8145-93bb-4c7b-bc76-51ed2383cb3b,tns,AT2026xac,False
3f7abb4d-bb96-4434-976e-5112dec3d7d6,tns,AT2026xad,False
1323407b-344e-45ad-bb52-0074692ff120,tns,AT2025amxb,False
16d822ff-04ae-47bf-aefa-5a107e198abe,tns,AT2025amxc,False
cc9ef4c6-6abd-4dda-84ec-5083b3ea7af7,tns,AT2026wzc,False
ef73bd50-2cf3-4777-9947-596ffc0c9e12,tns,AT2026wzd,False
21281cf0-a85e-4c12-af50-427a14adf30c,tns,AT2026wzf,False
ae2c30fa-89c7-434d-b28b-4432139d77c4,tns,AT2026wzg,False
b27f8fd1-1d17-4fc4-b0e5-ced86b711c05,tns,SN2026wjs,False
d6f33790-37e8-4e4e-9cfd-fc8b2be39722,tns,AT2026wln,False
de191f0e-07eb-4d29-b196-46eb92ae23a1,tns,AT2026wyx,False
0ed999d3-0b17-42c8-bb40-125fffb3eb92,tns,AT2026wyy,False
4dfbd6b2-037f-4754-946e-6cb5868352ec,tns,AT2026wyw,False
7b6d3378-a914-4a7d-962e-adb1acde0f97,tns,AT2026wyq,False
dbb595a0-4bdb-4aea-8bba-30e33954322e,tns,AT2026wyr,False
c3d75ec6-cf4d-4f84-be16-7e62dc28ac9a,tns,AT2026wys,False
2d5b053a-6f34-406d-af5c-320b2687d4f3,tns,AT2026wbm,False
ccea1cb4-cae3-4333-802d-598e4be37ad3,tns,AT2026wyt,False
09ce7b80-85e9-48ba-a865-78aa8c0b4fc6,tns,AT2026vsz,False
7668c330-1bb6-4546-8714-31aebd744183,tns,AT2026wyv,False
8aae46d0-cc4b-4683-bbf7-cee853d5a750,tns,AT2026wsq,False
5e9cb86a-a6fc-4273-81b5-4769f68b2452,tns,AT2026wyn,False
a0ac5517-1212-4471-83ca-09d12e6a390c,tns,AT2026wyo,False
ac59f53b-a042-462e-a2cc-a71ed7c04d36,tns,AT2026wyp,False
57ed6832-b2bc-4150-b9e9-1e5ddcce0f52,tns,AT2026wyj,False
0367fd25-d780-4de9-b82d-33eb5e950823,tns,AT2026wyl,False
c9599680-0ea1-437a-9451-100b96c1cee2,tns,AT2026wym,False
b6c23445-4e7c-48a8-a197-c80648c353d1,tns,AT2026wyd,False
2c6607d9-fce0-4fbc-aa56-e0758b07bded,tns,AT2026wyg,False
e432b926-82e2-458f-a9c4-a3f548be542f,tns,AT2026wxz,False
605c2e0c-a8b6-4fb0-908a-3021dd452d3c,tns,AT2026wya,False
d5fb2800-e64d-48c1-872c-26158d7bec51,tns,AT2026oxj,False
1bb79cd9-35f0-4653-a20d-f99dcbe8dbaf,tns,AT2026wxr,False
3b597190-46c7-4dfd-b4e6-f12987fb6a04,tns,AT2026wxs,False
e4c35034-384e-401d-8261-301b298e70e3,tns,AT2026wxt,False
cfb9c4ea-e89e-4268-9de1-e3e164f68db3,tns,AT2026wxu,False
9a5a50ad-d63b-47cb-ac40-1ef7ec7932d7,tns,AT2018mvd,False
f9dcb89d-f0ce-452e-afc0-c764a5c3b884,tns,AT2026wxv,False
201e45a3-9618-42dc-bf8e-8b8b40972531,tns,AT2026wxw,False
9fa3c6a5-3ee1-4369-bd3f-1b103e5e231b,tns,AT2026pzb,False
aa30bb2f-311d-419c-99a7-7581e28e9604,tns,SN2026veg,False
ff580bde-e60e-440f-b862-5425345ea4c9,tns,AT2026wxx,False
e361a218-bc41-4a6e-80e6-06e0342cc4b5,tns,AT2026wxg,False
13808f8f-d8be-4e13-95f0-0a6c23fecb6a,tns,AT2026wxh,False
c1b8c65e-025b-460d-8559-102a44cb2ad9,tns,AT2026wxi,False
74c64b38-4439-47ec-b735-0662b5a0bb83,tns,AT2026wxj,False
9dded35b-9037-4021-86e6-9d31ace8b6de,tns,AT2026wxk,False
709fae27-be93-4878-a7b1-4bcfef39613f,tns,AT2026wxl,False
c8494a1d-47fe-4bfd-9386-345bd872a455,tns,AT2026wxm,False
1a72891b-c99d-425e-aa6f-8a652e3aa163,tns,AT2026wxn,False
abc3f629-4d72-48b2-b01e-c79c1d2eae08,tns,AT2026wxo,False
61f4e8d8-b7ec-4dde-a4e2-b38536229a24,tns,AT2026wxp,False
c36c3a5c-95f8-4b62-97d9-1bb90eb7093c,tns,SN2026wjd,False
f96f8b0c-65e1-45d0-a53d-2c2cf2a0dec3,tns,SN2026uyc,False
3e87c567-4cbb-416b-a35a-6e55ccc77004,tns,SN2026wep,False
d980a23f-7ea8-4e36-9b0f-f0ba4c63eb20,tns,AT2026uib,False
6c689c48-0edc-4802-a411-b3b043ebdc86,tns,AT2026wxq,False
7f53cbcf-df7c-43ce-8ad0-6238c0c46a23,tns,AT2026wwc,False
b277fa8f-7f31-438c-a553-332d8f1f9f78,tns,AT2026wwd,False
b5b76d6b-df08-411d-a828-0ecb4e3f4884,tns,AT2026wwe,False
d52bd449-b3d0-426d-a3cf-8afb647568d6,tns,AT2026wwf,False
a4cb08b3-9ebb-483a-add8-405cb1e23287,tns,AT2026wwg,False
05ce371a-df5b-4fef-944a-73ee2f5d106d,tns,AT2026wwh,False
1259ab73-ff96-4071-aa49-2188e6d5830b,tns,AT2026wwi,False
79ce10b2-6a64-4f76-a1dc-8b6e9c3e2be6,tns,AT2026wwj,False
5db3ed89-e815-4e4b-a4bc-ba5766d23124,tns,AT2026wwk,False
3fee21e4-36a2-4ebe-8a58-34e0d463077e,tns,AT2026wwl,False
0a303359-18b8-4162-9c9c-86dfdd62e233,tns,AT2026wwm,False
d4eb6007-d7ef-486b-8742-33b71d61eb76,tns,AT2026wwn,False
d511a33f-1442-4ea0-8075-ed27fb8b43c9,tns,AT2026wwo,False
bb80ef37-4cbd-4229-9011-93fe325f2e86,tns,AT2026wwp,False
a0beb2f4-0b06-482b-b7e7-14af7cbb218b,tns,AT2026wwq,False
91b6e0ab-1798-4640-bc0d-21ca3146d08e,tns,AT2026wwr,False
eeefe571-f5d8-4018-8f8f-070114b6a836,tns,AT2026wws,False
a07d00a7-cf81-481f-a152-575617d45b0c,tns,AT2026wwt,False
4aeae410-aa49-42bb-b326-5205c1d8cd82,tns,AT2026wwu,False
e19f6f2a-b952-4589-b2a3-fa7fa96e0441,tns,AT2026wwv,False
ad4d8474-b652-4d82-a1d3-3632e3d3c877,tns,AT2026www,False
ff327535-91e5-48dd-a163-6255653b5224,tns,AT2026wwx,False
bd4eb60d-1e70-4c32-b16b-1a8a505c21ac,tns,AT2026wwy,False
e45c82cd-749d-4e18-b09a-6d9e0310942e,tns,AT2026wwz,False
3280da38-9bf0-4508-bbfe-d074131bf6e2,tns,AT2026wxa,False
ad069fe6-1e44-4550-9c64-9039f22f12ec,tns,AT2026wxb,False
3c22d735-2b4f-4b72-bc8b-f460faaade75,tns,AT2026wxd,False
a8894446-cf49-4a1f-a4db-5b179d183439,tns,AT2026wxe,False
0ca30ca9-3aab-4bd2-9d86-960da9f8141e,tns,AT2026wxf,False
227f5f61-25e0-499c-a2bf-f4251ba0a167,tns,AT2026wwb,False
95c00adc-d0f2-4594-aaa2-7d4503af9ffb,tns,AT2026wuf,False
7c7d4576-20ce-4e8c-84e8-1d79ac3e384d,tns,AT2026wug,False
bc44c611-1dbe-40f8-bced-7c60eb05c0e8,tns,AT2026wuh,False
11bce390-5bf1-4bb1-992c-7100ab8da2ce,tns,AT2026wui,False
c5be0de3-db20-4fcf-9f12-107e1848e012,tns,AT2026wuj,False
c3686ff8-981a-4685-bb9d-15620c74d604,tns,AT2026wuk,False
2c6a192e-e8ff-4826-a4e7-0219fe1b5ea6,tns,AT2026wul,False
5093af37-848b-4d93-9c65-a56df1c2243b,tns,AT2026wum,False
917f7286-14f9-4873-bfe9-ba77f1ccaf5e,tns,AT2026wun,False
b7c8dfbd-d0bf-4dad-89fd-deca484110b6,tns,AT2026wuo,False
4ac60de2-d497-4bca-948a-6a2660308f1c,tns,AT2026wup,False
92d82bae-1a73-4da8-96fa-18637fec99c0,tns,AT2026wuq,False
2ef35de6-1f0a-41b7-b0f4-de4ef89c520e,tns,AT2026wur,False
00aa49d9-b5a0-45f9-ad68-74cf6511fc06,tns,AT2026wus,False
aaf322d6-b326-4fe5-b824-2d5f08f43d50,tns,AT2026wut,False
c4a495b3-59d9-4110-b192-c6a33ed1e4da,tns,AT2026wuu,False
f1b825d1-f70f-4dbf-b61e-53ea0838b7f3,tns,AT2026wuv,False
15618da2-ddf0-4d89-8366-8947019bae1c,tns,AT2026wuw,False
d0df1e88-ccf9-4037-91a0-57bb0b67518b,tns,AT2026wux,False
c726c980-4d5a-46e5-9e72-30f97cf3a7c9,tns,AT2026wuy,False
d0e0ecb0-92b4-4933-95f0-d83e578b558a,tns,AT2026wuz,False
9723d0a4-7028-4712-ab51-32dba1c265cf,tns,AT2026wva,False
898546e2-c9fe-4347-a4a4-c34dcf2438c2,tns,AT2026wvb,False
8692eb90-6af8-4b32-8a58-c93adb401e33,tns,AT2026wvc,False
b7c74a7c-4d1a-4339-9ddd-c47475c006cd,tns,AT2026wvd,False
f94278df-9d2e-474e-b33d-ce8fed321bbc,tns,AT2026wve,False
d0ee4df6-12bc-4be6-b8ad-0ce2f72bcbab,tns,AT2026wvf,False
93fa54d0-3c9a-4cad-bf24-1023f46ca2bb,tns,AT2026wvg,False
7b51e81c-d9eb-4c1b-ae65-3454a305df42,tns,AT2026wvh,False
d2a0446d-eaae-4487-9c6a-2c93a91ad48b,tns,AT2026wvi,False
c940d9e6-0ab0-49cc-9cc3-3e73fed4e618,tns,AT2026wvj,False
827ceef3-c129-4455-ae30-31770fe06269,tns,AT2026wvk,False
6f31650a-9d4e-43a3-881e-63634fe82ca0,tns,AT2026wvl,False
133a7991-c560-4e9b-ac31-fdaca8f8473d,tns,AT2026wvm,False
57c7d37f-8139-412f-bbe5-21b8f179c5c6,tns,AT2026wvn,False
147ba0a6-f781-4f8b-9774-2db2002da753,tns,AT2026wvo,False
0e134c1b-6644-45b5-aa48-c20d589b388a,tns,AT2026wvp,False
ce54ed44-335d-4485-b7a6-67dbd8ecf10a,tns,AT2026wvq,False
db753c0d-c94c-433e-9908-fafcd42684cd,tns,AT2026wvr,False
7dd3e38e-38c6-4440-ae2b-6e447a3fcca0,tns,AT2026wvs,False
ee62bbbc-e266-47a4-bb09-f361fcce8e5d,tns,AT2026wvt,False
f11af94f-c773-4932-b2b7-9602448f4ce7,tns,AT2026wvu,False
9d22fd3e-68dc-4d99-b023-f73275713209,tns,AT2026wvx,False
247470f9-5624-4407-a73d-a9cc39ff412f,tns,AT2026wvz,False
db89e909-0c1b-450d-b827-b93e1851819d,tns,AT2026wlo,False
88f628ee-ed96-4e13-ac1d-38dc451f1f37,tns,AT2026wbn,False
2ae0417f-c361-4c9a-bf50-1d420ae4744f,tns,AT2026wby,False
e85a8787-0daf-4f0d-b59c-bc35fccadd02,tns,AT2026who,False
ee08763b-07a5-4a55-af3d-21e837a4dad5,tns,AT2026wcc,False
90da2799-9156-4881-8f33-99ded2376fe3,tns,AT2026wcg,False
7ede70ad-55fd-4285-b737-b3863b717068,tns,AT2026wch,False
c4d3b559-4063-44e0-b427-0e25792be829,tns,AT2026wlp,False
9f296b82-e040-493a-8cda-26be810ee6f9,tns,AT2026wdh,False
91489f76-6b50-4016-b772-05a3a681e7e7,tns,AT2026wdq,False
d0d6d194-468c-420f-a025-8ba1de8dd2af,tns,AT2026wei,False
0039f21b-c012-47f1-8dec-219491f53344,tns,AT2026wfk,False
7b65e74a-a94a-40c6-b838-6dee17d981d7,tns,AT2026wfz,False
d1295bee-6c85-4347-acce-bb3dd4d3f9f1,tns,AT2026wga,False
bc9f2ea7-d9ce-4257-a5f4-23e56a024f4e,tns,AT2026wgf,False
e888c962-8269-42f3-b778-73dfa86220c7,tns,AT2026wgt,False
5cf19b36-d870-4fad-8423-1eaf95da71de,tns,AT2026whq,False
d76c267b-2126-4de5-98a3-7fae2618b3bb,tns,AT2026whs,False
1f4e636d-a406-414c-b586-19ef65913d5c,tns,AT2026whw,False
83bdebc4-aeb6-4dd7-b941-88056919c7a3,tns,AT2026wit,False
2cb03ad9-783a-4fcc-8eb9-63078405089e,tns,AT2026wib,False
1cf98695-f037-4cd4-9113-3d22fa6676b4,tns,AT2026wik,False
0baab134-f986-4a6c-9cb9-93d520b3fbed,tns,AT2026wjt,False
ec3a887e-b4a2-4fed-8ff5-d8c1ebbfc159,tns,AT2026wud,False
b4515f62-4073-4d26-986c-7977b00a1039,tns,AT2026wtk,False
6fa5033c-9499-425f-8705-310271a08c98,tns,AT2026wtl,False
8be32921-13df-4cc2-88b8-76195a28a24b,tns,AT2026pym,False
fc72576e-c7cd-4f16-a04f-29a34af56e52,tns,SN2026qtn,False
e090e85a-2c64-419c-aafc-c262f5486f9f,tns,SN2026qvo,False
d2d45922-b9ac-48b9-b13a-d7b6b6eecd7f,tns,AT2026rdb,False
58c6df8f-c150-45e1-9fe9-0a6ede5d7d49,tns,SN2026rdf,False
fa651b24-0ae5-4579-8eca-6031bcca6bd9,tns,SN2026reu,False
35cf6de6-087d-48f9-9016-1312b74e3054,tns,AT2026rin,False
fc23904a-e2b0-4ecd-b17b-cd40199a4e51,tns,AT2026rip,False
56b9da2e-41fd-46db-9729-068e6e995ca3,tns,SN2026roh,False
82d46dd6-6aa2-4fc3-9fc0-b47a24d5cb43,tns,AT2026rpl,False
8556d67e-512c-4a44-8b04-83e09276337b,tns,AT2026rqg,False
12462dc9-56d5-4b15-904a-1677319b6f63,tns,AT2026rwl,False
b17e1de6-5ce9-4712-851b-434037c971a5,tns,AT2026rzg,False
ae6f9817-f0cd-4494-ba85-a32ec991f7ec,tns,SN2026str,False
e32b9f54-ccf1-4543-94e2-96eb036660f8,tns,AT2026suf,False
b48c86cc-64a1-49d7-ab30-8554f7ef17a1,tns,AT2026tix,False
4cb39c0e-84ad-4c82-bfb6-69e5a400f30e,tns,AT2026tqf,False
c6d94489-be1a-4bf8-bba7-aa6adb49079f,tns,AT2026wtn,False
7d134bbe-17b0-4948-b8e6-ad71c95b5d99,tns,AT2026wto,False
30ab7768-94c5-42f8-9bd3-53ccdc1e09c2,tns,AT2026wtp,False
677f6a99-e148-41f0-8f22-f5641b07aaf1,tns,AT2026wtt,False
f054abb6-a8bd-4061-b615-ccba354defa0,tns,AT2026wtu,False
a7a82bab-86ff-4e0e-8e71-686b413da917,tns,AT2026wtv,False
06620596-5d95-443c-b7c2-ea7b21bc9379,tns,AT2026wth,False
f0da403c-f687-4309-8857-ecbad0874ba8,tns,AT2025amwt,False
7cf4c7d9-b49f-45a2-8543-faa149affbd5,tns,AT2026wti,False
079bdc27-f627-48d6-87dd-471791054cf8,tns,AT2026wtj,False
794140c2-da39-4ea4-a76e-44df203b0bf8,tns,AT2026maf,False
78755020-d469-4d36-98aa-1be75da0ea93,tns,SN2026nph,False
d9dce0b2-a24c-4037-842d-ba776241d878,tns,SN2026npt,False
724b411a-7667-4133-9ede-46bfb410b449,tns,SN2026nxd,False
40b0f922-b6ef-4ae1-9eb6-360805eb31a0,tns,AT2026oan,False
008061a9-4cc9-4fa2-bc9d-183fd47c89f3,tns,AT2026obd,False
af1c2a5c-1bf6-4ab3-8c03-55d2fee64f60,tns,AT2026oty,False
02b1bc2c-1aa7-4af5-8039-6c5d5aff7556,tns,SN2026oxx,False
ab64e544-3099-4f4b-88fc-4ad6f4014a8c,tns,SN2026per,False
92ca70f8-b404-4856-bf25-42d669a343cc,tns,AT2026pii,False
659625d1-dffd-40bd-a966-bab6d5fb37ab,tns,AT2026pxd,False
95f893b9-9e65-4832-b263-2f55ca186114,tns,AT2026pxf,False
25b37ae1-2aae-460d-a0e1-42fd996bf2f4,tns,AT2026pxi,False
165962f5-c488-453f-b6c1-3eb647969483,tns,AT2026vhu,False
244f3087-bdab-4965-be08-00c77129992f,tns,AT2026wky,False
069eedb6-365d-43a8-9d36-f9986064cce2,tns,AT2026wtd,False
fa5c7825-1099-477e-84eb-e573436a643c,tns,AT2026wtg,False
c963f253-33a7-424d-9a2c-a18b816d8d01,tns,AT2026wtb,False
d5d8f908-6681-424b-9703-32eedbb9b96e,tns,AT2026wss,False
d590e62a-07e9-495f-b8bc-b8ed2eda120c,tns,AT2026wst,False
fb75b20f-fe6a-4a9c-8a0a-3dd5f36196e5,tns,AT2026wsu,False
cd744fac-a3cc-43bc-92c6-a96e9443ee77,tns,AT2026wsv,False
d23d2061-84be-460e-999e-ab93618d9c6c,tns,AT2026wsw,False
a94afafb-8e50-4b83-a065-b4401971aba3,tns,AT2026wsx,False
13c973e0-fdbd-4ac6-ba39-307690292583,tns,AT2026wsz,False
aaaafba6-395c-4e25-b3c8-e80323340e76,tns,AT2026wph,False
16f3e3b1-7e94-4711-825f-3c637c49a96c,tns,AT2026wpi,False
763806ab-2e37-4091-a65a-9d7d16a63abc,tns,AT2026wpj,False
5b29ed51-8897-4a6f-82f3-6565c4ee54b6,tns,AT2026wpk,False
ee4763e7-1ca1-4794-8662-5ce5b62c92fe,tns,AT2026wpl,False
7c1fcf35-467c-4fb4-9f9a-a43feaac0dc7,tns,AT2026wpm,False
c80c1f49-e237-40cf-b7c5-a34adbc324f2,tns,AT2026wpn,False
e3dbc18f-b975-4ac5-8761-9096b579e75e,tns,AT2026wpo,False
1858482b-1e97-4272-95a3-e4699953b13d,tns,AT2026wpq,False
4ef36827-86cd-4653-a012-29bf2426155c,tns,AT2026wpt,False
87ee8379-3fd7-45ed-a910-bff0f06f72b5,tns,AT2026wpu,False
399e0a06-251e-4f2a-b878-dd9c29a22d43,tns,AT2026wpv,False
1e374c9a-27f3-44b1-b869-347e7501ce10,tns,AT2026wpw,False
a76a90af-b05e-4ea9-8ef7-29975835cead,tns,AT2026wpx,False
91c2d4ad-06a5-48d2-8ce5-bd9c008bbf47,tns,AT2026wpy,False
6a28791e-8859-40e3-9fdb-ddf093e36075,tns,AT2026wpz,False
70cb4090-937a-46e5-b860-acea461f5e12,tns,AT2026wqa,False
ee523cf1-8353-4775-8944-4fb1c81c90c0,tns,AT2026wqb,False
7bcf8f82-ad46-4808-980d-1c43333f7851,tns,AT2026wqc,False
5cdf626c-87cf-4c65-9345-3b395468236a,tns,AT2026wqd,False
ed863b18-10a3-42a6-84b0-274428008454,tns,AT2026wqe,False
0d090130-420f-471a-aed5-c108eac8a1eb,tns,AT2026wqf,False
262fcc9d-167d-4ec3-b0c2-8dd53f87602c,tns,AT2026wqg,False
ca09f587-7508-49db-9ba1-271307980655,tns,AT2026wqh,False
f3e59b6a-ea09-4e05-8648-14569955a250,tns,AT2026wqi,False
bcd36477-76f8-4d33-ba4e-15e3d53992a7,tns,AT2026wqj,False
03196b6f-49c3-4c43-914b-cb351b0087b4,tns,AT2026wqk,False
785a8b13-ab57-4f31-9c1e-dbeb158db022,tns,AT2026wql,False
daa18139-d28b-423d-a230-27bf2c00de32,tns,AT2026wqm,False
120e6865-709b-4c2d-a908-890a19a1fb9b,tns,AT2026wqn,False
e4c8fbba-575b-4880-99ee-5c024971e694,tns,AT2026vbb,False
cbab9c9c-1565-46e4-8273-a3f58a20d070,tns,AT2026wqo,False
9563da46-066c-4880-b4cb-44d929397492,tns,AT2026wqp,False
96f74281-4320-4550-83b4-826125c78f51,tns,AT2026wqq,False
bbe86cc2-50df-47b5-8e6e-e0677f658644,tns,AT2026wqr,False
c1de9f05-c7b7-4639-b429-828bdf67462a,tns,AT2026wqs,False
2f1d01c9-33bc-472a-850d-877c8865755d,tns,AT2026wqt,False
5e29d705-dbb2-45a2-b2b1-69e7cf48f38f,tns,AT2026wqu,False
753225ce-6608-4343-b2d7-94548b22ca61,tns,AT2026wqw,False
188acd2d-8871-48b9-8ad4-fc1a1cf72604,tns,AT2026wqx,False
64632255-a713-42f7-9603-e4a552ff0a2c,tns,AT2026wqy,False
09a2cda0-5426-4939-89ec-9c57e85b386d,tns,AT2026wqz,False
7e65365a-6448-4966-986e-f77d96d4f1f7,tns,AT2026wra,False
1e1e6e13-fefa-4d9f-9c7e-4c5c7a53bfce,tns,AT2026wrb,False
1454b809-ae62-4102-b272-ba1c8a9ba216,tns,AT2026wrc,False
e4ad8e35-dcba-4e46-9e97-144c739ed68e,tns,AT2026wre,False
48f5bf5b-943d-4bac-9416-c07926d44b6a,tns,AT2026wrf,False
a69df53a-c7a2-436f-891c-b4a6f04f8f26,tns,AT2026wrg,False
454fd483-3759-493b-a1e5-c067ef08e337,tns,AT2026wrh,False
a36c2ea4-75bc-41d6-a067-5888132e7c04,tns,AT2026wri,False
50f9c371-e564-4362-aeeb-9fa04f68a7ba,tns,AT2026wrj,False
42db833e-abbd-49c8-925a-2dff718d8832,tns,AT2026wrk,False
91f8f626-c073-41e5-b36a-0d9f9d728c93,tns,AT2026wrl,False
8acaa7eb-6895-449f-b93f-ade0c598bf58,tns,AT2026wrm,False
0bd154fc-9c99-4f1d-8042-07fca11c2f0f,tns,AT2026wrn,False
78d68958-951e-4069-bedd-d01cf0fe6d6b,tns,AT2026wro,False
74479227-a59c-4df8-a546-14c49b081298,tns,AT2026wrp,False
8a6416ff-ca8f-4460-a497-abc05e506781,tns,AT2026wrq,False
26d6a985-b432-4451-a2ff-5df4ff685e76,tns,AT2026wrr,False
bd3b4b22-be84-450f-853b-f8dd04d38ea6,tns,AT2026wrt,False
5ac2bb4b-7e57-4195-8c01-9c4558136ff7,tns,AT2026wru,False
1a889bcc-283b-425a-b3da-063f1a8c7784,tns,AT2026wrv,False
4ff3cbd8-a2af-4ff2-aa7e-44021471b2e6,tns,AT2026wrw,False
a9f902a0-0c3a-43c7-bf1d-55c8464582dc,tns,AT2026wrx,False
e77ce357-be20-4008-b264-6244275e119a,tns,AT2026wry,False
6316fd49-5c83-4c28-9e07-f6e8e277c0d4,tns,AT2026wrz,False
b2604fcb-a831-4a7c-98cd-eb840175cbb8,tns,AT2026wsb,False
730ff454-1ce6-47d9-b13a-f7e53959d5b0,tns,AT2026wsc,False
87da2f27-d67e-4d34-85dc-99ba0655e183,tns,AT2026wsd,False
fd1e287b-f959-4891-ad4a-14a59b59a70d,tns,AT2026wse,False
115b4324-e12d-444e-9725-8a71c647630f,tns,AT2026wsf,False
f5280706-94c0-4ee6-9fac-13a06925a35d,tns,AT2026wsg,False
ad5f9b52-ac67-44c2-bafd-58fe1109a548,tns,AT2026wsh,False
0ae9e1ff-633b-4671-9a64-c3f438e0cc9c,tns,AT2026wsi,False
06d6affa-160a-4b5b-b1d6-d2cac718f0a1,tns,AT2026wsj,False
ef0f909d-2728-4d85-9dfe-ca4d6cf19945,tns,AT2026wsk,False
f9947b65-0ff5-436d-a3a6-82f5cfa2493b,tns,AT2026wsl,False
adb47cd4-d767-4f47-966b-2599307333a9,tns,AT2026wsm,False
874e70a3-b4df-4b20-a42a-a070651d911d,tns,AT2026wsn,False
2b7e3cfc-055d-4862-83dd-737b7a07de07,tns,AT2026wso,False
1df1a494-f51c-4319-b78a-8130e83065f1,tns,AT2026wsp,False
e80f7d7f-2e93-45cf-80cd-ad720dba56b9,tns,AT2026wpe,False
6a8ab1e2-ecdf-414e-abbc-8a5a30f5e729,tns,AT2026wpa,False
3e12657e-bf34-4591-b5b6-c4337b9d2ff8,tns,AT2026wpb,False
4b224f43-3890-4a92-b2bc-e28d50c9e24a,tns,AT2026wjj,False
14aeea27-d359-4a55-a31d-358f67e3577b,tns,AT2026wop,False
3fce79c6-7cb4-4e96-b6cf-35d4b9e79574,tns,AT2026woq,False
6816a640-53fc-472e-94e4-1e047f379c45,tns,AT2026wor,False
992150de-c9d6-428b-be4f-11f5ea28a835,tns,AT2026wos,False
dc3e2432-c2e4-46ce-83cf-60b989350ad0,tns,AT2026wot,False
6c586637-3bd6-4eeb-b62b-9b2ef7575628,tns,AT2026wkw,False
6b15e36c-9554-467d-ad9e-3ebe869f1667,tns,AT2026wou,False
466a861e-beb1-4df3-a3f6-d5b39ad4cf7b,tns,AT2026wox,False
930d1bc4-181d-4570-82f1-1417456900b8,tns,AT2026woy,False
a3440488-1a95-4971-bcaa-4bdfc4d157fb,tns,AT2026woz,False
d74f9405-d6b6-4067-958c-b95c4f0c65dd,tns,AT2026woj,False
5238c9ca-3a10-443f-80f0-b849f16f492d,tns,AT2026wol,False
9e2c44e2-34ea-4e9f-b896-4e316e0035b5,tns,AT2026won,False
a30f0151-e26f-4fc1-abd3-1511c3dc82f2,tns,AT2025amwc,False
b8eea4fc-50a6-4d49-b521-0f715f041a94,tns,AT2025amwd,False
ce495a3e-114b-4c60-a091-954ef2737bd7,tns,AT2025amwe,False
bc8c6f32-a436-4e04-bb21-9544d2cf1e2a,tns,AT2026wnx,False
637ec324-6d33-41b0-bb4a-8fcb75386856,tns,AT2025amwf,False
340da7a0-e1d9-4bd3-8276-4ee3378b1d9c,tns,AT2025amwg,False
2327960e-bf66-4dcb-be66-4bf3665870d9,tns,AT2025amwh,False
c222729e-f0aa-4bfb-8467-c063cd86dfbe,tns,AT2026wny,False
091d6827-ccea-4ab5-8c92-5f774c3c23c1,tns,AT2025amwi,False
0edba757-4545-451b-9d2a-aa363b4adc84,tns,AT2026wnz,False
79f6251f-27a0-4e30-8a1a-865b75cb6d04,tns,AT2026woa,False
89a097e3-b9a5-43ac-906a-dcc0a6185491,tns,AT2026wob,False
6321ffa8-fba4-469a-ba4c-53ace880d7cd,tns,AT2026woc,False
36dafbf9-fb02-4f74-b2fe-78b2cd7709c0,tns,AT2025amwj,False
fc829f10-bec5-4654-bbe0-ded08c407438,tns,AT2026wod,False
90a00321-0d82-4ea3-9367-f02020ba9bf9,tns,AT2025amwk,False
ce069279-c3f6-474a-8f3d-963af953f436,tns,AT2026woe,False
1f4b6cfd-99de-41f1-a363-727810b118d6,tns,AT2025amwl,False
170e6a60-7573-4e9a-bf90-85cb9785c53a,tns,AT2025amwm,False
f59a93a9-5d01-4291-a8a0-5b76fff420a8,tns,AT2026wof,False
624b1a0e-86d9-4766-9c1f-cdaad7151ca5,tns,AT2025amwn,False
c6a46d38-4ab2-479a-b72d-dfa345f1bcad,tns,AT2026wog,False
586a16b6-a740-44e1-8892-cfea78e5e711,tns,AT2026woh,False
38fec84b-b241-4b61-9897-3a285ce00e9e,tns,AT2025amwo,False
ca80aa1b-4f28-466f-beb5-542d14efbef9,tns,AT2025amwp,False
5d59e411-97bd-4f11-a06b-621bb7458924,tns,AT2025amwq,False
57d95fef-6bbc-47db-8212-55fadfcdb2e4,tns,AT2025amwr,False
e22f9681-27a8-4170-8571-cbc1c184d3b4,tns,AT2025amws,False
24361fcc-9698-4acb-b0e8-41a09d5624a0,tns,AT2026woi,False
8b965d13-843c-475d-8bc7-36f46f7d26e9,tns,AT2026vdu,False
bbdd0f41-6ced-40bd-892e-004348d3e1a2,tns,AT2026wmq,False
9100eb9f-4c82-45aa-aa86-ca6a07b06a2d,tns,AT2026wmr,False
76465c28-adc9-470b-b9d7-fb6de346f7e4,tns,AT2026wms,False
65c12441-266a-4f05-b7a1-e195bb894bf8,tns,AT2026qac,False
b787252c-0bf4-49d2-be13-d3eeea5f2113,tns,SN2026uzr,False
59f74caa-cacf-4996-86ec-c8f22e9e3a24,tns,AT2026wmt,False
95d74162-633b-48c3-8275-49ef0dc2df3f,tns,AT2026wmu,False
40cd7113-293e-41ec-87a8-79ceb26c02ce,tns,AT2026wmv,False
05e45abc-f38e-45f0-b5c3-44214b9bb3d3,tns,AT2026wmx,False
c0148932-e74f-4a53-8e85-78e6cb075613,tns,AT2026wmy,False
a9f3d817-81b8-4552-8865-619a4605665f,tns,AT2026wmz,False
298fa3eb-c90a-4941-a6b8-de8a0253afbc,tns,AT2026wna,False
c1b81bee-4d1d-467c-86a2-19dae81eee1a,tns,AT2026wnb,False
ca4d05e8-e83d-4b37-bbb7-3d9ea2c545cf,tns,AT2026sqr,False
b1ebab93-5ce0-436d-b1de-96f116d50045,tns,AT2026wnc,False
0f282859-a187-45a9-8e83-6a175ce1f382,tns,AT2026wnd,False
237df3a7-3416-4133-8051-cd7fb0ead94b,tns,AT2026wne,False
0dabb907-3c4b-413f-8656-93a66eda8874,tns,AT2026wnf,False
9894cdc4-1ba1-4cbb-9fae-aa1f777fe837,tns,AT2026wng,False
49fdfeff-5b60-4980-ae1d-119c89397828,tns,AT2026wnh,False
73001c35-6661-4fdb-8454-028dac358c78,tns,AT2026wni,False
d7cd9043-be3a-45b8-9634-796aaa3a7eff,tns,AT2026wnj,False
0af0142b-3ec5-4140-bab0-0ca9f1bcc368,tns,AT2026wnk,False
6d0236ea-13c2-4323-a59e-44f12f66936c,tns,AT2026wnl,False
4937a3f2-d0cf-482f-8db2-1363dcea59bc,tns,AT2026wnm,False
0d112232-1c90-43a2-af1a-d751be33edb7,tns,AT2026wnn,False
6110d8e8-f037-447f-bdf2-0d9d5c212343,tns,AT2026wno,False
fc04156c-e093-4a08-98b9-a4df80a33008,tns,AT2026wnp,False
5bc8d66f-4e9f-4fd6-be0e-aecb8e93880b,tns,AT2026wnq,False
f601ce41-2dbb-42ec-9956-55e6afaef0a2,tns,AT2026wnr,False
b14f5f7f-48da-4764-b398-5ed2fc757f16,tns,AT2026wns,False
125bb447-2190-4a72-8a20-8118e0c453cc,tns,AT2026wnt,False
070411df-8680-42ad-94de-59ea2bb05b95,tns,AT2026wnu,False
3d395bf4-f4de-4236-ad5b-748bc0d6a4ab,tns,AT2026wnv,False
a5129a1b-0aa9-473c-aa11-a0a4f1d79ed9,tns,AT2025amvy,False
c5ed2508-37f8-438b-b9e8-ca4e8ee3bf57,tns,AT2026wnw,False
1be154a0-2ed1-4f97-89dc-e36b497f7352,tns,AT2025amvz,False
ff038de9-b49c-4918-94d1-30b8bf07e224,tns,AT2025amwa,False
e11cea3b-0859-4c30-8378-42edf0a12c70,tns,AT2025amwb,False
9856134a-0dad-444c-96c5-6ec2a6e45653,tns,AT2026wmi,False
efeb402b-eb4d-4eec-8747-98b61f7c92ac,tns,AT2026wml,False
cc839118-f718-4cc3-9c9b-106c58428735,tns,AT2026wmn,False
e53b6994-51ea-4c95-9806-4fb9ce5614e8,tns,AT2026wmo,False
873b3c3a-3a82-4313-8574-7012091f2eca,tns,AT2026wmp,False
51bb4b7b-0a88-4feb-a429-93bc19eb1b50,tns,AT2026wlr,False
063bc27b-1827-4605-be10-fa4fc32462d7,tns,AT2026wls,False
c7da414b-c59e-4f71-ba01-b2d3fc4d2455,tns,AT2026wlt,False
eb11fbe7-e25a-4c59-b7bd-3ce5a0b5ac5c,tns,AT2026wlu,False
e3bb948c-bb27-4231-bd2e-a649e547123b,tns,AT2026nrv,False
eb7d5468-ca06-47df-b72f-2220c45fcda6,tns,AT2026wlw,False
cd2db6f0-c1d2-4fee-bd8a-f9ded397bcd2,tns,AT2026wlx,False
feef9e16-e260-41a8-af01-9dfba70354e5,tns,AT2026wly,False
f13bc0c0-c241-4374-893e-1d2057b4bcd5,tns,AT2026anu,False
5dba63dc-d03b-4c50-9302-a9ad906801f9,tns,AT2026wlz,False
832077c8-932b-4cf2-8d98-b311d6800561,tns,AT2026peg,False
c6fa675c-e3ea-4f01-affa-6e0ff70912ed,tns,AT2026wma,False
843aa772-45d2-4fa7-b420-ce0be9134f83,tns,AT2026wmb,False
9bcb1438-1e39-415a-b10f-8ced15556718,tns,AT2026wmc,False
10f9d4a0-3434-4e9b-a71f-b631024732fe,tns,AT2026wmd,False
a36a0f69-0d21-4126-a3a0-339ff0603130,tns,AT2026wme,False
c1da65fd-e2f5-46e3-a002-1db9cfdc31e5,tns,AT2026wbe,False
ee8377f3-47d6-450e-877b-86abdb3f0bc2,tns,AT2026wfi,False
467d8e2b-93fc-41af-a32b-11371b9bc443,tns,AT2026vcs,False
44b14ec8-0db6-40e4-8808-8985df12e2bf,tns,AT2026vzb,False
8c3855c6-777c-4d87-ba00-bba0923eca15,tns,AT2026mik,False
35e324f1-c58b-4824-b57e-e57a6d66e1e3,tns,AT2026vbq,False
203709da-98ef-45e0-a374-54c144faf0a5,tns,AT2026wcs,False
a1d20a1c-8b3b-4573-ba78-7e79b67950dc,tns,AT2026wmf,False
b4349f3f-7ef1-415b-9572-9d181cc4d598,tns,AT2026wmg,False
55125313-3ba1-44b1-847c-bdcd63e831dd,tns,AT2026wla,False
12ae6382-8815-4b33-870a-a20a08a105ed,tns,AT2026wdf,False
aa82164f-00d8-4282-b3cc-d54f6d96d5a7,tns,AT2026wmh,False
514998fd-397a-4b72-b19d-7760f60d0084,tns,AT2026wbd,False
1dea8504-27d7-4013-b3d2-caccf6177e92,tns,AT2026wlk,False
