name,type,ra,dec,epoch,ctas_event_id,ctas_score,classification,primary_messenger,ctas_url,source_url,name2,name3,name4,name5,name6,name7,name8
SN2026uyg,SIDEREAL,265.79752472,-0.450875279864,2000.0,6f713173-0b86-4097-9706-a7cee680a4de,43.69,SN Ia,electromagnetic,https://jackmcguireastro.github.io/ctas.html?event=6f713173-0b86-4097-9706-a7cee680a4de#dossier,https://www.wis-tns.org/object/2026uyg,,,,,,,
AT2026aabu,SIDEREAL,55.463076,-40.902872,2000.0,f641faac-767f-447a-883a-25899af0f841,56.18,Unclassified,electromagnetic,https://jackmcguireastro.github.io/ctas.html?event=f641faac-767f-447a-883a-25899af0f841#dossier,https://www.wis-tns.org/object/2026aabu,,,,,,,
AT2026aabq,SIDEREAL,350.939615714,-29.3933557143,2000.0,6881445b-a379-4ed5-acd5-881651a2def7,57.25,Unclassified,electromagnetic,https://jackmcguireastro.github.io/ctas.html?event=6881445b-a379-4ed5-acd5-881651a2def7#dossier,https://www.wis-tns.org/object/2026aabq,,,,,,,
AT2026aabv,SIDEREAL,261.607145556,35.4798566667,2000.0,576e114e-cae0-4c35-ad8c-4492467e99c1,80.59,Unclassified,electromagnetic,https://jackmcguireastro.github.io/ctas.html?event=576e114e-cae0-4c35-ad8c-4492467e99c1#dossier,https://www.wis-tns.org/object/2026aabv,,,,,,,
AT2026aaam,SIDEREAL,276.1520862,-14.8536236,2000.0,cc1e285d-c8e3-40c0-850e-b59e4e6f9a87,64.74,Unclassified,electromagnetic,https://jackmcguireastro.github.io/ctas.html?event=cc1e285d-c8e3-40c0-850e-b59e4e6f9a87#dossier,https://www.wis-tns.org/object/2026aaam,ZTF26abrcopp,,,,,,
AT2026aabp,SIDEREAL,342.138568,-45.200482,2000.0,58a5d441-f24a-4911-aa0b-5e3ecc85b6d7,82.83,Unclassified,electromagnetic,https://jackmcguireastro.github.io/ctas.html?event=58a5d441-f24a-4911-aa0b-5e3ecc85b6d7#dossier,https://www.wis-tns.org/object/2026aabp,,,,,,,
AT2026aabr,SIDEREAL,335.815823,-29.800813,2000.0,b46d2a04-724e-43e9-a392-c01e7cdd47e1,81.56,Unclassified,electromagnetic,https://jackmcguireastro.github.io/ctas.html?event=b46d2a04-724e-43e9-a392-c01e7cdd47e1#dossier,https://www.wis-tns.org/object/2026aabr,,,,,,,
AT2026aabs,SIDEREAL,19.618548,-27.096599,2000.0,b33a89ea-7430-451f-b142-10f7d26d2f19,58.88,Unclassified,electromagnetic,https://jackmcguireastro.github.io/ctas.html?event=b33a89ea-7430-451f-b142-10f7d26d2f19#dossier,https://www.wis-tns.org/object/2026aabs,,,,,,,
AT2026aabt,SIDEREAL,237.555394,-33.549337,2000.0,78fdc289-ff63-44ea-9940-29aef8dd3d40,70.48,Unclassified,electromagnetic,https://jackmcguireastro.github.io/ctas.html?event=78fdc289-ff63-44ea-9940-29aef8dd3d40#dossier,https://www.wis-tns.org/object/2026aabt,,,,,,,
AT2026aabo,SIDEREAL,11.2260917,41.5529251,2000.0,a8c90733-c1a6-4fe7-a17b-53cd46624691,64.06,Unclassified,electromagnetic,https://jackmcguireastro.github.io/ctas.html?event=a8c90733-c1a6-4fe7-a17b-53cd46624691#dossier,https://www.wis-tns.org/object/2026aabo,ZTF26abramlb,,,,,,
AT2026aaao,SIDEREAL,348.407516,-63.731829,2000.0,842d61d4-bc9b-4906-a389-005177d0ca18,72.71,Unclassified,electromagnetic,https://jackmcguireastro.github.io/ctas.html?event=842d61d4-bc9b-4906-a389-005177d0ca18#dossier,https://www.wis-tns.org/object/2026aaao,GOTO26ior,,,,,,
Chime-1175459409,SIDEREAL,100.5767041,59.0758045,2000.0,949f3825-989b-447b-80c6-91103fcd1794,70.0,high-importance,radio,https://jackmcguireastro.github.io/ctas.html?event=949f3825-989b-447b-80c6-91103fcd1794#dossier,,1175459409,,,,,,
AT2026aaaj,SIDEREAL,243.457103333,22.0716766667,2000.0,cd485322-ffd2-4d01-89c8-3cf60de9adf8,74.8,Unclassified,electromagnetic,https://jackmcguireastro.github.io/ctas.html?event=cd485322-ffd2-4d01-89c8-3cf60de9adf8#dossier,https://www.wis-tns.org/object/2026aaaj,ATLAS26kpu,,,,,,
AT2025anct,SIDEREAL,355.622875,3.630558,2000.0,aa4b2525-0a62-432f-a544-f483f6e8d8d8,53.12,Unclassified,electromagnetic,https://jackmcguireastro.github.io/ctas.html?event=aa4b2525-0a62-432f-a544-f483f6e8d8d8#dossier,https://www.wis-tns.org/object/2025anct,,,,,,,
AT2026aaap,SIDEREAL,16.514583,5.087797,2000.0,cf968e8c-098f-4154-99db-27cdddecd6bb,52.38,Unclassified,electromagnetic,https://jackmcguireastro.github.io/ctas.html?event=cf968e8c-098f-4154-99db-27cdddecd6bb#dossier,https://www.wis-tns.org/object/2026aaap,,,,,,,
AT2026aaaq,SIDEREAL,28.205208,0.268347,2000.0,69e6e987-7bb1-4a77-a120-5b4c57093bc2,49.88,Unclassified,electromagnetic,https://jackmcguireastro.github.io/ctas.html?event=69e6e987-7bb1-4a77-a120-5b4c57093bc2#dossier,https://www.wis-tns.org/object/2026aaaq,,,,,,,
AT2026aaar,SIDEREAL,19.213458,1.808028,2000.0,659aef29-49ee-469f-b054-f89fee1c0c84,62.81,Unclassified,electromagnetic,https://jackmcguireastro.github.io/ctas.html?event=659aef29-49ee-469f-b054-f89fee1c0c84#dossier,https://www.wis-tns.org/object/2026aaar,,,,,,,
AT2026aaas,SIDEREAL,317.017667,15.420314,2000.0,0cb74801-8c0b-400a-b20f-12b8545ed95e,53.88,Unclassified,electromagnetic,https://jackmcguireastro.github.io/ctas.html?event=0cb74801-8c0b-400a-b20f-12b8545ed95e#dossier,https://www.wis-tns.org/object/2026aaas,,,,,,,
AT2026aaat,SIDEREAL,268.653167,49.311758,2000.0,d34fcbd6-f2a3-4ec6-afa4-6bea75fae7fe,53.2,Unclassified,electromagnetic,https://jackmcguireastro.github.io/ctas.html?event=d34fcbd6-f2a3-4ec6-afa4-6bea75fae7fe#dossier,https://www.wis-tns.org/object/2026aaat,,,,,,,
AT2026yue,SIDEREAL,312.416542,17.001906,2000.0,7068d1ab-91fd-4149-ac8c-07ac0d877ac3,56.25,Unclassified,electromagnetic,https://jackmcguireastro.github.io/ctas.html?event=7068d1ab-91fd-4149-ac8c-07ac0d877ac3#dossier,https://www.wis-tns.org/object/2026yue,,,,,,,
AT2026aaau,SIDEREAL,250.340083,37.012664,2000.0,0272081a-6aba-4294-9536-3c3ea3aa015e,52.03,Unclassified,electromagnetic,https://jackmcguireastro.github.io/ctas.html?event=0272081a-6aba-4294-9536-3c3ea3aa015e#dossier,https://www.wis-tns.org/object/2026aaau,,,,,,,
AT2026aaav,SIDEREAL,219.29675,30.673647,2000.0,07d8b213-f100-49c4-ba54-5297b0f715d9,53.35,Unclassified,electromagnetic,https://jackmcguireastro.github.io/ctas.html?event=07d8b213-f100-49c4-ba54-5297b0f715d9#dossier,https://www.wis-tns.org/object/2026aaav,,,,,,,
AT2026aaaw,SIDEREAL,217.2445,30.640083,2000.0,f7d3a203-b478-419a-ae20-38e17d1ebe96,54.85,Unclassified,electromagnetic,https://jackmcguireastro.github.io/ctas.html?event=f7d3a203-b478-419a-ae20-38e17d1ebe96#dossier,https://www.wis-tns.org/object/2026aaaw,,,,,,,
AT2026aaax,SIDEREAL,258.515625,30.479664,2000.0,e1a502d1-adfa-4384-b6e1-607192934807,62.82,Unclassified,electromagnetic,https://jackmcguireastro.github.io/ctas.html?event=e1a502d1-adfa-4384-b6e1-607192934807#dossier,https://www.wis-tns.org/object/2026aaax,,,,,,,
AT2026aaay,SIDEREAL,250.10475,41.698233,2000.0,8a67c053-9a2f-466e-a6ad-cdd678000aa0,55.35,Unclassified,electromagnetic,https://jackmcguireastro.github.io/ctas.html?event=8a67c053-9a2f-466e-a6ad-cdd678000aa0#dossier,https://www.wis-tns.org/object/2026aaay,,,,,,,
AT2026aaaz,SIDEREAL,249.956083,36.613189,2000.0,bff61894-88e5-4fa9-a686-83362e7c4e30,50.78,Unclassified,electromagnetic,https://jackmcguireastro.github.io/ctas.html?event=bff61894-88e5-4fa9-a686-83362e7c4e30#dossier,https://www.wis-tns.org/object/2026aaaz,,,,,,,
AT2026aaba,SIDEREAL,333.870792,21.7964,2000.0,a9609ade-8c2b-4618-b8ad-999333f9e66d,54.88,Unclassified,electromagnetic,https://jackmcguireastro.github.io/ctas.html?event=a9609ade-8c2b-4618-b8ad-999333f9e66d#dossier,https://www.wis-tns.org/object/2026aaba,,,,,,,
AT2026aabb,SIDEREAL,325.247292,20.656253,2000.0,d620d87b-09c1-406a-8110-c2863295defe,55.35,Unclassified,electromagnetic,https://jackmcguireastro.github.io/ctas.html?event=d620d87b-09c1-406a-8110-c2863295defe#dossier,https://www.wis-tns.org/object/2026aabb,,,,,,,
AT2026aabc,SIDEREAL,324.99375,18.778719,2000.0,36799552-1892-451d-910f-755cfb8432b6,53.8,Unclassified,electromagnetic,https://jackmcguireastro.github.io/ctas.html?event=36799552-1892-451d-910f-755cfb8432b6#dossier,https://www.wis-tns.org/object/2026aabc,,,,,,,
AT2026aabd,SIDEREAL,331.534292,18.697872,2000.0,4c23a019-2287-49ee-a0c0-eb727af88e18,53.88,Unclassified,electromagnetic,https://jackmcguireastro.github.io/ctas.html?event=4c23a019-2287-49ee-a0c0-eb727af88e18#dossier,https://www.wis-tns.org/object/2026aabd,,,,,,,
AT2026aabe,SIDEREAL,269.157375,44.296147,2000.0,0dd1da67-6846-4e37-be13-d9a7666bf433,55.38,Unclassified,electromagnetic,https://jackmcguireastro.github.io/ctas.html?event=0dd1da67-6846-4e37-be13-d9a7666bf433#dossier,https://www.wis-tns.org/object/2026aabe,,,,,,,
AT2026aabf,SIDEREAL,323.359375,12.995953,2000.0,ea9baab4-5256-481d-8a9d-62c1fae29280,52.48,Unclassified,electromagnetic,https://jackmcguireastro.github.io/ctas.html?event=ea9baab4-5256-481d-8a9d-62c1fae29280#dossier,https://www.wis-tns.org/object/2026aabf,,,,,,,
AT2026aabg,SIDEREAL,269.382333,57.143481,2000.0,3eb81fb8-8c5b-428f-92a6-841d8e85a6ae,55.25,Unclassified,electromagnetic,https://jackmcguireastro.github.io/ctas.html?event=3eb81fb8-8c5b-428f-92a6-841d8e85a6ae#dossier,https://www.wis-tns.org/object/2026aabg,,,,,,,
AT2026aabh,SIDEREAL,246.133792,39.486411,2000.0,912d51ac-1806-4024-b844-293318f33b16,53.0,Unclassified,electromagnetic,https://jackmcguireastro.github.io/ctas.html?event=912d51ac-1806-4024-b844-293318f33b16#dossier,https://www.wis-tns.org/object/2026aabh,,,,,,,
AT2026aabi,SIDEREAL,246.965708,33.876914,2000.0,65562bed-4e78-4de9-af00-1479e65e3508,54.05,Unclassified,electromagnetic,https://jackmcguireastro.github.io/ctas.html?event=65562bed-4e78-4de9-af00-1479e65e3508#dossier,https://www.wis-tns.org/object/2026aabi,,,,,,,
AT2026aabj,SIDEREAL,248.577458,32.834522,2000.0,2dce62f4-ff1e-4caf-adf6-cea36c03fea9,53.8,Unclassified,electromagnetic,https://jackmcguireastro.github.io/ctas.html?event=2dce62f4-ff1e-4caf-adf6-cea36c03fea9#dossier,https://www.wis-tns.org/object/2026aabj,,,,,,,
AT2026aabk,SIDEREAL,1.592125,41.786533,2000.0,3c9cbd33-4567-4e12-a539-68cdf03d6d28,53.25,Unclassified,electromagnetic,https://jackmcguireastro.github.io/ctas.html?event=3c9cbd33-4567-4e12-a539-68cdf03d6d28#dossier,https://www.wis-tns.org/object/2026aabk,,,,,,,
AT2026aabl,SIDEREAL,6.403,41.437822,2000.0,0c8f4366-6636-4fb6-b270-946dba0da721,55.08,Unclassified,electromagnetic,https://jackmcguireastro.github.io/ctas.html?event=0c8f4366-6636-4fb6-b270-946dba0da721#dossier,https://www.wis-tns.org/object/2026aabl,,,,,,,
AT2026aabm,SIDEREAL,24.9735,34.061222,2000.0,4a94c08f-7bab-47ae-9cfd-6fd71ae9ce83,54.43,Unclassified,electromagnetic,https://jackmcguireastro.github.io/ctas.html?event=4a94c08f-7bab-47ae-9cfd-6fd71ae9ce83#dossier,https://www.wis-tns.org/object/2026aabm,,,,,,,
AT2026aabn,SIDEREAL,24.1945,30.698264,2000.0,f2aa35bc-d0e2-411e-94b6-c1725d9af993,62.58,Unclassified,electromagnetic,https://jackmcguireastro.github.io/ctas.html?event=f2aa35bc-d0e2-411e-94b6-c1725d9af993#dossier,https://www.wis-tns.org/object/2026aabn,,,,,,,
AT2026zzi,SIDEREAL,318.3206882,0.9395291,2000.0,4dee4410-0004-47d1-a7cb-8155fb0cd034,76.06,Unclassified,electromagnetic,https://jackmcguireastro.github.io/ctas.html?event=4dee4410-0004-47d1-a7cb-8155fb0cd034#dossier,https://www.wis-tns.org/object/2026zzi,ZTF26abrfhhq,,,,,,
AT2026aaan,SIDEREAL,314.189073,12.496145,2000.0,90605905-d32b-4b75-ac1c-6463805a50eb,81.5,Unclassified,electromagnetic,https://jackmcguireastro.github.io/ctas.html?event=90605905-d32b-4b75-ac1c-6463805a50eb#dossier,https://www.wis-tns.org/object/2026aaan,,,,,,,
AT2026aaag,SIDEREAL,102.051301667,51.2356783333,2000.0,af67eb6a-f6a2-4a62-b819-6e82d2847b0d,67.23,Unclassified,electromagnetic,https://jackmcguireastro.github.io/ctas.html?event=af67eb6a-f6a2-4a62-b819-6e82d2847b0d#dossier,https://www.wis-tns.org/object/2026aaag,ATLAS26kpo,,,,,,
AT2026zzp,SIDEREAL,330.0355931,-22.6287948,2000.0,3ef79f42-32f6-43ca-ac0a-665d24d5c78d,78.12,Unclassified,electromagnetic,https://jackmcguireastro.github.io/ctas.html?event=3ef79f42-32f6-43ca-ac0a-665d24d5c78d#dossier,https://www.wis-tns.org/object/2026zzp,ZTF26abrfowl,,,,,,
AT2025omw,SIDEREAL,302.2198941,2.95975165,2000.0,5c47315b-a26d-433e-939e-9868bfec310d,58.38,Unclassified,electromagnetic,https://jackmcguireastro.github.io/ctas.html?event=5c47315b-a26d-433e-939e-9868bfec310d#dossier,https://www.wis-tns.org/object/2025omw,,,,,,,
AT2026aaaf,SIDEREAL,233.293481111,54.22764,2000.0,4f632683-4c50-4bce-9022-e95e4d1cb4cd,72.52,Unclassified,electromagnetic,https://jackmcguireastro.github.io/ctas.html?event=4f632683-4c50-4bce-9022-e95e4d1cb4cd#dossier,https://www.wis-tns.org/object/2026aaaf,ATLAS26kpn,,,,,,
AT2026aaad,SIDEREAL,287.035895,-23.599355,2000.0,b01844fa-3bc2-4f28-a578-e022a0bd7965,57.22,Unclassified,electromagnetic,https://jackmcguireastro.github.io/ctas.html?event=b01844fa-3bc2-4f28-a578-e022a0bd7965#dossier,https://www.wis-tns.org/object/2026aaad,,,,,,,
AT2026aaae,SIDEREAL,226.04333,40.811586,2000.0,beb5b459-eb4e-48ff-9698-11b71a03f2ab,74.34,Unclassified,electromagnetic,https://jackmcguireastro.github.io/ctas.html?event=beb5b459-eb4e-48ff-9698-11b71a03f2ab#dossier,https://www.wis-tns.org/object/2026aaae,,,,,,,
AT2026aaah,SIDEREAL,56.7528223077,-27.8404938462,2000.0,fe940cf2-d898-4570-9d03-d040e868fd50,58.81,Unclassified,electromagnetic,https://jackmcguireastro.github.io/ctas.html?event=fe940cf2-d898-4570-9d03-d040e868fd50#dossier,https://www.wis-tns.org/object/2026aaah,,,,,,,
AT2026aaai,SIDEREAL,12.8369625,-31.24322,2000.0,bacc49ad-61cf-45f5-9ec2-97d940ae3829,58.27,Unclassified,electromagnetic,https://jackmcguireastro.github.io/ctas.html?event=bacc49ad-61cf-45f5-9ec2-97d940ae3829#dossier,https://www.wis-tns.org/object/2026aaai,,,,,,,
AT2026zyt,SIDEREAL,73.966636,-20.581744,2000.0,c868a98c-9c64-41e4-ae34-a486abc507ee,58.18,Unclassified,electromagnetic,https://jackmcguireastro.github.io/ctas.html?event=c868a98c-9c64-41e4-ae34-a486abc507ee#dossier,https://www.wis-tns.org/object/2026zyt,,,,,,,
AT2026aaak,SIDEREAL,297.39135,-34.62463,2000.0,6e85fbf7-aa7a-4e73-9cdd-1a63f7b7a3f8,60.4,Unclassified,electromagnetic,https://jackmcguireastro.github.io/ctas.html?event=6e85fbf7-aa7a-4e73-9cdd-1a63f7b7a3f8#dossier,https://www.wis-tns.org/object/2026aaak,,,,,,,
AT2026aaal,SIDEREAL,49.3138296154,-26.1876696154,2000.0,e8b4ef6f-8130-4568-8ef8-52c7ac5c14f0,58.2,Unclassified,electromagnetic,https://jackmcguireastro.github.io/ctas.html?event=e8b4ef6f-8130-4568-8ef8-52c7ac5c14f0#dossier,https://www.wis-tns.org/object/2026aaal,,,,,,,
AT2026zyj,SIDEREAL,238.8785331,8.1784293,2000.0,487eb10f-77d5-4715-8ee5-57eb25f307dc,61.38,Unclassified,electromagnetic,https://jackmcguireastro.github.io/ctas.html?event=487eb10f-77d5-4715-8ee5-57eb25f307dc#dossier,https://www.wis-tns.org/object/2026zyj,ZTF26abrboaj,,,,,,
AT2026aaac,SIDEREAL,114.84075,34.412056,2000.0,7cd8d17f-1428-4812-928c-0f7a6417c88a,74.78,Unclassified,electromagnetic,https://jackmcguireastro.github.io/ctas.html?event=7cd8d17f-1428-4812-928c-0f7a6417c88a#dossier,https://www.wis-tns.org/object/2026aaac,,,,,,,
AT2026zzu,SIDEREAL,246.0973383,58.805741,2000.0,0f96080f-a080-4425-803f-de58af2b04d0,57.69,Unclassified,electromagnetic,https://jackmcguireastro.github.io/ctas.html?event=0f96080f-a080-4425-803f-de58af2b04d0#dossier,https://www.wis-tns.org/object/2026zzu,,,,,,,
AT2026zzv,SIDEREAL,322.696209,-6.165187,2000.0,8233a781-2c21-403d-b811-9a7759667115,81.37,Unclassified,electromagnetic,https://jackmcguireastro.github.io/ctas.html?event=8233a781-2c21-403d-b811-9a7759667115#dossier,https://www.wis-tns.org/object/2026zzv,,,,,,,
AT2026zzw,SIDEREAL,292.266178,-20.996443,2000.0,19aee680-340d-45f8-9a47-78f617872218,74.05,Unclassified,electromagnetic,https://jackmcguireastro.github.io/ctas.html?event=19aee680-340d-45f8-9a47-78f617872218#dossier,https://www.wis-tns.org/object/2026zzw,,,,,,,
AT2026zzx,SIDEREAL,233.517271,-18.450027,2000.0,96b8c0ff-fe1c-484e-bc43-b70315406717,65.39,Unclassified,electromagnetic,https://jackmcguireastro.github.io/ctas.html?event=96b8c0ff-fe1c-484e-bc43-b70315406717#dossier,https://www.wis-tns.org/object/2026zzx,,,,,,,
AT2026zzy,SIDEREAL,245.666775,-7.320446,2000.0,cf01ceca-e9d7-48ed-bee3-1a971347b1e7,57.38,Unclassified,electromagnetic,https://jackmcguireastro.github.io/ctas.html?event=cf01ceca-e9d7-48ed-bee3-1a971347b1e7#dossier,https://www.wis-tns.org/object/2026zzy,,,,,,,
AT2026zzz,SIDEREAL,25.569031,-38.593787,2000.0,8748ad08-e529-472e-9c97-682a2d688756,59.72,Unclassified,electromagnetic,https://jackmcguireastro.github.io/ctas.html?event=8748ad08-e529-472e-9c97-682a2d688756#dossier,https://www.wis-tns.org/object/2026zzz,,,,,,,
AT2026aaaa,SIDEREAL,83.506083,-34.316479,2000.0,9497c2d1-8a84-4432-947c-e2887a1c790f,60.19,Unclassified,electromagnetic,https://jackmcguireastro.github.io/ctas.html?event=9497c2d1-8a84-4432-947c-e2887a1c790f#dossier,https://www.wis-tns.org/object/2026aaaa,,,,,,,
AT2026aaab,SIDEREAL,5.504779,-1.211578,2000.0,f5967112-52c2-451d-b609-c5676839f4d7,55.72,Unclassified,electromagnetic,https://jackmcguireastro.github.io/ctas.html?event=f5967112-52c2-451d-b609-c5676839f4d7#dossier,https://www.wis-tns.org/object/2026aaab,,,,,,,
Chime-1175376814,SIDEREAL,190.8499865,45.9621155,2000.0,0d391797-8f33-49e8-b970-c64756d4c299,0.0,high-importance,radio,https://jackmcguireastro.github.io/ctas.html?event=0d391797-8f33-49e8-b970-c64756d4c299#dossier,,1175376814,,,,,,
AT2026zzh,SIDEREAL,322.5604814,-22.7146472,2000.0,4826cffd-ba9a-4284-bb92-6f3043512942,71.5,Unclassified,electromagnetic,https://jackmcguireastro.github.io/ctas.html?event=4826cffd-ba9a-4284-bb92-6f3043512942#dossier,https://www.wis-tns.org/object/2026zzh,ZTF26abrfhru,,,,,,
AT2026zzj,SIDEREAL,280.2628362,26.9371002,2000.0,e00c976c-17eb-4dd4-b993-feefa59ce5da,80.63,Unclassified,electromagnetic,https://jackmcguireastro.github.io/ctas.html?event=e00c976c-17eb-4dd4-b993-feefa59ce5da#dossier,https://www.wis-tns.org/object/2026zzj,,,,,,,
AT2026zzk,SIDEREAL,263.819525,51.1988158,2000.0,95a8c3a6-ed62-466e-98c4-853114ee74bf,55.85,Unclassified,electromagnetic,https://jackmcguireastro.github.io/ctas.html?event=95a8c3a6-ed62-466e-98c4-853114ee74bf#dossier,https://www.wis-tns.org/object/2026zzk,,,,,,,
AT2026zzl,SIDEREAL,308.707851,-14.3681503,2000.0,c08e516b-8262-462d-b79d-702468c35fb7,79.7,Unclassified,electromagnetic,https://jackmcguireastro.github.io/ctas.html?event=c08e516b-8262-462d-b79d-702468c35fb7#dossier,https://www.wis-tns.org/object/2026zzl,,,,,,,
AT2026zxs,SIDEREAL,252.4815616,27.8069317,2000.0,6f796c08-79d8-4bfa-aa23-ba7f36b82b65,54.47,Unclassified,electromagnetic,https://jackmcguireastro.github.io/ctas.html?event=6f796c08-79d8-4bfa-aa23-ba7f36b82b65#dossier,https://www.wis-tns.org/object/2026zxs,ATLAS26kok,,,,,,
AT2026zzm,SIDEREAL,255.8428717,47.5838912,2000.0,cbe860c8-6b0d-4952-ba25-ca89b4831fcc,79.83,Unclassified,electromagnetic,https://jackmcguireastro.github.io/ctas.html?event=cbe860c8-6b0d-4952-ba25-ca89b4831fcc#dossier,https://www.wis-tns.org/object/2026zzm,,,,,,,
AT2026zzn,SIDEREAL,232.438629,-1.1277633,2000.0,25f28081-d713-4774-8812-7d325fe46bc4,71.94,Unclassified,electromagnetic,https://jackmcguireastro.github.io/ctas.html?event=25f28081-d713-4774-8812-7d325fe46bc4#dossier,https://www.wis-tns.org/object/2026zzn,,,,,,,
AT2026zzo,SIDEREAL,232.1477108,8.030834,2000.0,5134afeb-1401-4d71-ab73-bf7a9dde2938,70.85,Unclassified,electromagnetic,https://jackmcguireastro.github.io/ctas.html?event=5134afeb-1401-4d71-ab73-bf7a9dde2938#dossier,https://www.wis-tns.org/object/2026zzo,,,,,,,
SN2026zyf,SIDEREAL,7.05962,30.802365,2000.0,8c40713d-6bfd-44f7-808f-34089c1dcdaf,47.67,SN IIP,electromagnetic,https://jackmcguireastro.github.io/ctas.html?event=8c40713d-6bfd-44f7-808f-34089c1dcdaf#dossier,https://www.wis-tns.org/object/2026zyf,AT2026zyf,2026zyf,ATLAS26koy,,,,
AT2026zzq,SIDEREAL,305.374802,58.1539288,2000.0,afe9b7f4-ee2f-4e47-a376-abdebb4c55dd,56.67,Unclassified,electromagnetic,https://jackmcguireastro.github.io/ctas.html?event=afe9b7f4-ee2f-4e47-a376-abdebb4c55dd#dossier,https://www.wis-tns.org/object/2026zzq,,,,,,,
AT2026zzr,SIDEREAL,240.1913543,5.3766699,2000.0,eef0deed-ee3a-4a8d-b03b-ebd96179f3e5,71.51,Unclassified,electromagnetic,https://jackmcguireastro.github.io/ctas.html?event=eef0deed-ee3a-4a8d-b03b-ebd96179f3e5#dossier,https://www.wis-tns.org/object/2026zzr,,,,,,,
AT2026zzs,SIDEREAL,232.6627956,3.4939254,2000.0,284982e9-36d8-47d4-87eb-46336946111f,72.75,Unclassified,electromagnetic,https://jackmcguireastro.github.io/ctas.html?event=284982e9-36d8-47d4-87eb-46336946111f#dossier,https://www.wis-tns.org/object/2026zzs,,,,,,,
AT2026zzt,SIDEREAL,234.7218823,6.5823565,2000.0,f033a1bb-2f57-4a68-a773-e8d572d8beb8,72.3,Unclassified,electromagnetic,https://jackmcguireastro.github.io/ctas.html?event=f033a1bb-2f57-4a68-a773-e8d572d8beb8#dossier,https://www.wis-tns.org/object/2026zzt,,,,,,,
AT2026zxx,SIDEREAL,115.6350995,20.3832504,2000.0,2ce4c4eb-dd3a-485e-9f34-e46ba0553883,51.11,Unclassified,electromagnetic,https://jackmcguireastro.github.io/ctas.html?event=2ce4c4eb-dd3a-485e-9f34-e46ba0553883#dossier,https://www.wis-tns.org/object/2026zxx,ZTF26abqmhrk,,,,,,
AT2026zzf,SIDEREAL,243.087833,-32.626694,2000.0,1b0fdd67-c22c-42ae-9d1e-ed48990b2a41,80.34,Unclassified,electromagnetic,https://jackmcguireastro.github.io/ctas.html?event=1b0fdd67-c22c-42ae-9d1e-ed48990b2a41#dossier,https://www.wis-tns.org/object/2026zzf,MASTER OT J161221.08-323736.1,,,,,,
AT2026zzb,SIDEREAL,66.938257,-33.622393,2000.0,1a06bfda-c87d-47ad-90fa-bf9bd82e1c25,59.94,Unclassified,electromagnetic,https://jackmcguireastro.github.io/ctas.html?event=1a06bfda-c87d-47ad-90fa-bf9bd82e1c25#dossier,https://www.wis-tns.org/object/2026zzb,GOTO26inx,,,,,,
AT2026zzg,SIDEREAL,87.001144,-20.905847,2000.0,6ed918be-b8b2-475f-a875-4bdbd5e7e8e1,59.17,Unclassified,electromagnetic,https://jackmcguireastro.github.io/ctas.html?event=6ed918be-b8b2-475f-a875-4bdbd5e7e8e1#dossier,https://www.wis-tns.org/object/2026zzg,,,,,,,
Chime-1175398455,SIDEREAL,279.218832,57.0698697,2000.0,b7729a61-cc26-49fb-bc81-6b836db55319,58.86,high-importance,radio,https://jackmcguireastro.github.io/ctas.html?event=b7729a61-cc26-49fb-bc81-6b836db55319#dossier,,1175398455,,,,,,
AT2026zxr,SIDEREAL,275.5384747,-14.9430888,2000.0,3f55528c-f552-4513-933b-9c982b8b675f,58.3,Unclassified,electromagnetic,https://jackmcguireastro.github.io/ctas.html?event=3f55528c-f552-4513-933b-9c982b8b675f#dossier,https://www.wis-tns.org/object/2026zxr,ZTF26abqwczz,,,,,,
AT2026zze,SIDEREAL,113.245042,17.157333,2000.0,3203d688-5b82-4eaa-b451-d4c45d69147b,85.4,Unclassified,electromagnetic,https://jackmcguireastro.github.io/ctas.html?event=3203d688-5b82-4eaa-b451-d4c45d69147b#dossier,https://www.wis-tns.org/object/2026zze,KATS26Q003,,,,,,
Chime-1175387085,SIDEREAL,247.2932704,2.4303292,2000.0,15cf8683-01e7-4855-9e89-cfbd70cef335,64.15,high-importance,radio,https://jackmcguireastro.github.io/ctas.html?event=15cf8683-01e7-4855-9e89-cfbd70cef335#dossier,,Chime-1175387082,1175387082,1175387085,,,,
AT2026zzd,SIDEREAL,274.826417,-14.061806,2000.0,53851b1d-9209-4827-a0ad-27fb9a126308,78.3,Unclassified,electromagnetic,https://jackmcguireastro.github.io/ctas.html?event=53851b1d-9209-4827-a0ad-27fb9a126308#dossier,https://www.wis-tns.org/object/2026zzd,,,,,,,
AT2026zzc,SIDEREAL,312.130958,-49.766312,2000.0,66643d02-2128-41b8-83e7-c51f3525fd01,57.48,Unclassified,electromagnetic,https://jackmcguireastro.github.io/ctas.html?event=66643d02-2128-41b8-83e7-c51f3525fd01#dossier,https://www.wis-tns.org/object/2026zzc,,,,,,,
AT2026zyp,SIDEREAL,242.5295373,1.3104059,2000.0,803ec2e2-a720-4313-815d-c9a511ecfd9b,66.26,Unclassified,electromagnetic,https://jackmcguireastro.github.io/ctas.html?event=803ec2e2-a720-4313-815d-c9a511ecfd9b#dossier,https://www.wis-tns.org/object/2026zyp,ZTF26abrboeo,,,,,,
AT2026zyw,SIDEREAL,46.029422,-59.205217,2000.0,d080e23d-2aa3-46f3-9326-534e5c832fda,61.42,Unclassified,electromagnetic,https://jackmcguireastro.github.io/ctas.html?event=d080e23d-2aa3-46f3-9326-534e5c832fda#dossier,https://www.wis-tns.org/object/2026zyw,GOTO26inf,,,,,,
SN2026wpd,SIDEREAL,22.085916666666666,40.2241,2000.0,1a6053f4-5660-4228-ad6a-c0a2f9c553f5,30.75,SN Ibn/Icn,electromagnetic,https://jackmcguireastro.github.io/ctas.html?event=1a6053f4-5660-4228-ad6a-c0a2f9c553f5#dossier,https://www.wis-tns.org/object/2026wpd,AT2026wpd,2026wpd,ATLAS26jiy,PS26hhk,ZTF26abliaof,,
AT2026zwi,SIDEREAL,239.2545299,45.4941502,2000.0,3b265b21-be1e-4363-ba94-7d4acf4f0b48,49.2,Unclassified,electromagnetic,https://jackmcguireastro.github.io/ctas.html?event=3b265b21-be1e-4363-ba94-7d4acf4f0b48#dossier,https://www.wis-tns.org/object/2026zwi,ZTF26abqvooo,,,,,,
AT2026zyz,SIDEREAL,358.366976,16.821015,2000.0,f50e4085-4688-4a41-89bf-ed93e3bebe9a,66.38,Unclassified,electromagnetic,https://jackmcguireastro.github.io/ctas.html?event=f50e4085-4688-4a41-89bf-ed93e3bebe9a#dossier,https://www.wis-tns.org/object/2026zyz,,,,,,,
AT2026zza,SIDEREAL,18.370276,11.81778,2000.0,2d560f86-081c-4c64-893f-4500d0f7fd70,56.65,Unclassified,electromagnetic,https://jackmcguireastro.github.io/ctas.html?event=2d560f86-081c-4c64-893f-4500d0f7fd70#dossier,https://www.wis-tns.org/object/2026zza,,,,,,,
AT2026zyo,SIDEREAL,315.3744623,-24.8764644,2000.0,d1a45eba-8ebc-4116-b7f4-686fb9f578ee,75.69,Unclassified,electromagnetic,https://jackmcguireastro.github.io/ctas.html?event=d1a45eba-8ebc-4116-b7f4-686fb9f578ee#dossier,https://www.wis-tns.org/object/2026zyo,ZTF26abrcudj,,,,,,
SN2026zkw,SIDEREAL,16.11325,6.153647,2000.0,21ed7048-5225-4d18-b9d7-e776e7e2033d,38.3,SN Ia-91T-like,electromagnetic,https://jackmcguireastro.github.io/ctas.html?event=21ed7048-5225-4d18-b9d7-e776e7e2033d#dossier,https://www.wis-tns.org/object/2026zkw,AT2026zkw,,,,,,
SN2026zeg,SIDEREAL,335.501942,3.652092,2000.0,1bfc21ee-bcc8-4cc3-89cd-5bbc19c49002,42.87,SN Ia,electromagnetic,https://jackmcguireastro.github.io/ctas.html?event=1bfc21ee-bcc8-4cc3-89cd-5bbc19c49002#dossier,https://www.wis-tns.org/object/2026zeg,AT2026zeg,,,,,,
SN2026ygx,SIDEREAL,322.8166672,7.0875914,2000.0,0dd2b6c9-d62b-469c-982c-38533fd6776a,45.45,SN II,electromagnetic,https://jackmcguireastro.github.io/ctas.html?event=0dd2b6c9-d62b-469c-982c-38533fd6776a#dossier,https://www.wis-tns.org/object/2026ygx,AT2026ygx,,,,,,
SN2026vqm,SIDEREAL,17.4130635478,-18.3047693938,2000.0,3b7bc7eb-567b-4e50-91e7-3e8dc5210a0e,44.62,SN Ia,electromagnetic,https://jackmcguireastro.github.io/ctas.html?event=3b7bc7eb-567b-4e50-91e7-3e8dc5210a0e#dossier,https://www.wis-tns.org/object/2026vqm,,,,,,,
SN2026uyo,SIDEREAL,52.5618211,3.0810287,2000.0,a5f80cc4-0ba0-4b26-8235-96b945517d1a,47.72,SN Ia,electromagnetic,https://jackmcguireastro.github.io/ctas.html?event=a5f80cc4-0ba0-4b26-8235-96b945517d1a#dossier,https://www.wis-tns.org/object/2026uyo,,,,,,,
SN2026qsm,SIDEREAL,36.7592922,12.3483047,2000.0,8d2e29d1-e2b5-4487-aba6-5cc13e0196d7,46.76,SN Ia-CSM,electromagnetic,https://jackmcguireastro.github.io/ctas.html?event=8d2e29d1-e2b5-4487-aba6-5cc13e0196d7#dossier,https://www.wis-tns.org/object/2026qsm,,,,,,,
SN2026ovw,SIDEREAL,30.9352547661,19.6913400858,2000.0,e1f6d142-d3b3-4ac6-b7b5-0db021983c04,47.98,SN II,electromagnetic,https://jackmcguireastro.github.io/ctas.html?event=e1f6d142-d3b3-4ac6-b7b5-0db021983c04#dossier,https://www.wis-tns.org/object/2026ovw,AT2026ovw,,,,,,
SN2026zej,SIDEREAL,358.1051193,11.4572733,2000.0,f68494b6-6c14-42d5-b211-9f227f2fd851,43.82,SN Ia,electromagnetic,https://jackmcguireastro.github.io/ctas.html?event=f68494b6-6c14-42d5-b211-9f227f2fd851#dossier,https://www.wis-tns.org/object/2026zej,AT2026zej,,,,,,
SN2026zef,SIDEREAL,1.8703840545455,-3.4147078909091,2000.0,40ce91b5-8397-42f4-bc94-0ab2d3ac475d,42.39,SN Ia,electromagnetic,https://jackmcguireastro.github.io/ctas.html?event=40ce91b5-8397-42f4-bc94-0ab2d3ac475d#dossier,https://www.wis-tns.org/object/2026zef,AT2026zef,,,,,,
SN2026zei,SIDEREAL,28.5817549,28.7954438,2000.0,c89435f9-595f-466a-b445-9216b92e2205,42.33,SN Ia,electromagnetic,https://jackmcguireastro.github.io/ctas.html?event=c89435f9-595f-466a-b445-9216b92e2205#dossier,https://www.wis-tns.org/object/2026zei,AT2026zei,,,,,,
SN2026yhf,SIDEREAL,339.6410646,4.9668492,2000.0,2faf3fb5-83b1-4cee-b0b4-8a31070bb7f8,43.93,SN Ia,electromagnetic,https://jackmcguireastro.github.io/ctas.html?event=2faf3fb5-83b1-4cee-b0b4-8a31070bb7f8#dossier,https://www.wis-tns.org/object/2026yhf,,,,,,,
SN2026ydy,SIDEREAL,335.61247331429,-2.8867830357143,2000.0,f4a3ae2d-b634-4167-8e0b-262197e2c04e,44.1,SN Ia,electromagnetic,https://jackmcguireastro.github.io/ctas.html?event=f4a3ae2d-b634-4167-8e0b-262197e2c04e#dossier,https://www.wis-tns.org/object/2026ydy,AT2026ydy,,,,,,
SN2026zdj,SIDEREAL,29.6571737,-8.5086582,2000.0,2655f531-4368-4812-8404-32288621f7ef,44.65,SN Ia,electromagnetic,https://jackmcguireastro.github.io/ctas.html?event=2655f531-4368-4812-8404-32288621f7ef#dossier,https://www.wis-tns.org/object/2026zdj,AT2026zdj,,,,,,
SN2026wlc,SIDEREAL,27.1371696161,10.5736842746,2000.0,8e944e6d-1926-406d-a3ff-5dec2f7f114f,45.05,SN II,electromagnetic,https://jackmcguireastro.github.io/ctas.html?event=8e944e6d-1926-406d-a3ff-5dec2f7f114f#dossier,https://www.wis-tns.org/object/2026wlc,,,,,,,
SN2026zyg,SIDEREAL,308.8761946,51.5900164,2000.0,18726abc-8fb1-47d8-9692-33a4a44e644f,51.47,SN II,electromagnetic,https://jackmcguireastro.github.io/ctas.html?event=18726abc-8fb1-47d8-9692-33a4a44e644f#dossier,https://www.wis-tns.org/object/2026zyg,AT2026zyg,2026zyg,ATLAS26koz,ZTF26abpgdyr,,,
AT2026zyx,SIDEREAL,80.127621,-36.311515,2000.0,1263bddf-c370-4d26-a05a-dd1d1db2f197,54.7,Unclassified,electromagnetic,https://jackmcguireastro.github.io/ctas.html?event=1263bddf-c370-4d26-a05a-dd1d1db2f197#dossier,https://www.wis-tns.org/object/2026zyx,GOTO26ina,,,,,,
Chime-1175199635,SIDEREAL,5.5123993,47.6181344,2000.0,ff653992-228b-4da4-afae-c124d5af827b,47.25,high-importance,radio,https://jackmcguireastro.github.io/ctas.html?event=ff653992-228b-4da4-afae-c124d5af827b#dossier,,1175199635,,,,,,
AT2026zms,SIDEREAL,45.9210862592,-1.68941538633,2000.0,502df2e7-0854-4c44-a87e-d741d16c5329,56.85,Unclassified,electromagnetic,https://jackmcguireastro.github.io/ctas.html?event=502df2e7-0854-4c44-a87e-d741d16c5329#dossier,https://www.wis-tns.org/object/2026zms,,,,,,,
Chime-1174868443,SIDEREAL,329.2707139,82.4366394,2000.0,1ea26918-6f18-45c5-a078-a7d264c21e8b,34.83,high-importance,radio,https://jackmcguireastro.github.io/ctas.html?event=1ea26918-6f18-45c5-a078-a7d264c21e8b#dossier,,1174868443,,,,,,
AT2026zyy,SIDEREAL,64.647029,-56.830891,2000.0,70e1ebcc-6565-4498-a9dd-cded89678ede,62.23,Unclassified,electromagnetic,https://jackmcguireastro.github.io/ctas.html?event=70e1ebcc-6565-4498-a9dd-cded89678ede#dossier,https://www.wis-tns.org/object/2026zyy,GOTO26imz,,,,,,
AT2026zyn,SIDEREAL,261.3876525,64.0473375,2000.0,7b5784d8-dd4b-4716-84cf-d5f05698b4e3,49.24,Unclassified,electromagnetic,https://jackmcguireastro.github.io/ctas.html?event=7b5784d8-dd4b-4716-84cf-d5f05698b4e3#dossier,https://www.wis-tns.org/object/2026zyn,ATLAS26kpb,,,,,,
Chime-1175321548,SIDEREAL,357.6706311,41.7864206,2000.0,93067bfd-0173-4ea5-8b3c-d3bfc1db92ac,55.39,high-importance,radio,https://jackmcguireastro.github.io/ctas.html?event=93067bfd-0173-4ea5-8b3c-d3bfc1db92ac#dossier,,1175321548,,,,,,
AT2026zyu,SIDEREAL,45.560851,-26.664205,2000.0,1122b13e-17cd-4e4b-9a56-2739e4dad9f4,55.57,Unclassified,electromagnetic,https://jackmcguireastro.github.io/ctas.html?event=1122b13e-17cd-4e4b-9a56-2739e4dad9f4#dossier,https://www.wis-tns.org/object/2026zyu,,,,,,,
AT2026zyv,SIDEREAL,27.78698,-58.758292,2000.0,021d3467-a3b1-4e2c-81ad-1e45a2788b77,56.18,Unclassified,electromagnetic,https://jackmcguireastro.github.io/ctas.html?event=021d3467-a3b1-4e2c-81ad-1e45a2788b77#dossier,https://www.wis-tns.org/object/2026zyv,,,,,,,
SN2026xbz,SIDEREAL,347.465665279,-3.79159360388,2000.0,74279a94-837b-4afd-aeba-15687c7e6fce,45.67,SN Ia,electromagnetic,https://jackmcguireastro.github.io/ctas.html?event=74279a94-837b-4afd-aeba-15687c7e6fce#dossier,https://www.wis-tns.org/object/2026xbz,AT2026xbz,,,,,,
SN2026pby,SIDEREAL,357.63784981,-19.2337506469,2000.0,3ebedf12-274e-4ab7-8515-5c0fee1b0f7d,46.68,SN Ia-91T-like,electromagnetic,https://jackmcguireastro.github.io/ctas.html?event=3ebedf12-274e-4ab7-8515-5c0fee1b0f7d#dossier,https://www.wis-tns.org/object/2026pby,,,,,,,
AT2026znh,SIDEREAL,41.8560833333,-32.9761166667,2000.0,569d6362-e3bb-4e93-b3de-82440032155f,55.83,Unclassified,electromagnetic,https://jackmcguireastro.github.io/ctas.html?event=569d6362-e3bb-4e93-b3de-82440032155f#dossier,https://www.wis-tns.org/object/2026znh,,,,,,,
SN2026zke,SIDEREAL,12.4307843,-19.735691,2000.0,5ef384fb-e293-4319-ac29-4c6dc25a6a20,41.92,SN Ia-91T-like,electromagnetic,https://jackmcguireastro.github.io/ctas.html?event=5ef384fb-e293-4319-ac29-4c6dc25a6a20#dossier,https://www.wis-tns.org/object/2026zke,AT2026zke,,,,,,
AT2026zym,SIDEREAL,313.4911018,76.5752239,2000.0,754061c1-9363-4b19-b5b8-7161c28ba6d6,65.61,Unclassified,electromagnetic,https://jackmcguireastro.github.io/ctas.html?event=754061c1-9363-4b19-b5b8-7161c28ba6d6#dossier,https://www.wis-tns.org/object/2026zym,ZTF26abrbxyb,,,,,,
Einstein Probe-01709291839,SIDEREAL,267.198,-20.377,2000.0,3ae5b8af-3e8d-41d0-bb13-e4b672f90900,51.63,Unclassified,x-ray,https://jackmcguireastro.github.io/ctas.html?event=3ae5b8af-3e8d-41d0-bb13-e4b672f90900#dossier,,01709291839,,,,,,
AT2026zxw,SIDEREAL,116.3563573,23.9919208,2000.0,5d490fbb-3a74-408e-85c7-5340731a52df,48.69,Unclassified,electromagnetic,https://jackmcguireastro.github.io/ctas.html?event=5d490fbb-3a74-408e-85c7-5340731a52df#dossier,https://www.wis-tns.org/object/2026zxw,,,,,,,
AT2026zys,SIDEREAL,237.07417885412,18.68185056754,2000.0,72a1d3dd-e76f-4959-8178-088e6571c901,70.12,Unclassified,electromagnetic,https://jackmcguireastro.github.io/ctas.html?event=72a1d3dd-e76f-4959-8178-088e6571c901#dossier,https://www.wis-tns.org/object/2026zys,ATLAS26kpg,PS26hks,,,,,
AT2026zyk,SIDEREAL,25.2839317,33.1853909,2000.0,9f5866ae-3de6-4a16-8505-78b22a159d55,63.04,Unclassified,electromagnetic,https://jackmcguireastro.github.io/ctas.html?event=9f5866ae-3de6-4a16-8505-78b22a159d55#dossier,https://www.wis-tns.org/object/2026zyk,ATLAS26kpa,,,,,,
AT2026zyq,SIDEREAL,17.2421607,50.6158848,2000.0,8fdd30c0-9f3a-405c-8e03-2c1e5ccbd21c,57.32,Unclassified,electromagnetic,https://jackmcguireastro.github.io/ctas.html?event=8fdd30c0-9f3a-405c-8e03-2c1e5ccbd21c#dossier,https://www.wis-tns.org/object/2026zyq,,,,,,,
AT2026zyr,SIDEREAL,21.2479318,36.6102468,2000.0,7e4919fc-df8c-4f87-9cd3-32e11067c4b1,56.1,Unclassified,electromagnetic,https://jackmcguireastro.github.io/ctas.html?event=7e4919fc-df8c-4f87-9cd3-32e11067c4b1#dossier,https://www.wis-tns.org/object/2026zyr,,,,,,,
AT2026ziq,SIDEREAL,320.62986429081,-36.681557234501,2000.0,a0ba6594-d0f5-4890-8f06-8ac4ac54b9aa,62.32,Unclassified,electromagnetic,https://jackmcguireastro.github.io/ctas.html?event=a0ba6594-d0f5-4890-8f06-8ac4ac54b9aa#dossier,https://www.wis-tns.org/object/2026ziq,GOTO26iic,,,,,,
AT2026xzq,SIDEREAL,3.410417,3.755939,2000.0,9982c3aa-49ab-44ae-bd77-60323fb9860b,56.95,Unclassified,electromagnetic,https://jackmcguireastro.github.io/ctas.html?event=9982c3aa-49ab-44ae-bd77-60323fb9860b#dossier,https://www.wis-tns.org/object/2026xzq,,,,,,,
AT2026yuq,SIDEREAL,358.04333144038,3.8968541205567,2000.0,4246858e-c6df-46b5-811c-d7beb6de2cad,50.85,Unclassified,electromagnetic,https://jackmcguireastro.github.io/ctas.html?event=4246858e-c6df-46b5-811c-d7beb6de2cad#dossier,https://www.wis-tns.org/object/2026yuq,,,,,,,
SN2026wsy,SIDEREAL,274.1067975,-71.58615,2000.0,62846b80-4339-40e4-87e7-dc9b7a245eae,30.17,SN II,electromagnetic,https://jackmcguireastro.github.io/ctas.html?event=62846b80-4339-40e4-87e7-dc9b7a245eae#dossier,https://www.wis-tns.org/object/2026wsy,AT2026wsy,ATLAS26jja,,,,,
SN2026wrs,SIDEREAL,232.578167,29.210828,2000.0,509d18c5-c6c5-4ece-96af-65155c22b927,45.12,SN Ia,electromagnetic,https://jackmcguireastro.github.io/ctas.html?event=509d18c5-c6c5-4ece-96af-65155c22b927#dossier,https://www.wis-tns.org/object/2026wrs,AT2026wrs,,,,,,
AT2026zwo,SIDEREAL,285.695471923,58.1391357692,2000.0,bd08fd81-165c-4e1c-b8a0-5996064edb5e,61.4,Unclassified,electromagnetic,https://jackmcguireastro.github.io/ctas.html?event=bd08fd81-165c-4e1c-b8a0-5996064edb5e#dossier,https://www.wis-tns.org/object/2026zwo,KATS26Q001,,,,,,
AT2026zyl,SIDEREAL,223.9492406,56.2491695,2000.0,efab2d3d-dd90-41b7-9546-2eb0106769c5,56.82,Unclassified,electromagnetic,https://jackmcguireastro.github.io/ctas.html?event=efab2d3d-dd90-41b7-9546-2eb0106769c5#dossier,https://www.wis-tns.org/object/2026zyl,,,,,,,
AT2026zyd,SIDEREAL,29.36,3.646308,2000.0,395bc8a8-4f3c-4ef1-a505-8ebe55ce028d,43.97,Unclassified,electromagnetic,https://jackmcguireastro.github.io/ctas.html?event=395bc8a8-4f3c-4ef1-a505-8ebe55ce028d#dossier,https://www.wis-tns.org/object/2026zyd,WFST260823ajbjj,,,,,,
AT2026zuu,SIDEREAL,312.7403649,7.6585498,2000.0,03790610-7fc8-42ec-8af7-2424a82d98c9,51.37,Unclassified,electromagnetic,https://jackmcguireastro.github.io/ctas.html?event=03790610-7fc8-42ec-8af7-2424a82d98c9#dossier,https://www.wis-tns.org/object/2026zuu,,,,,,,
SN2026zwk,SIDEREAL,251.9229282,44.9055839,2000.0,37dfc7b0-c0be-453d-b03a-4938891ae5b8,46.43,SN Ia,electromagnetic,https://jackmcguireastro.github.io/ctas.html?event=37dfc7b0-c0be-453d-b03a-4938891ae5b8#dossier,https://www.wis-tns.org/object/2026zwk,AT2026zwk,,,,,,
AT2026zyi,SIDEREAL,300.1857473,50.0742541,2000.0,f7673e55-6676-4fd1-8430-c9e50b638b3e,57.93,Unclassified,electromagnetic,https://jackmcguireastro.github.io/ctas.html?event=f7673e55-6676-4fd1-8430-c9e50b638b3e#dossier,https://www.wis-tns.org/object/2026zyi,,,,,,,
AT2026zxh,SIDEREAL,29.8111923,24.4879036,2000.0,675f7824-61e4-439a-afe9-7129e533179a,49.69,Unclassified,electromagnetic,https://jackmcguireastro.github.io/ctas.html?event=675f7824-61e4-439a-afe9-7129e533179a#dossier,https://www.wis-tns.org/object/2026zxh,ZTF26abqzkkl,,,,,,
Chime-1175265241,SIDEREAL,221.2839885,71.6808654,2000.0,3d89bdfe-81dd-4bba-8dcb-9278b55898a4,59.16,high-importance,radio,https://jackmcguireastro.github.io/ctas.html?event=3d89bdfe-81dd-4bba-8dcb-9278b55898a4#dossier,,1175265241,,,,,,
AT2026ypj,SIDEREAL,256.278634,77.276834,2000.0,35fbc762-a09e-4476-a238-568b6916d118,48.52,Unclassified,electromagnetic,https://jackmcguireastro.github.io/ctas.html?event=35fbc762-a09e-4476-a238-568b6916d118#dossier,https://www.wis-tns.org/object/2026ypj,ATLAS26jvz,,,,,,
AT2026zxy,SIDEREAL,63.9225707,-0.9286109,2000.0,f748054d-85a0-47be-8eef-26f7867d3c2c,70.8,Unclassified,electromagnetic,https://jackmcguireastro.github.io/ctas.html?event=f748054d-85a0-47be-8eef-26f7867d3c2c#dossier,https://www.wis-tns.org/object/2026zxy,ZTF26abrbfxe,,,,,,
Chime-1175141311,SIDEREAL,221.4262473,71.6957544,2000.0,04bcee30-daf2-4e72-b6a6-2f346cd68f20,52.36,high-importance,radio,https://jackmcguireastro.github.io/ctas.html?event=04bcee30-daf2-4e72-b6a6-2f346cd68f20#dossier,,1175141311,,,,,,
AT2026zyh,SIDEREAL,55.5674423,-4.7308554,2000.0,ead04d9a-db1c-4bf0-8f12-5674b7f0a209,57.6,Unclassified,electromagnetic,https://jackmcguireastro.github.io/ctas.html?event=ead04d9a-db1c-4bf0-8f12-5674b7f0a209#dossier,https://www.wis-tns.org/object/2026zyh,ZTF22abjpmme,,,,,,
1A 0535-66 (1A 0538-66),SIDEREAL,83.013,-66.791,2000.0,baa9b88a-f3df-4f32-b567-506f0ea0f8f3,73.09,Unclassified,x-ray,https://jackmcguireastro.github.io/ctas.html?event=baa9b88a-f3df-4f32-b567-506f0ea0f8f3#dossier,,1280437444,,,,,,
AT2026zxz,SIDEREAL,6.8101678,57.3982103,2000.0,f3b52d0f-4d75-4ab5-ad93-4740a71c59f2,58.02,Unclassified,electromagnetic,https://jackmcguireastro.github.io/ctas.html?event=f3b52d0f-4d75-4ab5-ad93-4740a71c59f2#dossier,https://www.wis-tns.org/object/2026zxz,,,,,,,
AT2026zya,SIDEREAL,19.054708,4.700603,2000.0,3daca046-d1e1-4926-b5f6-c90384d3aaeb,52.35,Unclassified,electromagnetic,https://jackmcguireastro.github.io/ctas.html?event=3daca046-d1e1-4926-b5f6-c90384d3aaeb#dossier,https://www.wis-tns.org/object/2026zya,,,,,,,
AT2026zyb,SIDEREAL,15.002083,1.265578,2000.0,b5231f86-9c76-44f3-8b3e-fb95b4cbfdee,49.67,Unclassified,electromagnetic,https://jackmcguireastro.github.io/ctas.html?event=b5231f86-9c76-44f3-8b3e-fb95b4cbfdee#dossier,https://www.wis-tns.org/object/2026zyb,,,,,,,
AT2026zyc,SIDEREAL,34.167625,-0.483147,2000.0,54294d94-23ae-4096-89a3-691eb8181896,53.33,Unclassified,electromagnetic,https://jackmcguireastro.github.io/ctas.html?event=54294d94-23ae-4096-89a3-691eb8181896#dossier,https://www.wis-tns.org/object/2026zyc,,,,,,,
AT2026zye,SIDEREAL,20.208667,4.745072,2000.0,6a881af4-a01d-415b-bdbd-31c12bdf432b,63.22,Unclassified,electromagnetic,https://jackmcguireastro.github.io/ctas.html?event=6a881af4-a01d-415b-bdbd-31c12bdf432b#dossier,https://www.wis-tns.org/object/2026zye,,,,,,,
AT2026zxm,SIDEREAL,22.411042,1.021814,2000.0,14c69d23-4d61-43a0-843c-8544a4d44a68,41.69,Unclassified,electromagnetic,https://jackmcguireastro.github.io/ctas.html?event=14c69d23-4d61-43a0-843c-8544a4d44a68#dossier,https://www.wis-tns.org/object/2026zxm,WFST260821besej,,,,,,
AT2026zxo,SIDEREAL,29.719917,-2.295889,2000.0,72805a20-009d-4502-bb68-cada91d20621,51.51,Unclassified,electromagnetic,https://jackmcguireastro.github.io/ctas.html?event=72805a20-009d-4502-bb68-cada91d20621#dossier,https://www.wis-tns.org/object/2026zxo,MASTER OT J015852.72-021745.4,MASTER OT J015852.78-021745.2,,,,,
AT2026zvb,SIDEREAL,337.0584833,4.7479149,2000.0,3221f3bd-76be-402e-878b-23b520b51034,49.46,Unclassified,electromagnetic,https://jackmcguireastro.github.io/ctas.html?event=3221f3bd-76be-402e-878b-23b520b51034#dossier,https://www.wis-tns.org/object/2026zvb,ZTF26abqhovk,,,,,,
AT2026zxv,SIDEREAL,34.8762869,-5.5144255,2000.0,8dafb817-0ad0-4e96-a8d3-62bb5dc0bd93,58.76,Unclassified,electromagnetic,https://jackmcguireastro.github.io/ctas.html?event=8dafb817-0ad0-4e96-a8d3-62bb5dc0bd93#dossier,https://www.wis-tns.org/object/2026zxv,,,,,,,
AT2026zxu,SIDEREAL,220.44244,-27.5060325,2000.0,ab2c5e93-8412-4e96-ad61-a1f3852fed68,50.93,Unclassified,electromagnetic,https://jackmcguireastro.github.io/ctas.html?event=ab2c5e93-8412-4e96-ad61-a1f3852fed68#dossier,https://www.wis-tns.org/object/2026zxu,ATLAS26kom,,,,,,
Chime-1175090004,SIDEREAL,159.3852042,44.8013958,2000.0,86be3fb9-9f3a-4d71-b39d-9e188a06d5e4,0.0,high-importance,radio,https://jackmcguireastro.github.io/ctas.html?event=86be3fb9-9f3a-4d71-b39d-9e188a06d5e4#dossier,,1175090004,,,,,,
Chime-1175085329,SIDEREAL,140.8501401,-4.193911,2000.0,9b23029c-b7ba-49eb-9f15-fa26fa01ef8e,0.0,high-importance,radio,https://jackmcguireastro.github.io/ctas.html?event=9b23029c-b7ba-49eb-9f15-fa26fa01ef8e#dossier,,Chime-1175085306,Chime-1175085307,1175085306,1175085307,1175085329,,
AT2026zxt,SIDEREAL,11.2390003333,21.3821216667,2000.0,f160e89b-d907-4e21-bae5-0bc243cca8aa,60.29,Unclassified,electromagnetic,https://jackmcguireastro.github.io/ctas.html?event=f160e89b-d907-4e21-bae5-0bc243cca8aa#dossier,https://www.wis-tns.org/object/2026zxt,,,,,,,
XRB from 4U 1700+24,SIDEREAL,256.06,24.009,2000.0,934626ef-7c83-4619-b578-9764fb757624,64.94,Unclassified,x-ray,https://jackmcguireastro.github.io/ctas.html?event=934626ef-7c83-4619-b578-9764fb757624#dossier,,1279310912,,,,,,
AT2026zhu,SIDEREAL,17.6740415233,-15.5165108257,2000.0,073f5926-08cb-4c28-be0b-6049c09affb3,57.68,Unclassified,electromagnetic,https://jackmcguireastro.github.io/ctas.html?event=073f5926-08cb-4c28-be0b-6049c09affb3#dossier,https://www.wis-tns.org/object/2026zhu,ATLAS26kjg,GOTO26iij,,,,,
AT2026yvq,SIDEREAL,345.403963395,21.1184386562,2000.0,1f32ccf8-e138-4bb3-90b3-8683e082923f,54.43,Unclassified,electromagnetic,https://jackmcguireastro.github.io/ctas.html?event=1f32ccf8-e138-4bb3-90b3-8683e082923f#dossier,https://www.wis-tns.org/object/2026yvq,,,,,,,
AT2026ytx,SIDEREAL,11.8987682719,3.62190705245,2000.0,64c87aa4-ddef-4415-9db1-b6df403d4beb,55.15,Unclassified,electromagnetic,https://jackmcguireastro.github.io/ctas.html?event=64c87aa4-ddef-4415-9db1-b6df403d4beb#dossier,https://www.wis-tns.org/object/2026ytx,,,,,,,
AT2026ycp,SIDEREAL,237.159342973,20.0104341337,2000.0,83cc404c-9daa-4336-8a52-938bae99bdc8,55.7,Unclassified,electromagnetic,https://jackmcguireastro.github.io/ctas.html?event=83cc404c-9daa-4336-8a52-938bae99bdc8#dossier,https://www.wis-tns.org/object/2026ycp,,,,,,,
AT2026vfl,SIDEREAL,2.79670244169,-25.2909995066,2000.0,0d713f02-4293-4da0-9f53-d3c07ab59543,56.58,Unclassified,electromagnetic,https://jackmcguireastro.github.io/ctas.html?event=0d713f02-4293-4da0-9f53-d3c07ab59543#dossier,https://www.wis-tns.org/object/2026vfl,,,,,,,
AT2026zxp,SIDEREAL,18.2748134531,41.5949489487,2000.0,2e75a8eb-9a24-414a-b5bb-174969d6a155,54.98,Unclassified,electromagnetic,https://jackmcguireastro.github.io/ctas.html?event=2e75a8eb-9a24-414a-b5bb-174969d6a155#dossier,https://www.wis-tns.org/object/2026zxp,,,,,,,
AT2026zxq,SIDEREAL,256.648299221,35.6077794816,2000.0,89107cab-6a34-4ab9-b3d2-523975801a55,52.35,Unclassified,electromagnetic,https://jackmcguireastro.github.io/ctas.html?event=89107cab-6a34-4ab9-b3d2-523975801a55#dossier,https://www.wis-tns.org/object/2026zxq,,,,,,,
Chime-1174394828,SIDEREAL,293.6026138,34.7450436,2000.0,0c2a6af9-6ee5-4c0b-9af8-acce58e19c02,35.43,high-importance,radio,https://jackmcguireastro.github.io/ctas.html?event=0c2a6af9-6ee5-4c0b-9af8-acce58e19c02#dossier,,1174394828,,,,,,
Chime-1175095172,SIDEREAL,165.8780172,72.553602,2000.0,b36bfe8c-d782-400c-a2f5-0c2d932b30f0,69.96,high-importance,radio,https://jackmcguireastro.github.io/ctas.html?event=b36bfe8c-d782-400c-a2f5-0c2d932b30f0#dossier,,1175095172,,,,,,
AT2026yxd,SIDEREAL,235.722567222,-23.65871,2000.0,2d9d7e35-7c68-400c-9c40-32d38a8b36b4,49.06,Unclassified,electromagnetic,https://jackmcguireastro.github.io/ctas.html?event=2d9d7e35-7c68-400c-9c40-32d38a8b36b4#dossier,https://www.wis-tns.org/object/2026yxd,ATLAS26kaf,GOTO26iml,,,,,
AT2026zma,SIDEREAL,38.1580473,-12.5319604,2000.0,c22f13cd-6af1-4619-bb17-6a0f0c8bb934,47.02,Unclassified,electromagnetic,https://jackmcguireastro.github.io/ctas.html?event=c22f13cd-6af1-4619-bb17-6a0f0c8bb934#dossier,https://www.wis-tns.org/object/2026zma,,,,,,,
AT2026vho,SIDEREAL,56.288406349564,-3.9577532015285,2000.0,dee18f97-8a18-4ab1-ac66-e2a9ad8c6d51,63.67,Unclassified,electromagnetic,https://jackmcguireastro.github.io/ctas.html?event=dee18f97-8a18-4ab1-ac66-e2a9ad8c6d51#dossier,https://www.wis-tns.org/object/2026vho,,,,,,,
AT2026xcu,SIDEREAL,275.335974444,74.6384255556,2000.0,32759f70-1187-48f8-bc54-10adc8c573a4,58.01,Unclassified,electromagnetic,https://jackmcguireastro.github.io/ctas.html?event=32759f70-1187-48f8-bc54-10adc8c573a4#dossier,https://www.wis-tns.org/object/2026xcu,ATLAS26jnf,,,,,,
AT2026ztv,SIDEREAL,354.940125,2.236453,2000.0,2d7da9a0-9163-427a-9d78-e4bdfd25d3dd,41.21,Unclassified,electromagnetic,https://jackmcguireastro.github.io/ctas.html?event=2d7da9a0-9163-427a-9d78-e4bdfd25d3dd#dossier,https://www.wis-tns.org/object/2026ztv,WFST260821apduf,,,,,,
AT2026zxj,SIDEREAL,227.215761667,40.711655,2000.0,d20cfe21-b11d-455b-880e-c1c1ea9a75e0,74.57,Unclassified,electromagnetic,https://jackmcguireastro.github.io/ctas.html?event=d20cfe21-b11d-455b-880e-c1c1ea9a75e0#dossier,https://www.wis-tns.org/object/2026zxj,ATLAS26koi,,,,,,
AT2026zxn,SIDEREAL,3.273292,18.217475,2000.0,0118a60c-878c-4f56-bfb9-1865be0fd74f,73.88,Unclassified,electromagnetic,https://jackmcguireastro.github.io/ctas.html?event=0118a60c-878c-4f56-bfb9-1865be0fd74f#dossier,https://www.wis-tns.org/object/2026zxn,WFST260818anrsv,,,,,,
SN2026yly,SIDEREAL,138.409042,76.471694,2000.0,2c3305fb-a76e-40ae-b6fc-e8f4d30edea1,49.0,SN II,electromagnetic,https://jackmcguireastro.github.io/ctas.html?event=2c3305fb-a76e-40ae-b6fc-e8f4d30edea1#dossier,https://www.wis-tns.org/object/2026yly,AT2026yly,DRSN135,IKBFU-DRSN135,,,,
AT2026zcl,SIDEREAL,351.984167,8.779417,2000.0,2e7a3437-8000-4270-b81b-ec05a2622cc9,48.66,Unclassified,electromagnetic,https://jackmcguireastro.github.io/ctas.html?event=2e7a3437-8000-4270-b81b-ec05a2622cc9#dossier,https://www.wis-tns.org/object/2026zcl,,,,,,,
AT2026yzm,SIDEREAL,192.579241667,-32.207705,2000.0,2dcf0398-e3ad-4bdc-9645-a73ee56ab6f6,54.24,Unclassified,electromagnetic,https://jackmcguireastro.github.io/ctas.html?event=2dcf0398-e3ad-4bdc-9645-a73ee56ab6f6#dossier,https://www.wis-tns.org/object/2026yzm,ATLAS26kby,,,,,,
AT2026woo,SIDEREAL,242.8160146,-24.9312202,2000.0,30617eb0-8278-4d8b-9111-0b28dc019757,55.78,Unclassified,electromagnetic,https://jackmcguireastro.github.io/ctas.html?event=30617eb0-8278-4d8b-9111-0b28dc019757#dossier,https://www.wis-tns.org/object/2026woo,ZTF26abkurzs,,,,,,
AT2026zwt,SIDEREAL,344.6626324,-24.9353718,2000.0,539ce56e-f47d-45fa-a845-fc9e74a0b2c0,54.73,Unclassified,electromagnetic,https://jackmcguireastro.github.io/ctas.html?event=539ce56e-f47d-45fa-a845-fc9e74a0b2c0#dossier,https://www.wis-tns.org/object/2026zwt,,,,,,,
AT2026zxk,SIDEREAL,344.333667,-0.258244,2000.0,9b7331c0-f28b-44d5-9434-d0ba25dbf502,51.42,Unclassified,electromagnetic,https://jackmcguireastro.github.io/ctas.html?event=9b7331c0-f28b-44d5-9434-d0ba25dbf502#dossier,https://www.wis-tns.org/object/2026zxk,,,,,,,
AT2026zxl,SIDEREAL,356.120625,0.017311,2000.0,8327ef6c-a95c-4c0f-bb29-a23f9c02d471,51.15,Unclassified,electromagnetic,https://jackmcguireastro.github.io/ctas.html?event=8327ef6c-a95c-4c0f-bb29-a23f9c02d471#dossier,https://www.wis-tns.org/object/2026zxl,,,,,,,
AT2026zwj,SIDEREAL,32.361835,37.2613833333,2000.0,081ba1e9-26bc-4e3c-a40c-28101d7d06bc,62.8,Unclassified,electromagnetic,https://jackmcguireastro.github.io/ctas.html?event=081ba1e9-26bc-4e3c-a40c-28101d7d06bc#dossier,https://www.wis-tns.org/object/2026zwj,PSP26Q,,,,,,
AT2026zkh,SIDEREAL,21.38468,-38.569905,2000.0,312b4398-22e6-452e-8af9-fd2e9dccb23a,49.48,Unclassified,electromagnetic,https://jackmcguireastro.github.io/ctas.html?event=312b4398-22e6-452e-8af9-fd2e9dccb23a#dossier,https://www.wis-tns.org/object/2026zkh,ATLAS26klm,GOTO26ijs,,,,,
AT2026xky,SIDEREAL,1.36472857143,-46.3127557143,2000.0,2b28ca18-fdf0-4b8e-a859-53382f3f6a20,51.63,Unclassified,electromagnetic,https://jackmcguireastro.github.io/ctas.html?event=2b28ca18-fdf0-4b8e-a859-53382f3f6a20#dossier,https://www.wis-tns.org/object/2026xky,ATLAS26joc,GOTO26hsb,,,,,
AT2026zof,SIDEREAL,30.161348,-25.516663,2000.0,28d46e13-9916-45c6-8aa7-652da9578b9e,48.55,Unclassified,electromagnetic,https://jackmcguireastro.github.io/ctas.html?event=28d46e13-9916-45c6-8aa7-652da9578b9e#dossier,https://www.wis-tns.org/object/2026zof,GOTO26ijl,,,,,,
AT2026wyc,SIDEREAL,342.461958,-46.602472,2000.0,2ec14458-4aa8-472f-8d41-098e083057df,54.78,Unclassified,electromagnetic,https://jackmcguireastro.github.io/ctas.html?event=2ec14458-4aa8-472f-8d41-098e083057df#dossier,https://www.wis-tns.org/object/2026wyc,MASTER OT J224950.87-463608.9,,,,,,
SN2026pel,SIDEREAL,250.31482499999996,39.28708611111111,2000.0,281e392a-2839-4c0b-9d87-bbab771dbf0c,37.76,SN Ia-91T-like,electromagnetic,https://jackmcguireastro.github.io/ctas.html?event=281e392a-2839-4c0b-9d87-bbab771dbf0c#dossier,,AT2026pel,2026pel,ATLAS26hgn,GOTO26fym,GSNST-26ea,PS26bxl,ZTF26abblsak
AT2026yyt,SIDEREAL,114.8989642,33.3285596,2000.0,1830e62a-3247-4782-8820-3140717c20a8,49.81,Unclassified,electromagnetic,https://jackmcguireastro.github.io/ctas.html?event=1830e62a-3247-4782-8820-3140717c20a8#dossier,https://www.wis-tns.org/object/2026yyt,ZTF26aboleez,,,,,,
AT2026zxi,SIDEREAL,249.35513771025,2.0412646540499,2000.0,e87505ed-7fe4-4395-90e0-9958a9f588cc,53.12,Unclassified,electromagnetic,https://jackmcguireastro.github.io/ctas.html?event=e87505ed-7fe4-4395-90e0-9958a9f588cc#dossier,https://www.wis-tns.org/object/2026zxi,,,,,,,
AT2026sra,SIDEREAL,346.56510427389,-13.248286788276,2000.0,f02eb2b0-e967-44da-95b5-ab0113beb6d2,56.1,Unclassified,electromagnetic,https://jackmcguireastro.github.io/ctas.html?event=f02eb2b0-e967-44da-95b5-ab0113beb6d2#dossier,https://www.wis-tns.org/object/2026sra,,,,,,,
AT2026zoa,SIDEREAL,34.114664,-59.942956,2000.0,ee32f153-100e-4748-9955-4aa3087a7860,54.67,Unclassified,electromagnetic,https://jackmcguireastro.github.io/ctas.html?event=ee32f153-100e-4748-9955-4aa3087a7860#dossier,https://www.wis-tns.org/object/2026zoa,ATLAS26kmj,,,,,,
AT2026ygl,SIDEREAL,321.44259643555,18.840980529785,2000.0,1bf2a89d-c97f-4a7f-8278-4a997898fd12,57.38,Unclassified,electromagnetic,https://jackmcguireastro.github.io/ctas.html?event=1bf2a89d-c97f-4a7f-8278-4a997898fd12#dossier,https://www.wis-tns.org/object/2026ygl,,,,,,,
AT2026zot,SIDEREAL,111.2801675,-63.53721,2000.0,2335de0c-4fb2-4b0a-a8a6-b0fde3076ddf,51.0,Unclassified,electromagnetic,https://jackmcguireastro.github.io/ctas.html?event=2335de0c-4fb2-4b0a-a8a6-b0fde3076ddf#dossier,https://www.wis-tns.org/object/2026zot,ATLAS26kmt,,,,,,
AT2026ywf,SIDEREAL,42.2657775,-71.01670875,2000.0,277068ae-3ed0-4754-b35e-ef165de55b74,50.81,Unclassified,electromagnetic,https://jackmcguireastro.github.io/ctas.html?event=277068ae-3ed0-4754-b35e-ef165de55b74#dossier,https://www.wis-tns.org/object/2026ywf,ATLAS26jyw,,,,,,
AT2026zux,SIDEREAL,282.8811358,41.1002553,2000.0,232a0a10-f911-4486-9470-e6969e3cda54,57.37,Unclassified,electromagnetic,https://jackmcguireastro.github.io/ctas.html?event=232a0a10-f911-4486-9470-e6969e3cda54#dossier,https://www.wis-tns.org/object/2026zux,ZTF26aboocmr,,,,,,
AT2026zsb,SIDEREAL,115.8541717,21.9640198,2000.0,868ea5e3-5dde-4532-9e17-086bb89fd451,53.13,Unclassified,electromagnetic,https://jackmcguireastro.github.io/ctas.html?event=868ea5e3-5dde-4532-9e17-086bb89fd451#dossier,https://www.wis-tns.org/object/2026zsb,,,,,,,
AT2026zsn,SIDEREAL,229.9002074,10.549549,2000.0,f46fe4a5-c5f3-4f42-b659-f4c225555531,47.3,Unclassified,electromagnetic,https://jackmcguireastro.github.io/ctas.html?event=f46fe4a5-c5f3-4f42-b659-f4c225555531#dossier,https://www.wis-tns.org/object/2026zsn,,,,,,,
AT2024aijv,SIDEREAL,53.295834,-27.879179,2000.0,9e9c1d60-fef9-4f39-84a2-f08aaaf69fc3,56.5,Unclassified,electromagnetic,https://jackmcguireastro.github.io/ctas.html?event=9e9c1d60-fef9-4f39-84a2-f08aaaf69fc3#dossier,https://www.wis-tns.org/object/2024aijv,,,,,,,
AT2026zsd,SIDEREAL,337.729662,-44.522073,2000.0,1d159dfe-7b14-4d25-bb82-815a5eb67ebf,48.47,Unclassified,electromagnetic,https://jackmcguireastro.github.io/ctas.html?event=1d159dfe-7b14-4d25-bb82-815a5eb67ebf#dossier,https://www.wis-tns.org/object/2026zsd,GOTO26ilq,,,,,,
AT2025anaf,SIDEREAL,150.281708,1.948072,2000.0,898f19c0-ceaa-44ed-963c-9d86ce0357f8,46.0,Unclassified,electromagnetic,https://jackmcguireastro.github.io/ctas.html?event=898f19c0-ceaa-44ed-963c-9d86ce0357f8#dossier,https://www.wis-tns.org/object/2025anaf,,,,,,,
AT2025anag,SIDEREAL,150.260292,1.885156,2000.0,4b9a92e6-61ed-452e-a514-8cf61fe8843d,46.0,Unclassified,electromagnetic,https://jackmcguireastro.github.io/ctas.html?event=4b9a92e6-61ed-452e-a514-8cf61fe8843d#dossier,https://www.wis-tns.org/object/2025anag,,,,,,,
AT2025anah,SIDEREAL,149.786667,2.151053,2000.0,482db7d2-5686-4cbf-8ecf-c3e5d4b87929,46.0,Unclassified,electromagnetic,https://jackmcguireastro.github.io/ctas.html?event=482db7d2-5686-4cbf-8ecf-c3e5d4b87929#dossier,https://www.wis-tns.org/object/2025anah,,,,,,,
AT2025anai,SIDEREAL,149.839875,2.205683,2000.0,53677930-0934-4914-80a5-7a5ae72616a2,46.0,Unclassified,electromagnetic,https://jackmcguireastro.github.io/ctas.html?event=53677930-0934-4914-80a5-7a5ae72616a2#dossier,https://www.wis-tns.org/object/2025anai,,,,,,,
AT2025anaj,SIDEREAL,149.832083,2.152175,2000.0,c86cf785-4516-481d-a5c7-349aead9697d,46.0,Unclassified,electromagnetic,https://jackmcguireastro.github.io/ctas.html?event=c86cf785-4516-481d-a5c7-349aead9697d#dossier,https://www.wis-tns.org/object/2025anaj,,,,,,,
AT2025anak,SIDEREAL,149.851625,2.1346,2000.0,7d93f284-8402-438b-b910-4aa7af0f5909,46.0,Unclassified,electromagnetic,https://jackmcguireastro.github.io/ctas.html?event=7d93f284-8402-438b-b910-4aa7af0f5909#dossier,https://www.wis-tns.org/object/2025anak,,,,,,,
AT2025anal,SIDEREAL,149.86225,2.118483,2000.0,6cdafe3e-26f7-4743-b47b-7d5c172151c3,46.0,Unclassified,electromagnetic,https://jackmcguireastro.github.io/ctas.html?event=6cdafe3e-26f7-4743-b47b-7d5c172151c3#dossier,https://www.wis-tns.org/object/2025anal,,,,,,,
AT2025anam,SIDEREAL,149.904125,2.177258,2000.0,616f7279-2212-40e5-b5e3-c14ba710ccd3,46.0,Unclassified,electromagnetic,https://jackmcguireastro.github.io/ctas.html?event=616f7279-2212-40e5-b5e3-c14ba710ccd3#dossier,https://www.wis-tns.org/object/2025anam,,,,,,,
AT2025anan,SIDEREAL,149.902375,2.157242,2000.0,1757c56d-2065-4cc9-a8f9-73d0630f2afd,48.0,Unclassified,electromagnetic,https://jackmcguireastro.github.io/ctas.html?event=1757c56d-2065-4cc9-a8f9-73d0630f2afd#dossier,https://www.wis-tns.org/object/2025anan,,,,,,,
AT2025anao,SIDEREAL,149.9105,2.137556,2000.0,31434475-9d17-4144-9a3c-d39393ceae3f,46.0,Unclassified,electromagnetic,https://jackmcguireastro.github.io/ctas.html?event=31434475-9d17-4144-9a3c-d39393ceae3f#dossier,https://www.wis-tns.org/object/2025anao,,,,,,,
AT2025anap,SIDEREAL,149.928167,2.176794,2000.0,84c85a0f-4e78-40d9-840c-1febdf2a0b5b,46.0,Unclassified,electromagnetic,https://jackmcguireastro.github.io/ctas.html?event=84c85a0f-4e78-40d9-840c-1febdf2a0b5b#dossier,https://www.wis-tns.org/object/2025anap,,,,,,,
AT2025anaq,SIDEREAL,149.907417,2.095364,2000.0,d5ebc600-4163-4ee5-98dc-0e1302f56b6f,46.0,Unclassified,electromagnetic,https://jackmcguireastro.github.io/ctas.html?event=d5ebc600-4163-4ee5-98dc-0e1302f56b6f#dossier,https://www.wis-tns.org/object/2025anaq,,,,,,,
AT2025anar,SIDEREAL,149.92175,2.126861,2000.0,31810b5b-f412-46f3-94b3-3f9e6676bc1b,46.0,Unclassified,electromagnetic,https://jackmcguireastro.github.io/ctas.html?event=31810b5b-f412-46f3-94b3-3f9e6676bc1b#dossier,https://www.wis-tns.org/object/2025anar,,,,,,,
AT2025anas,SIDEREAL,149.968833,2.15865,2000.0,6cfd6208-e413-4fee-94f6-e8be76e41115,46.0,Unclassified,electromagnetic,https://jackmcguireastro.github.io/ctas.html?event=6cfd6208-e413-4fee-94f6-e8be76e41115#dossier,https://www.wis-tns.org/object/2025anas,,,,,,,
AT2025anat,SIDEREAL,149.971792,2.153483,2000.0,3377e323-bfe8-432e-9906-d67fca4c3d59,46.0,Unclassified,electromagnetic,https://jackmcguireastro.github.io/ctas.html?event=3377e323-bfe8-432e-9906-d67fca4c3d59#dossier,https://www.wis-tns.org/object/2025anat,,,,,,,
AT2025anau,SIDEREAL,149.983,2.156525,2000.0,b2b2c33e-f73d-4e46-8825-a319c56b0da3,46.0,Unclassified,electromagnetic,https://jackmcguireastro.github.io/ctas.html?event=b2b2c33e-f73d-4e46-8825-a319c56b0da3#dossier,https://www.wis-tns.org/object/2025anau,,,,,,,
AT2025anav,SIDEREAL,149.9665,2.095417,2000.0,724ff61e-d628-4388-b8bf-d406d4ebfe9b,46.0,Unclassified,electromagnetic,https://jackmcguireastro.github.io/ctas.html?event=724ff61e-d628-4388-b8bf-d406d4ebfe9b#dossier,https://www.wis-tns.org/object/2025anav,,,,,,,
AT2025anaw,SIDEREAL,150.009417,2.146244,2000.0,b0cadbe3-cc5d-4877-86b1-eaa889c5f3ef,46.0,Unclassified,electromagnetic,https://jackmcguireastro.github.io/ctas.html?event=b0cadbe3-cc5d-4877-86b1-eaa889c5f3ef#dossier,https://www.wis-tns.org/object/2025anaw,,,,,,,
AT2025anax,SIDEREAL,150.02225,2.094064,2000.0,11d2e7b3-663a-4df8-94cc-77b9d2f21e75,46.0,Unclassified,electromagnetic,https://jackmcguireastro.github.io/ctas.html?event=11d2e7b3-663a-4df8-94cc-77b9d2f21e75#dossier,https://www.wis-tns.org/object/2025anax,,,,,,,
AT2025anay,SIDEREAL,150.061,2.064942,2000.0,3c7cc1b4-d1da-4c68-9ef1-3a8035a28c14,46.0,Unclassified,electromagnetic,https://jackmcguireastro.github.io/ctas.html?event=3c7cc1b4-d1da-4c68-9ef1-3a8035a28c14#dossier,https://www.wis-tns.org/object/2025anay,,,,,,,
AT2025anaz,SIDEREAL,150.091208,2.067128,2000.0,8370a808-7a9f-4dd0-868a-7111015c14c4,46.0,Unclassified,electromagnetic,https://jackmcguireastro.github.io/ctas.html?event=8370a808-7a9f-4dd0-868a-7111015c14c4#dossier,https://www.wis-tns.org/object/2025anaz,,,,,,,
AT2025anba,SIDEREAL,150.098458,2.086278,2000.0,cd6738c0-874e-4ca5-a354-a8e356260dfb,46.0,Unclassified,electromagnetic,https://jackmcguireastro.github.io/ctas.html?event=cd6738c0-874e-4ca5-a354-a8e356260dfb#dossier,https://www.wis-tns.org/object/2025anba,,,,,,,
AT2025anbb,SIDEREAL,150.145583,2.060653,2000.0,5527a322-67b0-4a48-9910-b4cbd732f843,46.0,Unclassified,electromagnetic,https://jackmcguireastro.github.io/ctas.html?event=5527a322-67b0-4a48-9910-b4cbd732f843#dossier,https://www.wis-tns.org/object/2025anbb,,,,,,,
AT2025anbc,SIDEREAL,150.14275,2.033572,2000.0,cae1c95c-65ba-49e6-8c76-7472b3093321,46.0,Unclassified,electromagnetic,https://jackmcguireastro.github.io/ctas.html?event=cae1c95c-65ba-49e6-8c76-7472b3093321#dossier,https://www.wis-tns.org/object/2025anbc,,,,,,,
AT2025anbd,SIDEREAL,150.210667,2.065847,2000.0,5666a650-cf8a-46db-9bb9-27d1f616bfb5,46.0,Unclassified,electromagnetic,https://jackmcguireastro.github.io/ctas.html?event=5666a650-cf8a-46db-9bb9-27d1f616bfb5#dossier,https://www.wis-tns.org/object/2025anbd,,,,,,,
AT2025anbe,SIDEREAL,150.236542,2.078178,2000.0,00d1364d-a4e6-4949-b927-058a9d5409a4,46.0,Unclassified,electromagnetic,https://jackmcguireastro.github.io/ctas.html?event=00d1364d-a4e6-4949-b927-058a9d5409a4#dossier,https://www.wis-tns.org/object/2025anbe,,,,,,,
AT2025anbf,SIDEREAL,150.218917,2.009253,2000.0,d96fef6a-f2ed-4d23-9512-ad5bb1cbb180,46.0,Unclassified,electromagnetic,https://jackmcguireastro.github.io/ctas.html?event=d96fef6a-f2ed-4d23-9512-ad5bb1cbb180#dossier,https://www.wis-tns.org/object/2025anbf,,,,,,,
AT2025anbg,SIDEREAL,150.269125,2.027642,2000.0,84bcecb8-81f9-48e4-b179-929427a20b18,46.0,Unclassified,electromagnetic,https://jackmcguireastro.github.io/ctas.html?event=84bcecb8-81f9-48e4-b179-929427a20b18#dossier,https://www.wis-tns.org/object/2025anbg,,,,,,,
AT2025anbh,SIDEREAL,150.276917,2.046381,2000.0,a730b00c-ca09-441b-902d-e1aaa78312cb,46.0,Unclassified,electromagnetic,https://jackmcguireastro.github.io/ctas.html?event=a730b00c-ca09-441b-902d-e1aaa78312cb#dossier,https://www.wis-tns.org/object/2025anbh,,,,,,,
AT2025anbi,SIDEREAL,150.277333,2.030928,2000.0,03489961-1a91-4e56-a4e3-43feff4de80f,46.0,Unclassified,electromagnetic,https://jackmcguireastro.github.io/ctas.html?event=03489961-1a91-4e56-a4e3-43feff4de80f#dossier,https://www.wis-tns.org/object/2025anbi,,,,,,,
AT2025anbj,SIDEREAL,150.277042,2.018486,2000.0,29cd8b5c-e209-49d2-adfa-82fce4f49a8f,46.0,Unclassified,electromagnetic,https://jackmcguireastro.github.io/ctas.html?event=29cd8b5c-e209-49d2-adfa-82fce4f49a8f#dossier,https://www.wis-tns.org/object/2025anbj,,,,,,,
AT2025anbk,SIDEREAL,150.282833,1.997444,2000.0,c00dc274-d619-48cc-9b53-eb29cb27b520,46.0,Unclassified,electromagnetic,https://jackmcguireastro.github.io/ctas.html?event=c00dc274-d619-48cc-9b53-eb29cb27b520#dossier,https://www.wis-tns.org/object/2025anbk,,,,,,,
AT2025anbl,SIDEREAL,150.283542,1.977978,2000.0,13890d28-4c88-4abf-b127-97b0a7e233bf,46.0,Unclassified,electromagnetic,https://jackmcguireastro.github.io/ctas.html?event=13890d28-4c88-4abf-b127-97b0a7e233bf#dossier,https://www.wis-tns.org/object/2025anbl,,,,,,,
AT2025anbm,SIDEREAL,150.303917,2.006592,2000.0,7cec6383-0e9a-416b-868c-488385d7b6df,46.0,Unclassified,electromagnetic,https://jackmcguireastro.github.io/ctas.html?event=7cec6383-0e9a-416b-868c-488385d7b6df#dossier,https://www.wis-tns.org/object/2025anbm,,,,,,,
AT2025anbn,SIDEREAL,149.856208,2.270725,2000.0,799c5fd7-7ac1-4151-a261-3c979b759a2d,46.0,Unclassified,electromagnetic,https://jackmcguireastro.github.io/ctas.html?event=799c5fd7-7ac1-4151-a261-3c979b759a2d#dossier,https://www.wis-tns.org/object/2025anbn,,,,,,,
AT2025anbo,SIDEREAL,149.877208,2.283903,2000.0,b5bd92c2-d21c-4064-8ccf-d341c4f31f84,46.0,Unclassified,electromagnetic,https://jackmcguireastro.github.io/ctas.html?event=b5bd92c2-d21c-4064-8ccf-d341c4f31f84#dossier,https://www.wis-tns.org/object/2025anbo,,,,,,,
AT2025anbp,SIDEREAL,149.874167,2.253711,2000.0,5838aab8-3f41-4300-bd60-fe8fb5bb7838,46.0,Unclassified,electromagnetic,https://jackmcguireastro.github.io/ctas.html?event=5838aab8-3f41-4300-bd60-fe8fb5bb7838#dossier,https://www.wis-tns.org/object/2025anbp,,,,,,,
AT2025anbq,SIDEREAL,149.897583,2.310514,2000.0,5a4c9d52-df1f-497d-adc8-815eb080ad66,46.0,Unclassified,electromagnetic,https://jackmcguireastro.github.io/ctas.html?event=5a4c9d52-df1f-497d-adc8-815eb080ad66#dossier,https://www.wis-tns.org/object/2025anbq,,,,,,,
AT2025anbr,SIDEREAL,149.918125,2.324128,2000.0,c04e4f43-9292-4617-9f05-d502d55018e3,46.0,Unclassified,electromagnetic,https://jackmcguireastro.github.io/ctas.html?event=c04e4f43-9292-4617-9f05-d502d55018e3#dossier,https://www.wis-tns.org/object/2025anbr,,,,,,,
AT2025anbs,SIDEREAL,149.917542,2.309656,2000.0,9879fafb-15d7-458f-8bc5-cf79e260ab23,46.0,Unclassified,electromagnetic,https://jackmcguireastro.github.io/ctas.html?event=9879fafb-15d7-458f-8bc5-cf79e260ab23#dossier,https://www.wis-tns.org/object/2025anbs,,,,,,,
AT2025anbt,SIDEREAL,149.940417,2.271683,2000.0,511d2645-846c-4be7-86f9-50488fee17d4,46.0,Unclassified,electromagnetic,https://jackmcguireastro.github.io/ctas.html?event=511d2645-846c-4be7-86f9-50488fee17d4#dossier,https://www.wis-tns.org/object/2025anbt,,,,,,,
AT2025anbu,SIDEREAL,149.931167,2.224614,2000.0,f13a35fb-2478-456e-aa3f-b22d9e6b9dae,46.0,Unclassified,electromagnetic,https://jackmcguireastro.github.io/ctas.html?event=f13a35fb-2478-456e-aa3f-b22d9e6b9dae#dossier,https://www.wis-tns.org/object/2025anbu,,,,,,,
AT2025anbv,SIDEREAL,149.96225,2.298444,2000.0,a1eaca42-7ea2-4bff-8148-643c4cb7d00b,46.0,Unclassified,electromagnetic,https://jackmcguireastro.github.io/ctas.html?event=a1eaca42-7ea2-4bff-8148-643c4cb7d00b#dossier,https://www.wis-tns.org/object/2025anbv,,,,,,,
AT2025anbw,SIDEREAL,150.233208,2.146625,2000.0,67b3f976-b0ed-4ab1-b87e-2e5c932a19ed,46.0,Unclassified,electromagnetic,https://jackmcguireastro.github.io/ctas.html?event=67b3f976-b0ed-4ab1-b87e-2e5c932a19ed#dossier,https://www.wis-tns.org/object/2025anbw,,,,,,,
AT2025anbx,SIDEREAL,150.234,2.143842,2000.0,f60f4406-8b4f-4b9c-9251-a4c898ed115e,46.0,Unclassified,electromagnetic,https://jackmcguireastro.github.io/ctas.html?event=f60f4406-8b4f-4b9c-9251-a4c898ed115e#dossier,https://www.wis-tns.org/object/2025anbx,,,,,,,
AT2025anby,SIDEREAL,150.273875,2.184478,2000.0,e9eac0f0-e757-400c-9698-f04a0a89cfaa,46.0,Unclassified,electromagnetic,https://jackmcguireastro.github.io/ctas.html?event=e9eac0f0-e757-400c-9698-f04a0a89cfaa#dossier,https://www.wis-tns.org/object/2025anby,,,,,,,
AT2025anbz,SIDEREAL,150.274292,2.096631,2000.0,36b043fe-a42a-4740-91e1-2e90348d9d61,46.0,Unclassified,electromagnetic,https://jackmcguireastro.github.io/ctas.html?event=36b043fe-a42a-4740-91e1-2e90348d9d61#dossier,https://www.wis-tns.org/object/2025anbz,,,,,,,
AT2025anca,SIDEREAL,150.338125,2.162161,2000.0,28cdb72a-d9e4-4dff-ab89-27e69b50c986,46.0,Unclassified,electromagnetic,https://jackmcguireastro.github.io/ctas.html?event=28cdb72a-d9e4-4dff-ab89-27e69b50c986#dossier,https://www.wis-tns.org/object/2025anca,,,,,,,
AT2025ancb,SIDEREAL,150.333,2.112053,2000.0,034007dd-a3e0-4b0b-9957-6c95f17cb3d9,46.0,Unclassified,electromagnetic,https://jackmcguireastro.github.io/ctas.html?event=034007dd-a3e0-4b0b-9957-6c95f17cb3d9#dossier,https://www.wis-tns.org/object/2025ancb,,,,,,,
AT2025ancc,SIDEREAL,149.901708,2.413519,2000.0,ff06d1e4-f95e-4f98-b5b5-185ae4003b57,46.0,Unclassified,electromagnetic,https://jackmcguireastro.github.io/ctas.html?event=ff06d1e4-f95e-4f98-b5b5-185ae4003b57#dossier,https://www.wis-tns.org/object/2025ancc,,,,,,,
AT2025ancd,SIDEREAL,149.895958,2.371042,2000.0,33b5df66-a287-4e89-9f61-790de061c6db,46.0,Unclassified,electromagnetic,https://jackmcguireastro.github.io/ctas.html?event=33b5df66-a287-4e89-9f61-790de061c6db#dossier,https://www.wis-tns.org/object/2025ancd,,,,,,,
AT2025ance,SIDEREAL,149.915167,2.406181,2000.0,57cc710f-d4df-462a-839b-6861bf4bf57f,46.0,Unclassified,electromagnetic,https://jackmcguireastro.github.io/ctas.html?event=57cc710f-d4df-462a-839b-6861bf4bf57f#dossier,https://www.wis-tns.org/object/2025ance,,,,,,,
AT2025ancf,SIDEREAL,149.922875,2.421111,2000.0,e8e2ff47-436c-4b59-a41b-bf094ad963e4,46.0,Unclassified,electromagnetic,https://jackmcguireastro.github.io/ctas.html?event=e8e2ff47-436c-4b59-a41b-bf094ad963e4#dossier,https://www.wis-tns.org/object/2025ancf,,,,,,,
AT2025ancg,SIDEREAL,149.907792,2.368972,2000.0,46992f4d-6ad6-408d-a831-6ed86b158d75,46.0,Unclassified,electromagnetic,https://jackmcguireastro.github.io/ctas.html?event=46992f4d-6ad6-408d-a831-6ed86b158d75#dossier,https://www.wis-tns.org/object/2025ancg,,,,,,,
AT2025anch,SIDEREAL,149.934042,2.411303,2000.0,3aeafe41-02c0-417b-9127-f692a32689d6,46.0,Unclassified,electromagnetic,https://jackmcguireastro.github.io/ctas.html?event=3aeafe41-02c0-417b-9127-f692a32689d6#dossier,https://www.wis-tns.org/object/2025anch,,,,,,,
AT2025anci,SIDEREAL,149.95775,2.417253,2000.0,72499b8f-9324-4075-9104-62d1fa28a049,46.0,Unclassified,electromagnetic,https://jackmcguireastro.github.io/ctas.html?event=72499b8f-9324-4075-9104-62d1fa28a049#dossier,https://www.wis-tns.org/object/2025anci,,,,,,,
AT2025ancj,SIDEREAL,149.93875,2.351853,2000.0,0098a736-91b8-410c-bd44-1587d8972621,46.0,Unclassified,electromagnetic,https://jackmcguireastro.github.io/ctas.html?event=0098a736-91b8-410c-bd44-1587d8972621#dossier,https://www.wis-tns.org/object/2025ancj,,,,,,,
AT2025anck,SIDEREAL,149.949042,2.374536,2000.0,004fd66a-ceed-46ab-a357-eba7ef23d665,46.0,Unclassified,electromagnetic,https://jackmcguireastro.github.io/ctas.html?event=004fd66a-ceed-46ab-a357-eba7ef23d665#dossier,https://www.wis-tns.org/object/2025anck,,,,,,,
AT2025ancl,SIDEREAL,149.962833,2.412161,2000.0,8e91067c-4da1-4911-9634-af86278bc603,46.0,Unclassified,electromagnetic,https://jackmcguireastro.github.io/ctas.html?event=8e91067c-4da1-4911-9634-af86278bc603#dossier,https://www.wis-tns.org/object/2025ancl,,,,,,,
AT2025ancm,SIDEREAL,149.993292,2.399131,2000.0,bd2d34d4-c8fe-4d12-a0cb-52590bbb3da5,46.0,Unclassified,electromagnetic,https://jackmcguireastro.github.io/ctas.html?event=bd2d34d4-c8fe-4d12-a0cb-52590bbb3da5#dossier,https://www.wis-tns.org/object/2025ancm,,,,,,,
AT2025ancn,SIDEREAL,149.979125,2.341594,2000.0,df474cf9-e0fd-4e8e-9438-6c79a98b2702,46.0,Unclassified,electromagnetic,https://jackmcguireastro.github.io/ctas.html?event=df474cf9-e0fd-4e8e-9438-6c79a98b2702#dossier,https://www.wis-tns.org/object/2025ancn,,,,,,,
AT2025anco,SIDEREAL,150.263917,2.269317,2000.0,9b6a3bf3-667b-4a99-a760-191afe71fc13,46.0,Unclassified,electromagnetic,https://jackmcguireastro.github.io/ctas.html?event=9b6a3bf3-667b-4a99-a760-191afe71fc13#dossier,https://www.wis-tns.org/object/2025anco,,,,,,,
AT2025ancp,SIDEREAL,150.3015,2.278053,2000.0,c6d42467-8561-4563-84a1-d925bc527d4c,46.0,Unclassified,electromagnetic,https://jackmcguireastro.github.io/ctas.html?event=c6d42467-8561-4563-84a1-d925bc527d4c#dossier,https://www.wis-tns.org/object/2025ancp,,,,,,,
AT2025ancq,SIDEREAL,150.330958,2.240428,2000.0,1e688c78-755a-461a-94cb-8a99ca558073,47.0,Unclassified,electromagnetic,https://jackmcguireastro.github.io/ctas.html?event=1e688c78-755a-461a-94cb-8a99ca558073#dossier,https://www.wis-tns.org/object/2025ancq,,,,,,,
AT2025ancr,SIDEREAL,150.373542,2.224542,2000.0,478f6ecf-d6db-4690-83dc-7790a5aedc35,46.0,Unclassified,electromagnetic,https://jackmcguireastro.github.io/ctas.html?event=478f6ecf-d6db-4690-83dc-7790a5aedc35#dossier,https://www.wis-tns.org/object/2025ancr,,,,,,,
AT2025ancs,SIDEREAL,150.389542,2.255717,2000.0,c19fe757-3523-4ab5-8439-08543a621dc2,46.0,Unclassified,electromagnetic,https://jackmcguireastro.github.io/ctas.html?event=c19fe757-3523-4ab5-8439-08543a621dc2#dossier,https://www.wis-tns.org/object/2025ancs,,,,,,,
AT2026zoy,SIDEREAL,25.6124114,5.9321193,2000.0,991cbe74-280e-4fed-84c4-ea46135ce6ee,47.16,Unclassified,electromagnetic,https://jackmcguireastro.github.io/ctas.html?event=991cbe74-280e-4fed-84c4-ea46135ce6ee#dossier,https://www.wis-tns.org/object/2026zoy,,,,,,,
AT2026zjy,SIDEREAL,65.031042,-42.450111,2000.0,de6a5994-3da4-4d3c-8f3c-edd7ff39fc79,57.89,Unclassified,electromagnetic,https://jackmcguireastro.github.io/ctas.html?event=de6a5994-3da4-4d3c-8f3c-edd7ff39fc79#dossier,https://www.wis-tns.org/object/2026zjy,MASTER OT J042007.45-422700.4,,,,,,
Einstein Probe-01709287395,SIDEREAL,311.533,-66.155,2000.0,6e2a847a-72c6-438c-b274-9e2604d57afa,48.17,Unclassified,x-ray,https://jackmcguireastro.github.io/ctas.html?event=6e2a847a-72c6-438c-b274-9e2604d57afa#dossier,,01709287395,,,,,,
Einstein Probe-01709285030,SIDEREAL,264.58,-26.997,2000.0,9c9267be-4761-4112-918c-1a16d87edd78,56.0,Unclassified,x-ray,https://jackmcguireastro.github.io/ctas.html?event=9c9267be-4761-4112-918c-1a16d87edd78#dossier,,01709285030,,,,,,
Einstein Probe-01709286204,SIDEREAL,320.192,-54.616,2000.0,aefb4564-f621-40f2-8252-3ca2301a04f5,48.09,Unclassified,x-ray,https://jackmcguireastro.github.io/ctas.html?event=aefb4564-f621-40f2-8252-3ca2301a04f5#dossier,,01709286204,,,,,,
Chime-1174760277,SIDEREAL,220.732946,38.5120288,2000.0,317bac50-e093-41d2-9974-3832afc6e1ee,49.7,high-importance,radio,https://jackmcguireastro.github.io/ctas.html?event=317bac50-e093-41d2-9974-3832afc6e1ee#dossier,,1174760277,,,,,,
AT2026zjn,SIDEREAL,9.36694714286,72.3473807143,2000.0,2086b16b-a204-49fa-bbc8-7f3efc9fb41d,56.35,Unclassified,electromagnetic,https://jackmcguireastro.github.io/ctas.html?event=2086b16b-a204-49fa-bbc8-7f3efc9fb41d#dossier,https://www.wis-tns.org/object/2026zjn,ATLAS26kkn,,,,,,
AT2026zve,SIDEREAL,118.5845279,39.057627,2000.0,ec04695d-9e2c-4086-953c-e6e25fc31261,54.03,Unclassified,electromagnetic,https://jackmcguireastro.github.io/ctas.html?event=ec04695d-9e2c-4086-953c-e6e25fc31261#dossier,https://www.wis-tns.org/object/2026zve,,,,,,,
Chime-1174989605,SIDEREAL,173.7500462,65.0760349,2000.0,b711401f-1162-42d6-a5aa-7610ae94f771,70.0,high-importance,radio,https://jackmcguireastro.github.io/ctas.html?event=b711401f-1162-42d6-a5aa-7610ae94f771#dossier,,1174989605,,,,,,
AT2026zwn,SIDEREAL,62.8350966667,-62.4462433333,2000.0,009948f7-17c1-4694-8374-5bd361b6a81e,48.59,Unclassified,electromagnetic,https://jackmcguireastro.github.io/ctas.html?event=009948f7-17c1-4694-8374-5bd361b6a81e#dossier,https://www.wis-tns.org/object/2026zwn,ATLAS26knv,,,,,,
AT2026zwm,SIDEREAL,32.6710635294,-67.7773570588,2000.0,fc57aa64-d09c-4bb6-8550-61a62f9577db,50.59,Unclassified,electromagnetic,https://jackmcguireastro.github.io/ctas.html?event=fc57aa64-d09c-4bb6-8550-61a62f9577db#dossier,https://www.wis-tns.org/object/2026zwm,ATLAS26knu,,,,,,
AT2026zwp,SIDEREAL,5.462406,-9.488253,2000.0,400484fa-b17c-47dd-9750-8f9480d1a97c,72.1,Unclassified,electromagnetic,https://jackmcguireastro.github.io/ctas.html?event=400484fa-b17c-47dd-9750-8f9480d1a97c#dossier,https://www.wis-tns.org/object/2026zwp,ATLAS26kod,GOTO26imu,,,,,
AT2026wxy,SIDEREAL,74.5221519,9.2128141,2000.0,14e0c60c-d571-423b-8ebd-cab792df77b7,56.67,Unclassified,electromagnetic,https://jackmcguireastro.github.io/ctas.html?event=14e0c60c-d571-423b-8ebd-cab792df77b7#dossier,https://www.wis-tns.org/object/2026wxy,,,,,,,
AT2026zwq,SIDEREAL,93.088249,46.783143,2000.0,fc51c628-3be3-4c95-9866-087488c4a446,80.76,Unclassified,electromagnetic,https://jackmcguireastro.github.io/ctas.html?event=fc51c628-3be3-4c95-9866-087488c4a446#dossier,https://www.wis-tns.org/object/2026zwq,GOTO26imq,,,,,,
AT2026zkr,SIDEREAL,254.4221531,18.5877389,2000.0,204943bc-167f-4d63-8671-45fbcd3660e5,54.63,Unclassified,electromagnetic,https://jackmcguireastro.github.io/ctas.html?event=204943bc-167f-4d63-8671-45fbcd3660e5#dossier,https://www.wis-tns.org/object/2026zkr,ZTF26abpzgje,,,,,,
AT2026zwr,SIDEREAL,358.196115,19.796708,2000.0,f330e93e-c61e-45f0-831a-79d008669a49,56.58,Unclassified,electromagnetic,https://jackmcguireastro.github.io/ctas.html?event=f330e93e-c61e-45f0-831a-79d008669a49#dossier,https://www.wis-tns.org/object/2026zwr,,,,,,,
AT2026zws,SIDEREAL,348.2598769,22.839835,2000.0,3c6a6123-8508-42c4-a8e5-b5cf3e423d8e,54.89,Unclassified,electromagnetic,https://jackmcguireastro.github.io/ctas.html?event=3c6a6123-8508-42c4-a8e5-b5cf3e423d8e#dossier,https://www.wis-tns.org/object/2026zws,,,,,,,
AT2026zwu,SIDEREAL,0.216294,44.8426456,2000.0,8a5247b1-9155-4125-aef2-406149f10428,56.24,Unclassified,electromagnetic,https://jackmcguireastro.github.io/ctas.html?event=8a5247b1-9155-4125-aef2-406149f10428#dossier,https://www.wis-tns.org/object/2026zwu,,,,,,,
AT2026zji,SIDEREAL,301.1436076,62.6440923,2000.0,88796a60-2049-4cdc-bfdd-e4902883c633,61.41,Unclassified,electromagnetic,https://jackmcguireastro.github.io/ctas.html?event=88796a60-2049-4cdc-bfdd-e4902883c633#dossier,https://www.wis-tns.org/object/2026zji,ATLAS26kkd,,,,,,
AT2026zmp,SIDEREAL,66.768755,-6.876301,2000.0,09f5011b-0a1a-4487-85e6-3978fecd8fa5,49.81,Unclassified,electromagnetic,https://jackmcguireastro.github.io/ctas.html?event=09f5011b-0a1a-4487-85e6-3978fecd8fa5#dossier,https://www.wis-tns.org/object/2026zmp,GOTO26ijg,,,,,,
AT2026wvv,SIDEREAL,10.388206,41.170111,2000.0,19ead014-a239-4bc8-aef9-e7dd2de35ed1,61.75,Unclassified,electromagnetic,https://jackmcguireastro.github.io/ctas.html?event=19ead014-a239-4bc8-aef9-e7dd2de35ed1#dossier,https://www.wis-tns.org/object/2026wvv,OMB-PNV32,ZTF26ablmnns,,,,,
AT2026zad,SIDEREAL,290.2693183,-27.198295,2000.0,1ab3416d-6d5f-42c8-8ae3-0dfd685692fc,46.93,CV,electromagnetic,https://jackmcguireastro.github.io/ctas.html?event=1ab3416d-6d5f-42c8-8ae3-0dfd685692fc#dossier,https://www.wis-tns.org/object/2026zad,ATLAS26kcc,ZTF26abofwwp,,,,,
AT2026xqb,SIDEREAL,355.6362625,24.81609166666667,2000.0,00e0d3c2-27eb-43cf-86e1-d5b412ec3a8a,58.05,Unclassified,electromagnetic,https://jackmcguireastro.github.io/ctas.html?event=00e0d3c2-27eb-43cf-86e1-d5b412ec3a8a#dossier,https://www.wis-tns.org/object/2026xqb,2026xqb,,,,,,
AT2026zwl,SIDEREAL,269.8568674,56.837729,2000.0,e8508ead-24a6-4863-9bd6-f747b84e9307,57.79,Unclassified,electromagnetic,https://jackmcguireastro.github.io/ctas.html?event=e8508ead-24a6-4863-9bd6-f747b84e9307#dossier,https://www.wis-tns.org/object/2026zwl,,,,,,,
AT2026zmn,SIDEREAL,80.2891066667,-11.33455,2000.0,09901e46-a387-47cd-954f-0750ec4f53f6,51.01,Unclassified,electromagnetic,https://jackmcguireastro.github.io/ctas.html?event=09901e46-a387-47cd-954f-0750ec4f53f6#dossier,https://www.wis-tns.org/object/2026zmn,ATLAS26kmc,GOTO26ijp,,,,,
SN2026xav,SIDEREAL,250.432024401,14.6783376583,2000.0,88cbc162-27f4-436c-8af8-972c9903022c,43.61,SN Ia,electromagnetic,https://jackmcguireastro.github.io/ctas.html?event=88cbc162-27f4-436c-8af8-972c9903022c#dossier,https://www.wis-tns.org/object/2026xav,,,,,,,
AT2026zwh,SIDEREAL,248.7569901,33.1136807,2000.0,465fe7a2-40e2-4280-ae8f-3c7de7571594,80.26,Unclassified,electromagnetic,https://jackmcguireastro.github.io/ctas.html?event=465fe7a2-40e2-4280-ae8f-3c7de7571594#dossier,https://www.wis-tns.org/object/2026zwh,ZTF26abqvpdn,,,,,,
AT2026zwg,SIDEREAL,213.1690878,4.5780153,2000.0,103f05b3-71a3-4d43-8c21-30bdeb2c1325,79.75,Unclassified,electromagnetic,https://jackmcguireastro.github.io/ctas.html?event=103f05b3-71a3-4d43-8c21-30bdeb2c1325#dossier,https://www.wis-tns.org/object/2026zwg,ZTF26abqvlqr,,,,,,
AT2026zbf,SIDEREAL,253.823127143,-74.2226257143,2000.0,17ed89e8-47a9-48d6-b121-9002b85ac8b5,54.71,Unclassified,electromagnetic,https://jackmcguireastro.github.io/ctas.html?event=17ed89e8-47a9-48d6-b121-9002b85ac8b5#dossier,https://www.wis-tns.org/object/2026zbf,ATLAS26kcy,,,,,,
AT2026nik,SIDEREAL,170.71716666666666,-6.221919444444445,2000.0,cf120e9f-e240-4131-8278-6499bd5bd847,51.62,Unclassified,electromagnetic,https://jackmcguireastro.github.io/ctas.html?event=cf120e9f-e240-4131-8278-6499bd5bd847#dossier,,2026nik,SN2026nik,ATLAS26gfi,GOTO26imj,ZTF26aaxutnf,,
SN2026yoi,SIDEREAL,226.120674,35.8887572,2000.0,59677ef8-a94f-40ef-bfa1-db69d732b23d,46.5,SN Ia,electromagnetic,https://jackmcguireastro.github.io/ctas.html?event=59677ef8-a94f-40ef-bfa1-db69d732b23d#dossier,https://www.wis-tns.org/object/2026yoi,AT2026yoi,,,,,,
AT2026zaj,SIDEREAL,227.3288148,-16.1662059,2000.0,e73048cb-3bc2-4e92-8d67-510386ce43c2,57.08,Unclassified,electromagnetic,https://jackmcguireastro.github.io/ctas.html?event=e73048cb-3bc2-4e92-8d67-510386ce43c2#dossier,https://www.wis-tns.org/object/2026zaj,,,,,,,
AT2026zna,SIDEREAL,52.631598,-17.105014,2000.0,0ab04cd4-2ffb-4974-add5-9288a97efcbd,46.44,Unclassified,electromagnetic,https://jackmcguireastro.github.io/ctas.html?event=0ab04cd4-2ffb-4974-add5-9288a97efcbd#dossier,https://www.wis-tns.org/object/2026zna,GOTO26ijr,,,,,,
AT2026zbd,SIDEREAL,288.698322308,-49.6139346154,2000.0,0a801d66-d0c5-4149-a04a-f5a69c37e320,54.07,Unclassified,electromagnetic,https://jackmcguireastro.github.io/ctas.html?event=0a801d66-d0c5-4149-a04a-f5a69c37e320#dossier,https://www.wis-tns.org/object/2026zbd,ATLAS26kcw,,,,,,
AT2026zog,SIDEREAL,319.646439,-33.3437,2000.0,0a66a1d8-d09b-4c16-9891-4f11a264ef68,55.3,Unclassified,electromagnetic,https://jackmcguireastro.github.io/ctas.html?event=0a66a1d8-d09b-4c16-9891-4f11a264ef68#dossier,https://www.wis-tns.org/object/2026zog,GOTO26iie,,,,,,
AT2026zwe,SIDEREAL,58.3532854,1.1901695,2000.0,60db9c6b-e0e9-43bd-a5f3-f2ea7e18206a,54.64,Unclassified,electromagnetic,https://jackmcguireastro.github.io/ctas.html?event=60db9c6b-e0e9-43bd-a5f3-f2ea7e18206a#dossier,https://www.wis-tns.org/object/2026zwe,,,,,,,
AT2026yxq,SIDEREAL,310.399821072,-1.31259665398,2000.0,04d0111a-d833-44f2-a258-5bfe969cc6fa,51.87,Unclassified,electromagnetic,https://jackmcguireastro.github.io/ctas.html?event=04d0111a-d833-44f2-a258-5bfe969cc6fa#dossier,https://www.wis-tns.org/object/2026yxq,PS26hji,,,,,,
AT2026wtm,SIDEREAL,28.6947425,-66.838285,2000.0,0898b72b-29a8-4170-aa96-be56b2d1d6a0,53.67,Unclassified,electromagnetic,https://jackmcguireastro.github.io/ctas.html?event=0898b72b-29a8-4170-aa96-be56b2d1d6a0#dossier,https://www.wis-tns.org/object/2026wtm,ATLAS26jje,,,,,,
AT2026zwf,SIDEREAL,239.23909691765,-14.55339058058,2000.0,02e1916a-e45c-4133-983d-6adf684f95ae,53.97,Unclassified,electromagnetic,https://jackmcguireastro.github.io/ctas.html?event=02e1916a-e45c-4133-983d-6adf684f95ae#dossier,https://www.wis-tns.org/object/2026zwf,,,,,,,
AT2026zvf,SIDEREAL,97.5408826,47.0409618,2000.0,f3061035-dcaa-4b24-a949-ecc0a44fdd6e,66.34,Unclassified,electromagnetic,https://jackmcguireastro.github.io/ctas.html?event=f3061035-dcaa-4b24-a949-ecc0a44fdd6e#dossier,https://www.wis-tns.org/object/2026zvf,ZTF26abqvalj,,,,,,
AT2026zvg,SIDEREAL,90.1144655,-9.906344,2000.0,59f12401-3fea-4d92-afe5-ed9aebc0d25f,66.98,Unclassified,electromagnetic,https://jackmcguireastro.github.io/ctas.html?event=59f12401-3fea-4d92-afe5-ed9aebc0d25f#dossier,https://www.wis-tns.org/object/2026zvg,ZTF26abqvaae,,,,,,
AT2026zjm,SIDEREAL,258.810838,38.476868,2000.0,03c00ed6-dd8a-4112-bc2d-871df335ec6c,56.09,Unclassified,electromagnetic,https://jackmcguireastro.github.io/ctas.html?event=03c00ed6-dd8a-4112-bc2d-871df335ec6c#dossier,https://www.wis-tns.org/object/2026zjm,ATLAS26kkh,,,,,,
AT2026zvd,SIDEREAL,109.460698667,-29.2621933333,2000.0,c5990fac-e224-47d9-b05d-8878caeda69d,57.41,Unclassified,electromagnetic,https://jackmcguireastro.github.io/ctas.html?event=c5990fac-e224-47d9-b05d-8878caeda69d#dossier,https://www.wis-tns.org/object/2026zvd,ATLAS26knn,,,,,,
Chime-1174899215,SIDEREAL,168.4892563,61.7164868,2000.0,38909441-c5ca-4dce-b5bb-e6a9d1c9fda0,70.0,high-importance,radio,https://jackmcguireastro.github.io/ctas.html?event=38909441-c5ca-4dce-b5bb-e6a9d1c9fda0#dossier,,1174899215,,,,,,
AT2026zjs,SIDEREAL,18.43497,-16.7676675,2000.0,03288bed-41ab-4846-b15b-c9f4f8a6fbce,48.31,Unclassified,electromagnetic,https://jackmcguireastro.github.io/ctas.html?event=03288bed-41ab-4846-b15b-c9f4f8a6fbce#dossier,https://www.wis-tns.org/object/2026zjs,ATLAS26klf,GOTO26ikf,,,,,
AT2026zuw,SIDEREAL,270.6173483,10.1168797,2000.0,f5b1572e-626b-487f-ae50-599f941e3426,52.54,Unclassified,electromagnetic,https://jackmcguireastro.github.io/ctas.html?event=f5b1572e-626b-487f-ae50-599f941e3426#dossier,https://www.wis-tns.org/object/2026zuw,,,,,,,
AT2026zwc,SIDEREAL,13.842108485029,8.4145370844809,2000.0,4bdf6c17-f5fd-4d1c-954f-bce3662d14cb,53.65,Unclassified,electromagnetic,https://jackmcguireastro.github.io/ctas.html?event=4bdf6c17-f5fd-4d1c-954f-bce3662d14cb#dossier,https://www.wis-tns.org/object/2026zwc,,,,,,,
AT2026zwd,SIDEREAL,19.251842464552,35.110231978288,2000.0,8a89d5f2-1c3f-4042-99da-e15cc665fc57,54.27,Unclassified,electromagnetic,https://jackmcguireastro.github.io/ctas.html?event=8a89d5f2-1c3f-4042-99da-e15cc665fc57#dossier,https://www.wis-tns.org/object/2026zwd,,,,,,,
AT2026zvi,SIDEREAL,85.4392623,74.9814488,2000.0,97b1e508-d4ed-45bc-9984-d1c76e1ebfd1,81.12,Unclassified,electromagnetic,https://jackmcguireastro.github.io/ctas.html?event=97b1e508-d4ed-45bc-9984-d1c76e1ebfd1#dossier,https://www.wis-tns.org/object/2026zvi,ZTF26abqtjbb,,,,,,
AT2026zuz,SIDEREAL,210.964,-31.585875,2000.0,d793ec6f-d9a3-4c20-aa66-c3e7ebb58768,67.27,Unclassified,electromagnetic,https://jackmcguireastro.github.io/ctas.html?event=d793ec6f-d9a3-4c20-aa66-c3e7ebb58768#dossier,https://www.wis-tns.org/object/2026zuz,ATLAS26knk,,,,,,
SN2026yte,SIDEREAL,80.2511057,6.5583988,2000.0,0287230f-8e6a-4c3e-9706-ae5b6ff363c1,34.68,SN Ia,electromagnetic,https://jackmcguireastro.github.io/ctas.html?event=0287230f-8e6a-4c3e-9706-ae5b6ff363c1#dossier,https://www.wis-tns.org/object/2026yte,AT2026yte,ATLAS26jwt,ZTF26abngxfo,,,,
AT2026zwa,SIDEREAL,40.3459405,-5.8637604,2000.0,a80e0682-be37-4ffa-b1eb-cc38fbd9f9da,54.52,Unclassified,electromagnetic,https://jackmcguireastro.github.io/ctas.html?event=a80e0682-be37-4ffa-b1eb-cc38fbd9f9da#dossier,https://www.wis-tns.org/object/2026zwa,,,,,,,
AT2026zwb,SIDEREAL,344.827354,-10.6560453,2000.0,81b6ca2c-3ada-4278-a3a1-9fd68c03930a,55.38,Unclassified,electromagnetic,https://jackmcguireastro.github.io/ctas.html?event=81b6ca2c-3ada-4278-a3a1-9fd68c03930a#dossier,https://www.wis-tns.org/object/2026zwb,,,,,,,
AT2026zvl,SIDEREAL,247.974167,58.210383,2000.0,b1b3319f-9cfe-44b0-bc16-ad6ebbe7679e,55.57,Unclassified,electromagnetic,https://jackmcguireastro.github.io/ctas.html?event=b1b3319f-9cfe-44b0-bc16-ad6ebbe7679e#dossier,https://www.wis-tns.org/object/2026zvl,,,,,,,
AT2026zvm,SIDEREAL,238.255375,58.172331,2000.0,e9229e59-1886-4bbe-9fd4-8991befa9254,55.8,Unclassified,electromagnetic,https://jackmcguireastro.github.io/ctas.html?event=e9229e59-1886-4bbe-9fd4-8991befa9254#dossier,https://www.wis-tns.org/object/2026zvm,,,,,,,
AT2026zvn,SIDEREAL,250.367375,52.695775,2000.0,c0b5e3e3-5a4a-4440-9c52-b20aa9626b08,54.05,Unclassified,electromagnetic,https://jackmcguireastro.github.io/ctas.html?event=c0b5e3e3-5a4a-4440-9c52-b20aa9626b08#dossier,https://www.wis-tns.org/object/2026zvn,,,,,,,
AT2026zvo,SIDEREAL,235.195958,52.629219,2000.0,ac617ed1-9eec-41d8-9bad-60fcc4b3f470,53.83,Unclassified,electromagnetic,https://jackmcguireastro.github.io/ctas.html?event=ac617ed1-9eec-41d8-9bad-60fcc4b3f470#dossier,https://www.wis-tns.org/object/2026zvo,,,,,,,
AT2026zvp,SIDEREAL,251.576583,47.369658,2000.0,8eafbded-51b0-4cfc-88fb-87c68be56907,54.03,Unclassified,electromagnetic,https://jackmcguireastro.github.io/ctas.html?event=8eafbded-51b0-4cfc-88fb-87c68be56907#dossier,https://www.wis-tns.org/object/2026zvp,,,,,,,
AT2026zvq,SIDEREAL,259.586458,49.776172,2000.0,e5181875-826d-467f-a758-cdc74cf51e89,55.95,Unclassified,electromagnetic,https://jackmcguireastro.github.io/ctas.html?event=e5181875-826d-467f-a758-cdc74cf51e89#dossier,https://www.wis-tns.org/object/2026zvq,,,,,,,
AT2026yxk,SIDEREAL,263.424875,47.525561,2000.0,31c65629-5ddb-4107-97a5-b04ec6ac9941,58.25,Unclassified,electromagnetic,https://jackmcguireastro.github.io/ctas.html?event=31c65629-5ddb-4107-97a5-b04ec6ac9941#dossier,https://www.wis-tns.org/object/2026yxk,,,,,,,
AT2026zvr,SIDEREAL,253.020917,50.455672,2000.0,9ca0fcb9-6c5a-4395-8dd1-06b11610ef35,55.35,Unclassified,electromagnetic,https://jackmcguireastro.github.io/ctas.html?event=9ca0fcb9-6c5a-4395-8dd1-06b11610ef35#dossier,https://www.wis-tns.org/object/2026zvr,,,,,,,
AT2026zvs,SIDEREAL,252.545583,58.731306,2000.0,62ea4cd5-a492-48ae-b5ac-697323309b4c,53.47,Unclassified,electromagnetic,https://jackmcguireastro.github.io/ctas.html?event=62ea4cd5-a492-48ae-b5ac-697323309b4c#dossier,https://www.wis-tns.org/object/2026zvs,,,,,,,
AT2026zvt,SIDEREAL,255.025083,52.307158,2000.0,55d6c4c1-4b28-489a-9ac9-2857634b0f5f,54.82,Unclassified,electromagnetic,https://jackmcguireastro.github.io/ctas.html?event=55d6c4c1-4b28-489a-9ac9-2857634b0f5f#dossier,https://www.wis-tns.org/object/2026zvt,,,,,,,
AT2026zvu,SIDEREAL,266.212042,47.485003,2000.0,6d369cb3-6b62-4c41-a7c9-5b3ae179a92e,53.1,Unclassified,electromagnetic,https://jackmcguireastro.github.io/ctas.html?event=6d369cb3-6b62-4c41-a7c9-5b3ae179a92e#dossier,https://www.wis-tns.org/object/2026zvu,,,,,,,
AT2026zvv,SIDEREAL,253.030542,20.628236,2000.0,9e75e6c0-6ffe-4ce2-906e-30e8977809bd,52.17,Unclassified,electromagnetic,https://jackmcguireastro.github.io/ctas.html?event=9e75e6c0-6ffe-4ce2-906e-30e8977809bd#dossier,https://www.wis-tns.org/object/2026zvv,,,,,,,
AT2026zvw,SIDEREAL,272.695,21.981528,2000.0,313d787d-0aae-4c2a-a2c3-ae1c276d0458,55.95,Unclassified,electromagnetic,https://jackmcguireastro.github.io/ctas.html?event=313d787d-0aae-4c2a-a2c3-ae1c276d0458#dossier,https://www.wis-tns.org/object/2026zvw,,,,,,,
AT2026zvx,SIDEREAL,248.60775,26.441167,2000.0,0c7fede7-8cc6-460a-8973-09da2362726f,54.15,Unclassified,electromagnetic,https://jackmcguireastro.github.io/ctas.html?event=0c7fede7-8cc6-460a-8973-09da2362726f#dossier,https://www.wis-tns.org/object/2026zvx,,,,,,,
AT2026zvy,SIDEREAL,273.137292,52.141503,2000.0,e3e74c7e-5d13-4d80-bfdd-fff902a328f3,53.65,Unclassified,electromagnetic,https://jackmcguireastro.github.io/ctas.html?event=e3e74c7e-5d13-4d80-bfdd-fff902a328f3#dossier,https://www.wis-tns.org/object/2026zvy,,,,,,,
AT2026zvz,SIDEREAL,270.350333,50.328103,2000.0,e6ee91c1-aecc-4839-b2b9-002e1cca0501,55.9,Unclassified,electromagnetic,https://jackmcguireastro.github.io/ctas.html?event=e6ee91c1-aecc-4839-b2b9-002e1cca0501#dossier,https://www.wis-tns.org/object/2026zvz,,,,,,,
AT2026yah,SIDEREAL,279.899542,47.818581,2000.0,2abae88a-2591-4737-ad38-aa70ae9b01b9,65.0,Unclassified,electromagnetic,https://jackmcguireastro.github.io/ctas.html?event=2abae88a-2591-4737-ad38-aa70ae9b01b9#dossier,https://www.wis-tns.org/object/2026yah,2026yah,,,,,,
AT2025iqp,SIDEREAL,192.46649999999997,34.135725,2000.0,02ba2cb9-a19d-48cc-a254-f44678cf5dc2,53.9,Unclassified,electromagnetic,https://jackmcguireastro.github.io/ctas.html?event=02ba2cb9-a19d-48cc-a254-f44678cf5dc2#dossier,,2025iqp,SN2025iqp,PS25bvq,,,,
AT2026zvh,SIDEREAL,38.928482,-6.9281031,2000.0,40dcd54a-ed15-4cb6-9537-3d70d9a023b6,65.33,Unclassified,electromagnetic,https://jackmcguireastro.github.io/ctas.html?event=40dcd54a-ed15-4cb6-9537-3d70d9a023b6#dossier,https://www.wis-tns.org/object/2026zvh,,,,,,,
AT2026zvj,SIDEREAL,21.2574212,-4.3442507,2000.0,ee4d22a6-69c2-4f16-b42f-edeb1991a1bc,55.12,Unclassified,electromagnetic,https://jackmcguireastro.github.io/ctas.html?event=ee4d22a6-69c2-4f16-b42f-edeb1991a1bc#dossier,https://www.wis-tns.org/object/2026zvj,,,,,,,
AT2026zvk,SIDEREAL,13.5731515,36.5215496,2000.0,dd5f10d0-157f-4363-9c8c-fb8e8eeaa814,56.25,Unclassified,electromagnetic,https://jackmcguireastro.github.io/ctas.html?event=dd5f10d0-157f-4363-9c8c-fb8e8eeaa814#dossier,https://www.wis-tns.org/object/2026zvk,,,,,,,
AT2026yvy,SIDEREAL,66.133125,-0.727111,2000.0,e160af00-4c66-4448-9853-ab46353120d6,64.93,Unclassified,electromagnetic,https://jackmcguireastro.github.io/ctas.html?event=e160af00-4c66-4448-9853-ab46353120d6#dossier,https://www.wis-tns.org/object/2026yvy,,,,,,,
AT2026zfr,SIDEREAL,65.3699114286,-28.2949685714,2000.0,abeceb19-78ee-4a6a-8212-5b6bc2179851,48.16,Unclassified,electromagnetic,https://jackmcguireastro.github.io/ctas.html?event=abeceb19-78ee-4a6a-8212-5b6bc2179851#dossier,https://www.wis-tns.org/object/2026zfr,ATLAS26kgc,GOTO26ikn,,,,,
AT2026zor,SIDEREAL,287.895605,-61.822795,2000.0,f5af4a56-d2de-4008-82b2-a9836ade8d5f,56.27,Unclassified,electromagnetic,https://jackmcguireastro.github.io/ctas.html?event=f5af4a56-d2de-4008-82b2-a9836ade8d5f#dossier,https://www.wis-tns.org/object/2026zor,ATLAS26kmr,GOTO26ilh,,,,,
SN2026xqu,SIDEREAL,48.0544488,-10.4832819,2000.0,10fb986c-8b69-469e-b89e-585c765fadd2,48.8,SN Ia-pec,electromagnetic,https://jackmcguireastro.github.io/ctas.html?event=10fb986c-8b69-469e-b89e-585c765fadd2#dossier,https://www.wis-tns.org/object/2026xqu,,,,,,,
AT2026zhe,SIDEREAL,50.7369398,-13.1110377,2000.0,572cc0c7-6fac-41d5-bace-aedf10a0bf20,56.7,Unclassified,electromagnetic,https://jackmcguireastro.github.io/ctas.html?event=572cc0c7-6fac-41d5-bace-aedf10a0bf20#dossier,https://www.wis-tns.org/object/2026zhe,,,,,,,
AT2026znw,SIDEREAL,325.2453375,-12.2411136,2000.0,777f18c9-88d5-42c9-9cc6-6c3899160e71,47.52,Unclassified,electromagnetic,https://jackmcguireastro.github.io/ctas.html?event=777f18c9-88d5-42c9-9cc6-6c3899160e71#dossier,https://www.wis-tns.org/object/2026znw,,,,,,,
AT2026zfs,SIDEREAL,94.347793,-37.828658,2000.0,b0fdc1cb-bc57-48d5-b27a-a5c79f1efd7b,49.63,Unclassified,electromagnetic,https://jackmcguireastro.github.io/ctas.html?event=b0fdc1cb-bc57-48d5-b27a-a5c79f1efd7b#dossier,https://www.wis-tns.org/object/2026zfs,ATLAS26kgd,,,,,,
AT2026zfu,SIDEREAL,91.05415625,-34.90059375,2000.0,139fc462-08f8-458f-bbc3-3b4ef1c210b1,49.48,Unclassified,electromagnetic,https://jackmcguireastro.github.io/ctas.html?event=139fc462-08f8-458f-bbc3-3b4ef1c210b1#dossier,https://www.wis-tns.org/object/2026zfu,ATLAS26kgf,,,,,,
AT2026zvc,SIDEREAL,90.1136577778,-27.5402966667,2000.0,c3284f0f-75a1-4502-83a2-bb6c366c11fd,70.95,Unclassified,electromagnetic,https://jackmcguireastro.github.io/ctas.html?event=c3284f0f-75a1-4502-83a2-bb6c366c11fd#dossier,https://www.wis-tns.org/object/2026zvc,ATLAS26knm,,,,,,
AT2026zgx,SIDEREAL,182.92409,-53.0077366667,2000.0,a856ded8-869f-43c3-b197-492f29fdf487,58.07,Unclassified,electromagnetic,https://jackmcguireastro.github.io/ctas.html?event=a856ded8-869f-43c3-b197-492f29fdf487#dossier,https://www.wis-tns.org/object/2026zgx,ATLAS26khe,,,,,,
AT2026zuy,SIDEREAL,228.724115,-26.46176,2000.0,4b06354d-f21e-4d01-afde-f09347db6172,68.14,Unclassified,electromagnetic,https://jackmcguireastro.github.io/ctas.html?event=4b06354d-f21e-4d01-afde-f09347db6172#dossier,https://www.wis-tns.org/object/2026zuy,ATLAS26knj,,,,,,
AT2026zhn,SIDEREAL,349.0055225,-41.9653175,2000.0,dfd398e0-410a-496c-b11b-10210ae47322,48.12,Unclassified,electromagnetic,https://jackmcguireastro.github.io/ctas.html?event=dfd398e0-410a-496c-b11b-10210ae47322#dossier,https://www.wis-tns.org/object/2026zhn,ATLAS26khq,,,,,,
AT2026zoo,SIDEREAL,235.664718333,45.67283,2000.0,b4f9ac59-ca1c-4fbb-9426-4c4129444ea5,51.61,Unclassified,electromagnetic,https://jackmcguireastro.github.io/ctas.html?event=b4f9ac59-ca1c-4fbb-9426-4c4129444ea5#dossier,https://www.wis-tns.org/object/2026zoo,ATLAS26kmo,,,,,,
AT2026zkm,SIDEREAL,262.33145141602,41.713817596436,2000.0,8d8a5b7a-2fa4-4830-be49-559e12dcc00e,58.33,Unclassified,electromagnetic,https://jackmcguireastro.github.io/ctas.html?event=8d8a5b7a-2fa4-4830-be49-559e12dcc00e#dossier,https://www.wis-tns.org/object/2026zkm,,,,,,,
AT2026zgr,SIDEREAL,330.1430286,-27.6732693,2000.0,410c11ff-ed95-4043-960a-298309f41b92,49.96,Unclassified,electromagnetic,https://jackmcguireastro.github.io/ctas.html?event=410c11ff-ed95-4043-960a-298309f41b92#dossier,https://www.wis-tns.org/object/2026zgr,ATLAS26klc,GOTO26ihg,ZTF26abqbjxk,,,,
SN2026yzt,SIDEREAL,255.3716507,30.1679512,2000.0,8c9982c7-fe6c-4326-8d80-dfe61e20a211,42.5,SN Ia,electromagnetic,https://jackmcguireastro.github.io/ctas.html?event=8c9982c7-fe6c-4326-8d80-dfe61e20a211#dossier,https://www.wis-tns.org/object/2026yzt,AT2026yzt,,,,,,
AT2026zjg,SIDEREAL,255.16612,55.9376875,2000.0,eff97de1-cf1b-470a-92ef-872cf8ca26e1,51.28,Unclassified,electromagnetic,https://jackmcguireastro.github.io/ctas.html?event=eff97de1-cf1b-470a-92ef-872cf8ca26e1#dossier,https://www.wis-tns.org/object/2026zjg,ATLAS26kkb,,,,,,
AT2026zfe,SIDEREAL,68.186627,-31.955499,2000.0,8fe9ba72-e71d-49ba-9dbf-8dc0c32eb3f2,54.2,Unclassified,electromagnetic,https://jackmcguireastro.github.io/ctas.html?event=8fe9ba72-e71d-49ba-9dbf-8dc0c32eb3f2#dossier,https://www.wis-tns.org/object/2026zfe,GOTO26ige,,,,,,
AT2026zjb,SIDEREAL,204.530576667,52.1135233333,2000.0,c26afb55-4f3c-4a1f-b9c6-2b96defe56d1,57.11,Unclassified,electromagnetic,https://jackmcguireastro.github.io/ctas.html?event=c26afb55-4f3c-4a1f-b9c6-2b96defe56d1#dossier,https://www.wis-tns.org/object/2026zjb,ATLAS26kjv,,,,,,
AT2026zop,SIDEREAL,314.65629,-60.4869566667,2000.0,881d6083-4a87-4162-aad2-aacb1ed1cb0d,57.57,Unclassified,electromagnetic,https://jackmcguireastro.github.io/ctas.html?event=881d6083-4a87-4162-aad2-aacb1ed1cb0d#dossier,https://www.wis-tns.org/object/2026zop,ATLAS26kmp,,,,,,
AT2026zgy,SIDEREAL,300.805417,14.173583,2000.0,836c3e84-00b8-46d2-8f63-eec666c5be0e,51.37,Unclassified,electromagnetic,https://jackmcguireastro.github.io/ctas.html?event=836c3e84-00b8-46d2-8f63-eec666c5be0e#dossier,https://www.wis-tns.org/object/2026zgy,PSP26O,,,,,,
AT2026ziz,SIDEREAL,231.390957,50.807065,2000.0,810976ca-384c-4f9e-8ce9-b7596b28a219,52.59,Unclassified,electromagnetic,https://jackmcguireastro.github.io/ctas.html?event=810976ca-384c-4f9e-8ce9-b7596b28a219#dossier,https://www.wis-tns.org/object/2026ziz,ATLAS26kjt,,,,,,
AT2026zox,SIDEREAL,220.4589848,-12.4959398,2000.0,effddde3-b389-4895-8153-52934a3452b3,67.1,Unclassified,electromagnetic,https://jackmcguireastro.github.io/ctas.html?event=effddde3-b389-4895-8153-52934a3452b3#dossier,https://www.wis-tns.org/object/2026zox,,,,,,,
AT2026zva,SIDEREAL,196.830072,13.6395762,2000.0,3c1c1c8a-320a-4637-9ccf-ff36d2b0c56b,56.04,Unclassified,electromagnetic,https://jackmcguireastro.github.io/ctas.html?event=3c1c1c8a-320a-4637-9ccf-ff36d2b0c56b#dossier,https://www.wis-tns.org/object/2026zva,,,,,,,
SN2026zfw,SIDEREAL,11.0606556,-25.1085945,2000.0,062a1550-1387-4d2e-872e-901deef6f7c5,48.31,SN Ia,electromagnetic,https://jackmcguireastro.github.io/ctas.html?event=062a1550-1387-4d2e-872e-901deef6f7c5#dossier,https://www.wis-tns.org/object/2026zfw,AT2026zfw,ATLAS26kgh,ZTF26abqccag,,,,
SN2026zfl,SIDEREAL,336.3976705,-27.8762161,2000.0,dcee05d7-6cd7-4022-9aa8-f8511af843db,46.86,SN Ia,electromagnetic,https://jackmcguireastro.github.io/ctas.html?event=dcee05d7-6cd7-4022-9aa8-f8511af843db#dossier,https://www.wis-tns.org/object/2026zfl,AT2026zfl,,,,,,
AT2026ziv,SIDEREAL,288.45590209961,36.740463256836,2000.0,d77e4684-2bd9-4ec9-a060-50e5de08b0bc,59.12,Unclassified,electromagnetic,https://jackmcguireastro.github.io/ctas.html?event=d77e4684-2bd9-4ec9-a060-50e5de08b0bc#dossier,https://www.wis-tns.org/object/2026ziv,,,,,,,
AT2026zeu,SIDEREAL,237.9849175,-30.59363,2000.0,23e076e0-8c59-4874-a355-6a6afe7f3985,57.49,Unclassified,electromagnetic,https://jackmcguireastro.github.io/ctas.html?event=23e076e0-8c59-4874-a355-6a6afe7f3985#dossier,https://www.wis-tns.org/object/2026zeu,ATLAS26kfr,,,,,,
AT2026zes,SIDEREAL,211.64966,-32.5732125,2000.0,64256398-5668-48ea-9b85-6f281bd85b68,53.86,Unclassified,electromagnetic,https://jackmcguireastro.github.io/ctas.html?event=64256398-5668-48ea-9b85-6f281bd85b68#dossier,https://www.wis-tns.org/object/2026zes,ATLAS26kfo,,,,,,
AT2026zhq,SIDEREAL,333.898438,-80.645366,2000.0,42d123f7-401b-4312-88e6-7795a4d18c32,52.93,Unclassified,electromagnetic,https://jackmcguireastro.github.io/ctas.html?event=42d123f7-401b-4312-88e6-7795a4d18c32#dossier,https://www.wis-tns.org/object/2026zhq,ATLAS26khw,,,,,,
AT2026zsy,SIDEREAL,339.55694580078,15.110154151917,2000.0,79e36526-f296-4505-b057-009128ebeace,49.19,Unclassified,electromagnetic,https://jackmcguireastro.github.io/ctas.html?event=79e36526-f296-4505-b057-009128ebeace#dossier,https://www.wis-tns.org/object/2026zsy,,,,,,,
AT2026zft,SIDEREAL,91.855594,-33.581706,2000.0,0f8e9fbf-45d6-4af3-8e19-726b07ca9967,55.6,Unclassified,electromagnetic,https://jackmcguireastro.github.io/ctas.html?event=0f8e9fbf-45d6-4af3-8e19-726b07ca9967#dossier,https://www.wis-tns.org/object/2026zft,ATLAS26kge,,,,,,
AT2026zjv,SIDEREAL,18.9466628571,-22.0368628571,2000.0,0388f5a7-d5f7-4ff0-9eeb-5e0e83323359,54.93,Unclassified,electromagnetic,https://jackmcguireastro.github.io/ctas.html?event=0388f5a7-d5f7-4ff0-9eeb-5e0e83323359#dossier,https://www.wis-tns.org/object/2026zjv,ATLAS26kli,,,,,,
AT2026zny,SIDEREAL,251.128533333,29.18003,2000.0,63f7a26d-b4d0-41ae-8007-dbe74b7168fc,57.02,Unclassified,electromagnetic,https://jackmcguireastro.github.io/ctas.html?event=63f7a26d-b4d0-41ae-8007-dbe74b7168fc#dossier,https://www.wis-tns.org/object/2026zny,ATLAS26kmh,,,,,,
AT2026znz,SIDEREAL,11.2297525,-61.0781375,2000.0,08547ad8-d696-47fe-82f0-4cad8151828b,58.72,Unclassified,electromagnetic,https://jackmcguireastro.github.io/ctas.html?event=08547ad8-d696-47fe-82f0-4cad8151828b#dossier,https://www.wis-tns.org/object/2026znz,ATLAS26kmi,,,,,,
AT2026zfx,SIDEREAL,61.39513125,-22.63607375,2000.0,a8288b98-2a45-4559-b14a-c78af4c0e7d7,54.31,Unclassified,electromagnetic,https://jackmcguireastro.github.io/ctas.html?event=a8288b98-2a45-4559-b14a-c78af4c0e7d7#dossier,https://www.wis-tns.org/object/2026zfx,ATLAS26kgi,GOTO26iip,,,,,
SN2026yjz,SIDEREAL,301.6133634,18.5835439,2000.0,643cfa33-3a20-401d-a330-5a8a4b6782ab,51.5,SN Ia,electromagnetic,https://jackmcguireastro.github.io/ctas.html?event=643cfa33-3a20-401d-a330-5a8a4b6782ab#dossier,https://www.wis-tns.org/object/2026yjz,AT2026yjz,2026yjz,,,,,
AT2026zsx,SIDEREAL,247.2934175,50.2897475,2000.0,500d682b-3665-4067-9ed1-216077a6bd65,67.45,Unclassified,electromagnetic,https://jackmcguireastro.github.io/ctas.html?event=500d682b-3665-4067-9ed1-216077a6bd65#dossier,https://www.wis-tns.org/object/2026zsx,ATLAS26knf,,,,,,
AT2026zuv,SIDEREAL,300.0158843,6.1201122,2000.0,1363053f-9ff9-4716-87fb-1d7663dc5c4e,48.54,Unclassified,electromagnetic,https://jackmcguireastro.github.io/ctas.html?event=1363053f-9ff9-4716-87fb-1d7663dc5c4e#dossier,https://www.wis-tns.org/object/2026zuv,ZTF26abpntyo,,,,,,
AT2026zkl,SIDEREAL,56.595125,30.429778,2000.0,7e51acc9-43db-4238-8820-f6fe9a5849d6,59.15,Unclassified,electromagnetic,https://jackmcguireastro.github.io/ctas.html?event=7e51acc9-43db-4238-8820-f6fe9a5849d6#dossier,https://www.wis-tns.org/object/2026zkl,,,,,,,
AT2026yvz,SIDEREAL,10.8227928,41.4474886,2000.0,9e43a2e4-fde7-4a09-8cb5-02c72f2b181c,61.5,Unclassified,electromagnetic,https://jackmcguireastro.github.io/ctas.html?event=9e43a2e4-fde7-4a09-8cb5-02c72f2b181c#dossier,https://www.wis-tns.org/object/2026yvz,,,,,,,
AT2026yad,SIDEREAL,249.0842795,33.3902593,2000.0,d2a07370-b5e0-4bae-9335-20ad8aac7416,58.71,Unclassified,electromagnetic,https://jackmcguireastro.github.io/ctas.html?event=d2a07370-b5e0-4bae-9335-20ad8aac7416#dossier,https://www.wis-tns.org/object/2026yad,,,,,,,
SN2023fsi,SIDEREAL,302.5373863,-5.4260456,2000.0,623bde84-2144-4272-9764-18a78ff1690a,47.23,SN Ia,electromagnetic,https://jackmcguireastro.github.io/ctas.html?event=623bde84-2144-4272-9764-18a78ff1690a#dossier,https://www.wis-tns.org/object/2023fsi,,,,,,,
SN2026zkv,SIDEREAL,358.0901627,24.9228013,2000.0,fac9d407-7397-41a0-994c-44b83702def4,42.91,SN Ia,electromagnetic,https://jackmcguireastro.github.io/ctas.html?event=fac9d407-7397-41a0-994c-44b83702def4#dossier,https://www.wis-tns.org/object/2026zkv,AT2026zkv,,,,,,
AT2026zsr,SIDEREAL,188.5822738,36.5116758,2000.0,6b5c2d4d-bb6d-4082-83c6-cf516d00621e,63.96,Unclassified,electromagnetic,https://jackmcguireastro.github.io/ctas.html?event=6b5c2d4d-bb6d-4082-83c6-cf516d00621e#dossier,https://www.wis-tns.org/object/2026zsr,ZTF26abpcixp,,,,,,
AT2026zsc,SIDEREAL,111.9952618,39.4844033,2000.0,5db28503-7025-4744-a3b3-f9b7631464e0,62.0,Unclassified,electromagnetic,https://jackmcguireastro.github.io/ctas.html?event=5db28503-7025-4744-a3b3-f9b7631464e0#dossier,https://www.wis-tns.org/object/2026zsc,,,,,,,
AT2026zsz,SIDEREAL,41.553508,6.197869,2000.0,f43ee665-14e2-41bb-8275-9c054a67cb3b,75.76,Unclassified,electromagnetic,https://jackmcguireastro.github.io/ctas.html?event=f43ee665-14e2-41bb-8275-9c054a67cb3b#dossier,https://www.wis-tns.org/object/2026zsz,,,,,,,
AT2026zta,SIDEREAL,348.959042,-0.363089,2000.0,8061d539-c7ab-4dd5-b164-67fe969fdad8,50.9,Unclassified,electromagnetic,https://jackmcguireastro.github.io/ctas.html?event=8061d539-c7ab-4dd5-b164-67fe969fdad8#dossier,https://www.wis-tns.org/object/2026zta,,,,,,,
AT2023admr,SIDEREAL,2.806792,-0.367081,2000.0,2a5da5c5-4313-45cc-8ff6-97687035e8fa,51.75,Unclassified,electromagnetic,https://jackmcguireastro.github.io/ctas.html?event=2a5da5c5-4313-45cc-8ff6-97687035e8fa#dossier,https://www.wis-tns.org/object/2023admr,,,,,,,
AT2026ztb,SIDEREAL,3.364625,-0.100747,2000.0,455e2a4b-9591-4867-be82-aadd1ae3b9ad,51.2,Unclassified,electromagnetic,https://jackmcguireastro.github.io/ctas.html?event=455e2a4b-9591-4867-be82-aadd1ae3b9ad#dossier,https://www.wis-tns.org/object/2026ztb,,,,,,,
AT2026ztc,SIDEREAL,31.770583,6.496933,2000.0,69dd2db2-c606-4391-80e1-5042abbcd129,50.0,Unclassified,electromagnetic,https://jackmcguireastro.github.io/ctas.html?event=69dd2db2-c606-4391-80e1-5042abbcd129#dossier,https://www.wis-tns.org/object/2026ztc,,,,,,,
AT2026ztd,SIDEREAL,18.287708,5.348831,2000.0,46a83c56-2c4b-4907-a94b-267220446450,51.18,Unclassified,electromagnetic,https://jackmcguireastro.github.io/ctas.html?event=46a83c56-2c4b-4907-a94b-267220446450#dossier,https://www.wis-tns.org/object/2026ztd,,,,,,,
AT2026zte,SIDEREAL,345.745833,4.118761,2000.0,da0619db-5c07-4a91-817e-e29d12dee985,50.7,Unclassified,electromagnetic,https://jackmcguireastro.github.io/ctas.html?event=da0619db-5c07-4a91-817e-e29d12dee985#dossier,https://www.wis-tns.org/object/2026zte,,,,,,,
AT2026ztf,SIDEREAL,33.831083,3.729431,2000.0,6661d845-5968-45ce-8897-691b5083fd64,50.7,Unclassified,electromagnetic,https://jackmcguireastro.github.io/ctas.html?event=6661d845-5968-45ce-8897-691b5083fd64#dossier,https://www.wis-tns.org/object/2026ztf,,,,,,,
AT2026ztg,SIDEREAL,16.857917,-0.313281,2000.0,10c9873e-8018-49f5-bd40-a6075c1f5fbe,50.25,Unclassified,electromagnetic,https://jackmcguireastro.github.io/ctas.html?event=10c9873e-8018-49f5-bd40-a6075c1f5fbe#dossier,https://www.wis-tns.org/object/2026ztg,,,,,,,
AT2026zth,SIDEREAL,36.431167,4.581258,2000.0,ddc2bb2f-f03f-4819-9a4f-059888cf1c6b,50.45,Unclassified,electromagnetic,https://jackmcguireastro.github.io/ctas.html?event=ddc2bb2f-f03f-4819-9a4f-059888cf1c6b#dossier,https://www.wis-tns.org/object/2026zth,,,,,,,
AT2026zti,SIDEREAL,33.699542,-0.043697,2000.0,e3103fa4-a7e8-4016-9ef7-58198e0c074e,50.48,Unclassified,electromagnetic,https://jackmcguireastro.github.io/ctas.html?event=e3103fa4-a7e8-4016-9ef7-58198e0c074e#dossier,https://www.wis-tns.org/object/2026zti,,,,,,,
AT2026ztj,SIDEREAL,14.266917,4.204994,2000.0,e0392c99-b534-4069-a99d-77e753d947d4,50.65,Unclassified,electromagnetic,https://jackmcguireastro.github.io/ctas.html?event=e0392c99-b534-4069-a99d-77e753d947d4#dossier,https://www.wis-tns.org/object/2026ztj,,,,,,,
AT2026ztk,SIDEREAL,23.9375,-0.721642,2000.0,a92a4e52-88ae-4b6b-9acc-231f3dc224fd,49.35,Unclassified,electromagnetic,https://jackmcguireastro.github.io/ctas.html?event=a92a4e52-88ae-4b6b-9acc-231f3dc224fd#dossier,https://www.wis-tns.org/object/2026ztk,,,,,,,
AT2026ztl,SIDEREAL,30.385292,3.558639,2000.0,e3966be7-c601-4758-afa5-6be76ef9e141,49.45,Unclassified,electromagnetic,https://jackmcguireastro.github.io/ctas.html?event=e3966be7-c601-4758-afa5-6be76ef9e141#dossier,https://www.wis-tns.org/object/2026ztl,,,,,,,
AT2026ztm,SIDEREAL,32.522833,1.848158,2000.0,e908be9b-b242-45ea-95f1-e8627a36bea3,49.65,Unclassified,electromagnetic,https://jackmcguireastro.github.io/ctas.html?event=e908be9b-b242-45ea-95f1-e8627a36bea3#dossier,https://www.wis-tns.org/object/2026ztm,,,,,,,
AT2026ztn,SIDEREAL,33.419333,-1.064494,2000.0,710282d3-ccf6-470a-9b55-7869099fe5bb,49.45,Unclassified,electromagnetic,https://jackmcguireastro.github.io/ctas.html?event=710282d3-ccf6-470a-9b55-7869099fe5bb#dossier,https://www.wis-tns.org/object/2026ztn,,,,,,,
AT2026zto,SIDEREAL,356.580083,5.615453,2000.0,644e7e3b-5304-4807-90e7-1dd1e29c1f6d,52.6,Unclassified,electromagnetic,https://jackmcguireastro.github.io/ctas.html?event=644e7e3b-5304-4807-90e7-1dd1e29c1f6d#dossier,https://www.wis-tns.org/object/2026zto,,,,,,,
AT2026ztp,SIDEREAL,27.205458,-0.828075,2000.0,2167aeea-b801-41ae-9099-026b13fc7fe6,49.55,Unclassified,electromagnetic,https://jackmcguireastro.github.io/ctas.html?event=2167aeea-b801-41ae-9099-026b13fc7fe6#dossier,https://www.wis-tns.org/object/2026ztp,,,,,,,
AT2026ztq,SIDEREAL,32.425083,6.0687,2000.0,c8b10e81-b7ff-40a7-8b7b-83e3ce62ccf9,50.08,Unclassified,electromagnetic,https://jackmcguireastro.github.io/ctas.html?event=c8b10e81-b7ff-40a7-8b7b-83e3ce62ccf9#dossier,https://www.wis-tns.org/object/2026ztq,,,,,,,
AT2026ztr,SIDEREAL,350.265458,2.562958,2000.0,24713090-0c74-454e-b536-297a65d80bef,49.98,Unclassified,electromagnetic,https://jackmcguireastro.github.io/ctas.html?event=24713090-0c74-454e-b536-297a65d80bef#dossier,https://www.wis-tns.org/object/2026ztr,,,,,,,
AT2026zts,SIDEREAL,31.754458,2.330881,2000.0,e7062526-68ae-43e2-85f1-c8d487642525,50.0,Unclassified,electromagnetic,https://jackmcguireastro.github.io/ctas.html?event=e7062526-68ae-43e2-85f1-c8d487642525#dossier,https://www.wis-tns.org/object/2026zts,,,,,,,
AT2026ztt,SIDEREAL,0.0855,2.222878,2000.0,6f44ae93-abd9-40a0-9eeb-ade77aaff085,51.18,Unclassified,electromagnetic,https://jackmcguireastro.github.io/ctas.html?event=6f44ae93-abd9-40a0-9eeb-ade77aaff085#dossier,https://www.wis-tns.org/object/2026ztt,,,,,,,
AT2026ztu,SIDEREAL,17.851167,-0.897197,2000.0,78cfba60-cb54-4f0c-8aa3-a1eb4ecea6c7,49.25,Unclassified,electromagnetic,https://jackmcguireastro.github.io/ctas.html?event=78cfba60-cb54-4f0c-8aa3-a1eb4ecea6c7#dossier,https://www.wis-tns.org/object/2026ztu,,,,,,,
AT2026ztw,SIDEREAL,18.322667,-0.782728,2000.0,3b56e2c2-33fb-4754-982c-22cb0e4e80f4,52.04,Unclassified,electromagnetic,https://jackmcguireastro.github.io/ctas.html?event=3b56e2c2-33fb-4754-982c-22cb0e4e80f4#dossier,https://www.wis-tns.org/object/2026ztw,,,,,,,
AT2026ztx,SIDEREAL,232.4435,49.272719,2000.0,c1a1838f-99d5-4ecc-bfdd-0be12869c4ae,54.62,Unclassified,electromagnetic,https://jackmcguireastro.github.io/ctas.html?event=c1a1838f-99d5-4ecc-bfdd-0be12869c4ae#dossier,https://www.wis-tns.org/object/2026ztx,,,,,,,
AT2026zty,SIDEREAL,1.960542,34.798458,2000.0,ead44448-b7a6-4e81-a9a8-4dfd614c4732,54.53,Unclassified,electromagnetic,https://jackmcguireastro.github.io/ctas.html?event=ead44448-b7a6-4e81-a9a8-4dfd614c4732#dossier,https://www.wis-tns.org/object/2026zty,,,,,,,
AT2026ztz,SIDEREAL,245.479667,33.5752,2000.0,b2fd54d2-2002-4666-9531-d46287e8d114,54.03,Unclassified,electromagnetic,https://jackmcguireastro.github.io/ctas.html?event=b2fd54d2-2002-4666-9531-d46287e8d114#dossier,https://www.wis-tns.org/object/2026ztz,,,,,,,
AT2026zua,SIDEREAL,243.194708,35.880847,2000.0,e935fad8-4603-404f-a297-33909f3e3fda,53.62,Unclassified,electromagnetic,https://jackmcguireastro.github.io/ctas.html?event=e935fad8-4603-404f-a297-33909f3e3fda#dossier,https://www.wis-tns.org/object/2026zua,,,,,,,
AT2026zub,SIDEREAL,354.161958,35.462708,2000.0,ce17ee0a-2436-4cb9-b648-182cebbd940a,52.55,Unclassified,electromagnetic,https://jackmcguireastro.github.io/ctas.html?event=ce17ee0a-2436-4cb9-b648-182cebbd940a#dossier,https://www.wis-tns.org/object/2026zub,,,,,,,
AT2026zuc,SIDEREAL,5.254125,44.620344,2000.0,7f60bcfd-93aa-4578-9abc-14311252ebc7,53.88,Unclassified,electromagnetic,https://jackmcguireastro.github.io/ctas.html?event=7f60bcfd-93aa-4578-9abc-14311252ebc7#dossier,https://www.wis-tns.org/object/2026zuc,,,,,,,
AT2026zud,SIDEREAL,258.331208,17.006922,2000.0,334172c5-62c0-40d4-9bdf-45f65690a2eb,55.3,Unclassified,electromagnetic,https://jackmcguireastro.github.io/ctas.html?event=334172c5-62c0-40d4-9bdf-45f65690a2eb#dossier,https://www.wis-tns.org/object/2026zud,,,,,,,
AT2026zue,SIDEREAL,266.75925,15.767039,2000.0,41dc9b68-7261-45c7-b6bf-a5bba5499834,54.67,Unclassified,electromagnetic,https://jackmcguireastro.github.io/ctas.html?event=41dc9b68-7261-45c7-b6bf-a5bba5499834#dossier,https://www.wis-tns.org/object/2026zue,,,,,,,
AT2026zuf,SIDEREAL,246.033542,42.677711,2000.0,fd3088d8-7819-40af-b182-9ce716152643,55.08,Unclassified,electromagnetic,https://jackmcguireastro.github.io/ctas.html?event=fd3088d8-7819-40af-b182-9ce716152643#dossier,https://www.wis-tns.org/object/2026zuf,,,,,,,
AT2026zja,SIDEREAL,243.148167,38.625286,2000.0,5a8fab9d-c3e1-4c7a-ad7a-cdbc8510b98d,57.57,Unclassified,electromagnetic,https://jackmcguireastro.github.io/ctas.html?event=5a8fab9d-c3e1-4c7a-ad7a-cdbc8510b98d#dossier,https://www.wis-tns.org/object/2026zja,,,,,,,
AT2026zug,SIDEREAL,245.371042,38.423978,2000.0,280bcf98-4304-459a-b510-7257e9f58d53,54.98,Unclassified,electromagnetic,https://jackmcguireastro.github.io/ctas.html?event=280bcf98-4304-459a-b510-7257e9f58d53#dossier,https://www.wis-tns.org/object/2026zug,,,,,,,
AT2026zuh,SIDEREAL,245.567917,36.94295,2000.0,6199610e-db9e-499e-98c1-58ce2e710ceb,52.7,Unclassified,electromagnetic,https://jackmcguireastro.github.io/ctas.html?event=6199610e-db9e-499e-98c1-58ce2e710ceb#dossier,https://www.wis-tns.org/object/2026zuh,,,,,,,
AT2026zui,SIDEREAL,247.606625,34.066389,2000.0,1b563cdc-2739-4b03-8cea-9a6d4d0fcb7f,55.8,Unclassified,electromagnetic,https://jackmcguireastro.github.io/ctas.html?event=1b563cdc-2739-4b03-8cea-9a6d4d0fcb7f#dossier,https://www.wis-tns.org/object/2026zui,,,,,,,
AT2026zuj,SIDEREAL,252.588917,33.726994,2000.0,a89a1d01-6cef-421e-9366-2bab5eb1bd2c,53.42,Unclassified,electromagnetic,https://jackmcguireastro.github.io/ctas.html?event=a89a1d01-6cef-421e-9366-2bab5eb1bd2c#dossier,https://www.wis-tns.org/object/2026zuj,,,,,,,
AT2026zuk,SIDEREAL,254.106542,31.95445,2000.0,d57e6566-feda-433c-9b02-329aea2ccef6,51.8,Unclassified,electromagnetic,https://jackmcguireastro.github.io/ctas.html?event=d57e6566-feda-433c-9b02-329aea2ccef6#dossier,https://www.wis-tns.org/object/2026zuk,,,,,,,
AT2026zul,SIDEREAL,243.723667,32.307586,2000.0,b88865f8-785b-4089-a79c-48ce065e583e,55.45,Unclassified,electromagnetic,https://jackmcguireastro.github.io/ctas.html?event=b88865f8-785b-4089-a79c-48ce065e583e#dossier,https://www.wis-tns.org/object/2026zul,,,,,,,
AT2026zum,SIDEREAL,242.732,31.585481,2000.0,4c3c7e48-8cc8-47fe-ae1c-aa32b76156fa,52.15,Unclassified,electromagnetic,https://jackmcguireastro.github.io/ctas.html?event=4c3c7e48-8cc8-47fe-ae1c-aa32b76156fa#dossier,https://www.wis-tns.org/object/2026zum,,,,,,,
AT2026zod,SIDEREAL,258.002125,15.2381,2000.0,878870da-ebd7-4637-9d54-f7a3871ddd56,57.6,Unclassified,electromagnetic,https://jackmcguireastro.github.io/ctas.html?event=878870da-ebd7-4637-9d54-f7a3871ddd56#dossier,https://www.wis-tns.org/object/2026zod,,,,,,,
AT2026zun,SIDEREAL,354.807833,41.456167,2000.0,af78e7ae-1cce-4428-8aea-0ebce3acf539,55.15,Unclassified,electromagnetic,https://jackmcguireastro.github.io/ctas.html?event=af78e7ae-1cce-4428-8aea-0ebce3acf539#dossier,https://www.wis-tns.org/object/2026zun,,,,,,,
AT2026zuo,SIDEREAL,350.849708,38.078208,2000.0,3ca0d005-4763-4be3-9465-be08ab69fa27,53.77,Unclassified,electromagnetic,https://jackmcguireastro.github.io/ctas.html?event=3ca0d005-4763-4be3-9465-be08ab69fa27#dossier,https://www.wis-tns.org/object/2026zuo,,,,,,,
SN2026yhe,SIDEREAL,11.801886877778,-12.521578655556,2000.0,f4a6a561-a46a-4904-90fa-82eb7919628f,44.15,SN Ia,electromagnetic,https://jackmcguireastro.github.io/ctas.html?event=f4a6a561-a46a-4904-90fa-82eb7919628f#dossier,https://www.wis-tns.org/object/2026yhe,AT2026yhe,,,,,,
Chime-1174605973,SIDEREAL,43.1427699,8.6981124,2000.0,7c54b3a0-65df-491f-a6af-e377b5b1e1b9,0.0,high-importance,radio,https://jackmcguireastro.github.io/ctas.html?event=7c54b3a0-65df-491f-a6af-e377b5b1e1b9#dossier,https://www.wis-tns.org/object/2026wmw,AT2026wmw,1174605973,,,,,
Chime-1174605968,SIDEREAL,44.3760979,8.7059486,2000.0,a88d6195-6cdd-469f-bf51-1163dc05fccb,0.0,high-importance,radio,https://jackmcguireastro.github.io/ctas.html?event=a88d6195-6cdd-469f-bf51-1163dc05fccb#dossier,,1174605968,,,,,,
Chime-1174588599,SIDEREAL,316.7528814,29.4426147,2000.0,656cb6bb-bcb4-4e71-ae20-359779006dc1,0.0,high-importance,radio,https://jackmcguireastro.github.io/ctas.html?event=656cb6bb-bcb4-4e71-ae20-359779006dc1#dossier,,1174588599,,,,,,
AT2026zsw,SIDEREAL,7.65460333333,16.6794166667,2000.0,ab2dc607-2ee9-4700-9ce5-66fc629e9c5d,62.45,Unclassified,electromagnetic,https://jackmcguireastro.github.io/ctas.html?event=ab2dc607-2ee9-4700-9ce5-66fc629e9c5d#dossier,https://www.wis-tns.org/object/2026zsw,,,,,,,
SN2026zkk,SIDEREAL,341.399333,38.562028,2000.0,3c6a7a27-a3ff-4ac0-99e6-a732f4a6943f,51.42,SN Ia-91T-like,electromagnetic,https://jackmcguireastro.github.io/ctas.html?event=3c6a7a27-a3ff-4ac0-99e6-a732f4a6943f#dossier,https://www.wis-tns.org/object/2026zkk,AT2026zkk,,,,,,
AT2026zjd,SIDEREAL,68.9565777778,-7.14798888889,2000.0,20946a0e-8aae-4339-85b5-fd22331a47b6,47.79,Unclassified,electromagnetic,https://jackmcguireastro.github.io/ctas.html?event=20946a0e-8aae-4339-85b5-fd22331a47b6#dossier,https://www.wis-tns.org/object/2026zjd,ATLAS26kjx,GOTO26ikl,,,,,
AT2026zjk,SIDEREAL,96.1474371429,-13.4866321429,2000.0,0e2e4bc7-00fe-45da-9a8a-8114697026e5,55.46,Unclassified,electromagnetic,https://jackmcguireastro.github.io/ctas.html?event=0e2e4bc7-00fe-45da-9a8a-8114697026e5#dossier,https://www.wis-tns.org/object/2026zjk,ATLAS26kkf,,,,,,
AT2026zsv,SIDEREAL,3.9965147,45.2550057,2000.0,5bf29f0e-eb75-4b2c-839e-bfcce7c27cbc,53.38,Unclassified,electromagnetic,https://jackmcguireastro.github.io/ctas.html?event=5bf29f0e-eb75-4b2c-839e-bfcce7c27cbc#dossier,https://www.wis-tns.org/object/2026zsv,,,,,,,
AT2026zhm,SIDEREAL,346.878663333,-67.0134966667,2000.0,0e26aaec-9fa7-4fc6-a427-e8bdbd8f700d,50.01,Unclassified,electromagnetic,https://jackmcguireastro.github.io/ctas.html?event=0e26aaec-9fa7-4fc6-a427-e8bdbd8f700d#dossier,https://www.wis-tns.org/object/2026zhm,ATLAS26khp,,,,,,
AT2026zha,SIDEREAL,58.2221075,-14.324955,2000.0,18b9d780-1846-4aca-96bf-f1dbdb315c58,47.51,Unclassified,electromagnetic,https://jackmcguireastro.github.io/ctas.html?event=18b9d780-1846-4aca-96bf-f1dbdb315c58#dossier,https://www.wis-tns.org/object/2026zha,ATLAS26khn,GOTO26ihm,,,,,
AT2026wki,SIDEREAL,295.2840666666666,60.82160555555556,2000.0,acd0623c-a9cc-44a4-b368-9cf33d553d83,61.0,Unclassified,electromagnetic,https://jackmcguireastro.github.io/ctas.html?event=acd0623c-a9cc-44a4-b368-9cf33d553d83#dossier,,2026wki,,,,,,
AT2026zis,SIDEREAL,353.355253333,-31.9082588889,2000.0,1f44f479-0932-4e55-993b-5e87073d874f,53.8,Unclassified,electromagnetic,https://jackmcguireastro.github.io/ctas.html?event=1f44f479-0932-4e55-993b-5e87073d874f#dossier,https://www.wis-tns.org/object/2026zis,ATLAS26klb,GOTO26iim,,,,,
AT2026ziw,SIDEREAL,285.0401845,66.5402857,2000.0,b92d2c67-791a-40ac-8a52-51fac88ae75d,57.38,Unclassified,electromagnetic,https://jackmcguireastro.github.io/ctas.html?event=b92d2c67-791a-40ac-8a52-51fac88ae75d#dossier,https://www.wis-tns.org/object/2026ziw,,,,,,,
AT2026zsu,SIDEREAL,270.3035421,23.1164264,2000.0,2da9536e-69b3-4e3f-a9e3-6f8bdf345401,55.12,Unclassified,electromagnetic,https://jackmcguireastro.github.io/ctas.html?event=2da9536e-69b3-4e3f-a9e3-6f8bdf345401#dossier,https://www.wis-tns.org/object/2026zsu,,,,,,,
AT2026zss,SIDEREAL,113.9665412,14.5006494,2000.0,8b96c3ac-3aba-4f36-b6dc-152193644d74,72.94,Unclassified,electromagnetic,https://jackmcguireastro.github.io/ctas.html?event=8b96c3ac-3aba-4f36-b6dc-152193644d74#dossier,https://www.wis-tns.org/object/2026zss,,,,,,,
SN2026yae,SIDEREAL,232.2693568,53.7935883,2000.0,cdb51581-25a9-46a2-af9d-c3fed585791b,46.2,SN Ia,electromagnetic,https://jackmcguireastro.github.io/ctas.html?event=cdb51581-25a9-46a2-af9d-c3fed585791b#dossier,https://www.wis-tns.org/object/2026yae,,,,,,,
AT2026zsm,SIDEREAL,223.2854492,-1.3555583,2000.0,0155289e-6a73-4081-aeeb-5f2e32f22569,55.79,Unclassified,electromagnetic,https://jackmcguireastro.github.io/ctas.html?event=0155289e-6a73-4081-aeeb-5f2e32f22569#dossier,https://www.wis-tns.org/object/2026zsm,,,,,,,
AT2026vdp,SIDEREAL,222.3299477,-14.8214614,2000.0,f91e0340-2d8c-41fd-b092-93a25be92b3b,56.07,Unclassified,electromagnetic,https://jackmcguireastro.github.io/ctas.html?event=f91e0340-2d8c-41fd-b092-93a25be92b3b#dossier,https://www.wis-tns.org/object/2026vdp,,,,,,,
AT2026zso,SIDEREAL,216.7383719,16.2416037,2000.0,409fbfff-8c1d-4fd7-a8f5-f377bc8c2a6c,56.82,Unclassified,electromagnetic,https://jackmcguireastro.github.io/ctas.html?event=409fbfff-8c1d-4fd7-a8f5-f377bc8c2a6c#dossier,https://www.wis-tns.org/object/2026zso,,,,,,,
AT2026xzs,SIDEREAL,221.5317634,6.4240543,2000.0,65f54821-d266-4abc-84ea-39b1ca21c263,58.82,Unclassified,electromagnetic,https://jackmcguireastro.github.io/ctas.html?event=65f54821-d266-4abc-84ea-39b1ca21c263#dossier,https://www.wis-tns.org/object/2026xzs,,,,,,,
AT2026zsp,SIDEREAL,210.5145091,0.206704,2000.0,3e8e0ae9-3e97-47d4-be5d-5023208196bc,56.16,Unclassified,electromagnetic,https://jackmcguireastro.github.io/ctas.html?event=3e8e0ae9-3e97-47d4-be5d-5023208196bc#dossier,https://www.wis-tns.org/object/2026zsp,,,,,,,
AT2026zsq,SIDEREAL,208.600376,8.5461422,2000.0,f3cf7a8d-8daf-4e55-a4e2-25beee88477f,57.46,Unclassified,electromagnetic,https://jackmcguireastro.github.io/ctas.html?event=f3cf7a8d-8daf-4e55-a4e2-25beee88477f#dossier,https://www.wis-tns.org/object/2026zsq,,,,,,,
AT2026zst,SIDEREAL,248.5074513,10.5561025,2000.0,c9d72f12-556b-4f94-9f82-d2e622d1ade7,54.28,Unclassified,electromagnetic,https://jackmcguireastro.github.io/ctas.html?event=c9d72f12-556b-4f94-9f82-d2e622d1ade7#dossier,https://www.wis-tns.org/object/2026zst,,,,,,,
AT2025lop,SIDEREAL,204.8543904,-1.6920449,2000.0,bfb91256-5c46-4b00-bec4-eaa5cb410d7d,56.04,Unclassified,electromagnetic,https://jackmcguireastro.github.io/ctas.html?event=bfb91256-5c46-4b00-bec4-eaa5cb410d7d#dossier,https://www.wis-tns.org/object/2025lop,,,,,,,
AT2026zht,SIDEREAL,264.140333,-54.285267,2000.0,411d59bf-d113-45af-9f91-d82431b60750,51.6,Unclassified,electromagnetic,https://jackmcguireastro.github.io/ctas.html?event=411d59bf-d113-45af-9f91-d82431b60750#dossier,https://www.wis-tns.org/object/2026zht,ATLAS26kio,GOTO26ilk,,,,,
AT2026zhl,SIDEREAL,13.051561,-58.369093,2000.0,0b3c9ea8-6cfb-4492-8140-0799157f69ca,52.28,Unclassified,electromagnetic,https://jackmcguireastro.github.io/ctas.html?event=0b3c9ea8-6cfb-4492-8140-0799157f69ca#dossier,https://www.wis-tns.org/object/2026zhl,ATLAS26kho,,,,,,
AT2026ziu,SIDEREAL,262.3907728,15.4050419,2000.0,d8974fe4-6cd4-4177-af32-d3f5d4874dc2,47.08,Unclassified,electromagnetic,https://jackmcguireastro.github.io/ctas.html?event=d8974fe4-6cd4-4177-af32-d3f5d4874dc2#dossier,https://www.wis-tns.org/object/2026ziu,,,,,,,
AT2026zer,SIDEREAL,201.97603,-13.4251066667,2000.0,2840a6ac-31c6-4d12-b685-2833d7fbc5be,57.98,Unclassified,electromagnetic,https://jackmcguireastro.github.io/ctas.html?event=2840a6ac-31c6-4d12-b685-2833d7fbc5be#dossier,https://www.wis-tns.org/object/2026zer,ATLAS26kfn,,,,,,
AT2026yzg,SIDEREAL,202.746153,-27.042942,2000.0,0eec3b89-c1eb-41e4-b293-70f90905ec0d,56.76,Unclassified,electromagnetic,https://jackmcguireastro.github.io/ctas.html?event=0eec3b89-c1eb-41e4-b293-70f90905ec0d#dossier,https://www.wis-tns.org/object/2026yzg,ATLAS26kbx,,,,,,
Chime-1174047852,SIDEREAL,295.1741859,59.3844716,2000.0,0c8de329-d0c0-40ac-8b30-dd37218b72a5,44.0,high-importance,radio,https://jackmcguireastro.github.io/ctas.html?event=0c8de329-d0c0-40ac-8b30-dd37218b72a5#dossier,,Chime-1173787982,1173787982,1174047852,,,,
AT2026znk,SIDEREAL,327.4372908,3.335184,2000.0,3f84d27a-1d26-4019-b0e8-44ab290f0168,71.24,Unclassified,electromagnetic,https://jackmcguireastro.github.io/ctas.html?event=3f84d27a-1d26-4019-b0e8-44ab290f0168#dossier,https://www.wis-tns.org/object/2026znk,,,,,,,
AT2026zok,SIDEREAL,29.84112,-2.319707,2000.0,efe2e9bb-ba1d-49f3-a5eb-630995061e7c,67.04,Unclassified,electromagnetic,https://jackmcguireastro.github.io/ctas.html?event=efe2e9bb-ba1d-49f3-a5eb-630995061e7c#dossier,https://www.wis-tns.org/object/2026zok,GOTO26ikz,,,,,,
Chime-1173887183,SIDEREAL,73.8618346,80.7452975,2000.0,13a1a203-0bb7-4896-a3df-c3fe58517443,44.0,high-importance,radio,https://jackmcguireastro.github.io/ctas.html?event=13a1a203-0bb7-4896-a3df-c3fe58517443#dossier,,1173887183,,,,,,
AT2026zoi,SIDEREAL,238.04578,-6.46690833333,2000.0,d2bfd9b9-b0e5-4caa-8c24-934d63b9a3ef,70.77,Unclassified,electromagnetic,https://jackmcguireastro.github.io/ctas.html?event=d2bfd9b9-b0e5-4caa-8c24-934d63b9a3ef#dossier,https://www.wis-tns.org/object/2026zoi,ATLAS26kna,GOTO26ilc,,,,,
AT2026zoc,SIDEREAL,69.36725875,-54.94587875,2000.0,84aedda0-e313-418a-a844-99f0cd4a1665,66.16,Unclassified,electromagnetic,https://jackmcguireastro.github.io/ctas.html?event=84aedda0-e313-418a-a844-99f0cd4a1665#dossier,https://www.wis-tns.org/object/2026zoc,ATLAS26kml,,,,,,
Chime-1174146618,SIDEREAL,240.637346,55.6002296,2000.0,0b54aca8-9375-4821-8e04-112117fc45d5,35.45,high-importance,radio,https://jackmcguireastro.github.io/ctas.html?event=0b54aca8-9375-4821-8e04-112117fc45d5#dossier,,1174146618,,,,,,
Chime-1173912344,SIDEREAL,299.2412341,53.5176827,2000.0,d38e8636-4a81-4306-b3fb-a011c6d7e94e,44.0,high-importance,radio,https://jackmcguireastro.github.io/ctas.html?event=d38e8636-4a81-4306-b3fb-a011c6d7e94e#dossier,,1173912344,,,,,,
AT2026zsk,SIDEREAL,357.449295,-44.219239,2000.0,31098190-1116-4dd9-914f-6218be78e9e9,73.43,Unclassified,electromagnetic,https://jackmcguireastro.github.io/ctas.html?event=31098190-1116-4dd9-914f-6218be78e9e9#dossier,https://www.wis-tns.org/object/2026zsk,GOTO26ilu,,,,,,
AT2026zon,SIDEREAL,83.3846228571,-63.7117442857,2000.0,5ebebdf1-98d2-4ab8-9676-1074b90a985b,65.64,Unclassified,electromagnetic,https://jackmcguireastro.github.io/ctas.html?event=5ebebdf1-98d2-4ab8-9676-1074b90a985b#dossier,https://www.wis-tns.org/object/2026zon,ATLAS26kmm,,,,,,
AT2026zoq,SIDEREAL,52.3682075,-52.7530425,2000.0,2d11abfb-0a19-4303-a3b9-3453302f995c,66.81,Unclassified,electromagnetic,https://jackmcguireastro.github.io/ctas.html?event=2d11abfb-0a19-4303-a3b9-3453302f995c#dossier,https://www.wis-tns.org/object/2026zoq,ATLAS26kmq,,,,,,
AT2026zob,SIDEREAL,101.034373,-56.6828,2000.0,c63961cb-919a-4faa-87ca-9f85d18fc66a,67.49,Unclassified,electromagnetic,https://jackmcguireastro.github.io/ctas.html?event=c63961cb-919a-4faa-87ca-9f85d18fc66a#dossier,https://www.wis-tns.org/object/2026zob,ATLAS26kmk,,,,,,
AT2026zng,SIDEREAL,0.3050309,-26.6527639,2000.0,de32008b-a169-494c-bb9d-ed69ff8b63ce,61.91,Unclassified,electromagnetic,https://jackmcguireastro.github.io/ctas.html?event=de32008b-a169-494c-bb9d-ed69ff8b63ce#dossier,https://www.wis-tns.org/object/2026zng,ZTF26abqckof,,,,,,
AT2026xkp,SIDEREAL,64.63927916666665,-47.54014166666666,2000.0,645b2ae4-124f-4805-9ed3-2edafbf95937,53.38,Unclassified,electromagnetic,https://jackmcguireastro.github.io/ctas.html?event=645b2ae4-124f-4805-9ed3-2edafbf95937#dossier,https://www.wis-tns.org/object/2026xkp,2026xkp,SN2026xkp,,,,,
AT2026zsl,SIDEREAL,351.604149,-3.631898,2000.0,ed6b4113-78df-4316-84c5-5391005802bf,65.48,Unclassified,electromagnetic,https://jackmcguireastro.github.io/ctas.html?event=ed6b4113-78df-4316-84c5-5391005802bf#dossier,https://www.wis-tns.org/object/2026zsl,,,,,,,
AT2026zsg,SIDEREAL,54.9104988,18.4454703,2000.0,202e0fc2-7fef-448e-8b36-0c5d25458c0c,56.25,Unclassified,electromagnetic,https://jackmcguireastro.github.io/ctas.html?event=202e0fc2-7fef-448e-8b36-0c5d25458c0c#dossier,https://www.wis-tns.org/object/2026zsg,,,,,,,
AT2026zsh,SIDEREAL,29.1627428,-3.9082572,2000.0,bd5763f1-120e-49db-968a-e5a27ab20c47,54.47,Unclassified,electromagnetic,https://jackmcguireastro.github.io/ctas.html?event=bd5763f1-120e-49db-968a-e5a27ab20c47#dossier,https://www.wis-tns.org/object/2026zsh,,,,,,,
AT2026zsi,SIDEREAL,16.9366949,15.6265721,2000.0,cc8ac9e6-c3ca-4927-ad4e-4ea29e8ee1d3,53.22,Unclassified,electromagnetic,https://jackmcguireastro.github.io/ctas.html?event=cc8ac9e6-c3ca-4927-ad4e-4ea29e8ee1d3#dossier,https://www.wis-tns.org/object/2026zsi,,,,,,,
AT2026zsj,SIDEREAL,45.2337233,6.2571337,2000.0,ed76f550-8dce-43e1-929b-08c806966341,55.23,Unclassified,electromagnetic,https://jackmcguireastro.github.io/ctas.html?event=ed76f550-8dce-43e1-929b-08c806966341#dossier,https://www.wis-tns.org/object/2026zsj,,,,,,,
AT2026yzi,SIDEREAL,324.16604615385,0.11457605384615,2000.0,d0ff0487-4a6f-4fd9-90ab-04fe5bedde73,55.47,Unclassified,electromagnetic,https://jackmcguireastro.github.io/ctas.html?event=d0ff0487-4a6f-4fd9-90ab-04fe5bedde73#dossier,https://www.wis-tns.org/object/2026yzi,,,,,,,
AT2026zse,SIDEREAL,327.536895,-50.602579,2000.0,9a70fb74-d8bd-48a9-b035-0c525182b1e5,79.97,Unclassified,electromagnetic,https://jackmcguireastro.github.io/ctas.html?event=9a70fb74-d8bd-48a9-b035-0c525182b1e5#dossier,https://www.wis-tns.org/object/2026zse,,,,,,,
AT2026zsf,SIDEREAL,355.369646,-36.341597,2000.0,817c42ae-d05f-4704-b362-878340609821,58.73,Unclassified,electromagnetic,https://jackmcguireastro.github.io/ctas.html?event=817c42ae-d05f-4704-b362-878340609821#dossier,https://www.wis-tns.org/object/2026zsf,,,,,,,
AT2026zoz,SIDEREAL,38.9240993,82.2127005,2000.0,648ba6b2-795f-47f3-b396-4f6c1ee90d1b,56.26,Unclassified,electromagnetic,https://jackmcguireastro.github.io/ctas.html?event=648ba6b2-795f-47f3-b396-4f6c1ee90d1b#dossier,https://www.wis-tns.org/object/2026zoz,,,,,,,
AT2026zpa,SIDEREAL,1.931208,-0.667414,2000.0,496cb81c-fd5e-405a-862c-5abe8d039e07,50.12,Unclassified,electromagnetic,https://jackmcguireastro.github.io/ctas.html?event=496cb81c-fd5e-405a-862c-5abe8d039e07#dossier,https://www.wis-tns.org/object/2026zpa,,,,,,,
AT2025anae,SIDEREAL,28.872417,2.840858,2000.0,9170e9f2-e0e7-4252-941b-008a023eee5c,48.73,Unclassified,electromagnetic,https://jackmcguireastro.github.io/ctas.html?event=9170e9f2-e0e7-4252-941b-008a023eee5c#dossier,https://www.wis-tns.org/object/2025anae,,,,,,,
AT2026zpb,SIDEREAL,4.266625,5.249594,2000.0,3a8a70aa-dd2d-45e9-824d-7347257eef35,50.9,Unclassified,electromagnetic,https://jackmcguireastro.github.io/ctas.html?event=3a8a70aa-dd2d-45e9-824d-7347257eef35#dossier,https://www.wis-tns.org/object/2026zpb,,,,,,,
AT2026zpc,SIDEREAL,0.798167,-0.823175,2000.0,60be9d3e-ef36-4cf7-8deb-12de4d0db1da,51.05,Unclassified,electromagnetic,https://jackmcguireastro.github.io/ctas.html?event=60be9d3e-ef36-4cf7-8deb-12de4d0db1da#dossier,https://www.wis-tns.org/object/2026zpc,,,,,,,
AT2026zpd,SIDEREAL,0.247542,5.251464,2000.0,ba900671-0aad-44d0-8a0e-7d0425448933,49.98,Unclassified,electromagnetic,https://jackmcguireastro.github.io/ctas.html?event=ba900671-0aad-44d0-8a0e-7d0425448933#dossier,https://www.wis-tns.org/object/2026zpd,,,,,,,
AT2026zpe,SIDEREAL,16.055083,3.369244,2000.0,bf90bbc1-5d23-401e-81a0-aa73362ede0f,52.98,Unclassified,electromagnetic,https://jackmcguireastro.github.io/ctas.html?event=bf90bbc1-5d23-401e-81a0-aa73362ede0f#dossier,https://www.wis-tns.org/object/2026zpe,,,,,,,
AT2026zpf,SIDEREAL,347.724917,2.471675,2000.0,0d5f7381-d2de-4067-a97b-7d93eb0c3cd5,50.48,Unclassified,electromagnetic,https://jackmcguireastro.github.io/ctas.html?event=0d5f7381-d2de-4067-a97b-7d93eb0c3cd5#dossier,https://www.wis-tns.org/object/2026zpf,,,,,,,
AT2026zpg,SIDEREAL,15.851417,6.022653,2000.0,2932dad6-f31a-49ac-8c52-7068208f0bae,50.88,Unclassified,electromagnetic,https://jackmcguireastro.github.io/ctas.html?event=2932dad6-f31a-49ac-8c52-7068208f0bae#dossier,https://www.wis-tns.org/object/2026zpg,,,,,,,
AT2026zpi,SIDEREAL,356.940083,5.134894,2000.0,c0b67049-4309-4885-b4d9-de3df0d3f09a,49.9,Unclassified,electromagnetic,https://jackmcguireastro.github.io/ctas.html?event=c0b67049-4309-4885-b4d9-de3df0d3f09a#dossier,https://www.wis-tns.org/object/2026zpi,,,,,,,
AT2026zph,SIDEREAL,18.503042,0.440169,2000.0,5bf08b93-a6da-4052-8bf8-c76f9e2746c9,51.23,Unclassified,electromagnetic,https://jackmcguireastro.github.io/ctas.html?event=5bf08b93-a6da-4052-8bf8-c76f9e2746c9#dossier,https://www.wis-tns.org/object/2026zph,,,,,,,
AT2026zpj,SIDEREAL,0.479083,0.737789,2000.0,0ad08547-061a-44f4-a63f-6b801dd59c3b,49.62,Unclassified,electromagnetic,https://jackmcguireastro.github.io/ctas.html?event=0ad08547-061a-44f4-a63f-6b801dd59c3b#dossier,https://www.wis-tns.org/object/2026zpj,,,,,,,
AT2026zpk,SIDEREAL,15.593667,4.551608,2000.0,63fb7fb8-b13e-47a2-9edb-e9d1bed52ffc,50.35,Unclassified,electromagnetic,https://jackmcguireastro.github.io/ctas.html?event=63fb7fb8-b13e-47a2-9edb-e9d1bed52ffc#dossier,https://www.wis-tns.org/object/2026zpk,,,,,,,
AT2026zpl,SIDEREAL,3.358458,2.06685,2000.0,f3c71aa6-241d-4200-a9ed-10c3b1fd1704,49.9,Unclassified,electromagnetic,https://jackmcguireastro.github.io/ctas.html?event=f3c71aa6-241d-4200-a9ed-10c3b1fd1704#dossier,https://www.wis-tns.org/object/2026zpl,,,,,,,
AT2026zpm,SIDEREAL,347.330458,2.509825,2000.0,2ca52e06-f6d3-419c-8030-fc9155b02166,51.35,Unclassified,electromagnetic,https://jackmcguireastro.github.io/ctas.html?event=2ca52e06-f6d3-419c-8030-fc9155b02166#dossier,https://www.wis-tns.org/object/2026zpm,,,,,,,
AT2026zpn,SIDEREAL,358.707,4.995947,2000.0,63d3cea0-7058-4bbf-8fa0-d4c5b274aaa4,49.38,Unclassified,electromagnetic,https://jackmcguireastro.github.io/ctas.html?event=63d3cea0-7058-4bbf-8fa0-d4c5b274aaa4#dossier,https://www.wis-tns.org/object/2026zpn,,,,,,,
AT2026zpo,SIDEREAL,14.687333,5.428808,2000.0,13c38b4b-2655-40d3-bbd0-481c83f524d2,49.48,Unclassified,electromagnetic,https://jackmcguireastro.github.io/ctas.html?event=13c38b4b-2655-40d3-bbd0-481c83f524d2#dossier,https://www.wis-tns.org/object/2026zpo,,,,,,,
AT2026zpp,SIDEREAL,15.651917,6.121572,2000.0,5de3f01f-362a-4b8b-9df7-b64d7f2d91fe,49.62,Unclassified,electromagnetic,https://jackmcguireastro.github.io/ctas.html?event=5de3f01f-362a-4b8b-9df7-b64d7f2d91fe#dossier,https://www.wis-tns.org/object/2026zpp,,,,,,,
AT2026zpq,SIDEREAL,342.1515,1.092517,2000.0,c5cd2149-cddf-4c89-9308-be371227622c,51.45,Unclassified,electromagnetic,https://jackmcguireastro.github.io/ctas.html?event=c5cd2149-cddf-4c89-9308-be371227622c#dossier,https://www.wis-tns.org/object/2026zpq,,,,,,,
AT2026zpr,SIDEREAL,345.432167,1.884025,2000.0,344adf88-dc50-4b4b-9018-0cd8d9b54d05,49.9,Unclassified,electromagnetic,https://jackmcguireastro.github.io/ctas.html?event=344adf88-dc50-4b4b-9018-0cd8d9b54d05#dossier,https://www.wis-tns.org/object/2026zpr,,,,,,,
AT2026zps,SIDEREAL,0.888417,4.666078,2000.0,1c2db4b0-9893-4d0d-a210-bab6b3c2b9f7,51.42,Unclassified,electromagnetic,https://jackmcguireastro.github.io/ctas.html?event=1c2db4b0-9893-4d0d-a210-bab6b3c2b9f7#dossier,https://www.wis-tns.org/object/2026zps,,,,,,,
AT2026zpt,SIDEREAL,28.415708,5.485031,2000.0,1dfd1af3-f976-4239-b27d-bd747483041e,51.55,Unclassified,electromagnetic,https://jackmcguireastro.github.io/ctas.html?event=1dfd1af3-f976-4239-b27d-bd747483041e#dossier,https://www.wis-tns.org/object/2026zpt,,,,,,,
AT2026zpu,SIDEREAL,15.335625,5.642142,2000.0,25677513-60f2-4c8e-81db-cb46b3d52aa0,50.6,Unclassified,electromagnetic,https://jackmcguireastro.github.io/ctas.html?event=25677513-60f2-4c8e-81db-cb46b3d52aa0#dossier,https://www.wis-tns.org/object/2026zpu,,,,,,,
AT2026zpv,SIDEREAL,344.850875,0.341847,2000.0,c7767702-8b3e-4f6b-a6b6-282a29e2691f,50.75,Unclassified,electromagnetic,https://jackmcguireastro.github.io/ctas.html?event=c7767702-8b3e-4f6b-a6b6-282a29e2691f#dossier,https://www.wis-tns.org/object/2026zpv,,,,,,,
AT2026zpw,SIDEREAL,349.219083,-0.910219,2000.0,db6536e2-d7f1-4092-a132-dfe275f6ae48,51.3,Unclassified,electromagnetic,https://jackmcguireastro.github.io/ctas.html?event=db6536e2-d7f1-4092-a132-dfe275f6ae48#dossier,https://www.wis-tns.org/object/2026zpw,,,,,,,
AT2026zpx,SIDEREAL,350.207458,-0.528944,2000.0,598a6b99-fe39-4cfd-b6ef-74925afa5213,52.25,Unclassified,electromagnetic,https://jackmcguireastro.github.io/ctas.html?event=598a6b99-fe39-4cfd-b6ef-74925afa5213#dossier,https://www.wis-tns.org/object/2026zpx,,,,,,,
AT2026zpy,SIDEREAL,349.780667,-0.7661,2000.0,1e13ac69-783d-4659-af40-ebab63ebe1c1,52.03,Unclassified,electromagnetic,https://jackmcguireastro.github.io/ctas.html?event=1e13ac69-783d-4659-af40-ebab63ebe1c1#dossier,https://www.wis-tns.org/object/2026zpy,,,,,,,
AT2026zpz,SIDEREAL,358.865875,4.662122,2000.0,aa040cf9-c23b-4880-9475-ca87d1e8f801,50.85,Unclassified,electromagnetic,https://jackmcguireastro.github.io/ctas.html?event=aa040cf9-c23b-4880-9475-ca87d1e8f801#dossier,https://www.wis-tns.org/object/2026zpz,,,,,,,
AT2026zqa,SIDEREAL,4.816292,0.208661,2000.0,fc530adc-8ea3-4dee-9661-77611c3a73e8,51.42,Unclassified,electromagnetic,https://jackmcguireastro.github.io/ctas.html?event=fc530adc-8ea3-4dee-9661-77611c3a73e8#dossier,https://www.wis-tns.org/object/2026zqa,,,,,,,
AT2026zqb,SIDEREAL,3.25525,2.068767,2000.0,5dde241d-7e9d-48eb-9be3-b74c865b1c4b,51.4,Unclassified,electromagnetic,https://jackmcguireastro.github.io/ctas.html?event=5dde241d-7e9d-48eb-9be3-b74c865b1c4b#dossier,https://www.wis-tns.org/object/2026zqb,,,,,,,
AT2026zqc,SIDEREAL,4.442833,5.359925,2000.0,80c84bfb-b15d-463d-be43-2658bfb8fe8e,51.4,Unclassified,electromagnetic,https://jackmcguireastro.github.io/ctas.html?event=80c84bfb-b15d-463d-be43-2658bfb8fe8e#dossier,https://www.wis-tns.org/object/2026zqc,,,,,,,
AT2026zqd,SIDEREAL,15.517125,3.165836,2000.0,4b3a82cb-ecaf-4871-8eeb-92df2632d3d1,50.35,Unclassified,electromagnetic,https://jackmcguireastro.github.io/ctas.html?event=4b3a82cb-ecaf-4871-8eeb-92df2632d3d1#dossier,https://www.wis-tns.org/object/2026zqd,,,,,,,
AT2026zqe,SIDEREAL,15.894583,3.972603,2000.0,bc0ee63f-daa0-4160-b870-c8b4814bdbeb,50.28,Unclassified,electromagnetic,https://jackmcguireastro.github.io/ctas.html?event=bc0ee63f-daa0-4160-b870-c8b4814bdbeb#dossier,https://www.wis-tns.org/object/2026zqe,,,,,,,
AT2026zqf,SIDEREAL,15.380083,4.889967,2000.0,16271864-25d3-433d-a277-57b9e053ecf4,51.58,Unclassified,electromagnetic,https://jackmcguireastro.github.io/ctas.html?event=16271864-25d3-433d-a277-57b9e053ecf4#dossier,https://www.wis-tns.org/object/2026zqf,,,,,,,
AT2026zqg,SIDEREAL,16.703542,0.534358,2000.0,e39cc282-84f1-43cb-bee6-1eec951585dc,49.7,Unclassified,electromagnetic,https://jackmcguireastro.github.io/ctas.html?event=e39cc282-84f1-43cb-bee6-1eec951585dc#dossier,https://www.wis-tns.org/object/2026zqg,,,,,,,
AT2026zqh,SIDEREAL,19.904292,5.049086,2000.0,a53a350f-903b-4ecd-96c8-62ed3bafcec1,50.68,Unclassified,electromagnetic,https://jackmcguireastro.github.io/ctas.html?event=a53a350f-903b-4ecd-96c8-62ed3bafcec1#dossier,https://www.wis-tns.org/object/2026zqh,,,,,,,
AT2026zqi,SIDEREAL,26.012333,2.601897,2000.0,eac1231e-3588-46d6-b1e9-a286d665d337,50.08,Unclassified,electromagnetic,https://jackmcguireastro.github.io/ctas.html?event=eac1231e-3588-46d6-b1e9-a286d665d337#dossier,https://www.wis-tns.org/object/2026zqi,,,,,,,
AT2026zqj,SIDEREAL,27.794208,2.622056,2000.0,499562bf-fd9c-4118-ab45-7b70eade8766,49.23,Unclassified,electromagnetic,https://jackmcguireastro.github.io/ctas.html?event=499562bf-fd9c-4118-ab45-7b70eade8766#dossier,https://www.wis-tns.org/object/2026zqj,,,,,,,
AT2026zqk,SIDEREAL,27.853167,-1.012683,2000.0,25ce0b0b-c6c6-4390-a638-c6b94afd6a21,51.27,Unclassified,electromagnetic,https://jackmcguireastro.github.io/ctas.html?event=25ce0b0b-c6c6-4390-a638-c6b94afd6a21#dossier,https://www.wis-tns.org/object/2026zqk,,,,,,,
AT2026zql,SIDEREAL,32.655792,-0.162658,2000.0,5336dbf0-77c6-4f05-a680-9eceff528431,48.83,Unclassified,electromagnetic,https://jackmcguireastro.github.io/ctas.html?event=5336dbf0-77c6-4f05-a680-9eceff528431#dossier,https://www.wis-tns.org/object/2026zql,,,,,,,
AT2026zqm,SIDEREAL,35.74625,3.181917,2000.0,0785920e-41e3-4d58-bcc5-d6bd38335de7,49.7,Unclassified,electromagnetic,https://jackmcguireastro.github.io/ctas.html?event=0785920e-41e3-4d58-bcc5-d6bd38335de7#dossier,https://www.wis-tns.org/object/2026zqm,,,,,,,
AT2026zqn,SIDEREAL,37.271667,5.647783,2000.0,bd14aae1-a7df-4d46-bb13-2151fb9e9292,51.27,Unclassified,electromagnetic,https://jackmcguireastro.github.io/ctas.html?event=bd14aae1-a7df-4d46-bb13-2151fb9e9292#dossier,https://www.wis-tns.org/object/2026zqn,,,,,,,
AT2026zqo,SIDEREAL,25.446625,3.797119,2000.0,5dfd6e72-625e-4c03-8507-fef9141dbfc1,51.02,Unclassified,electromagnetic,https://jackmcguireastro.github.io/ctas.html?event=5dfd6e72-625e-4c03-8507-fef9141dbfc1#dossier,https://www.wis-tns.org/object/2026zqo,,,,,,,
AT2026zqp,SIDEREAL,27.308708,5.136025,2000.0,f21b7f76-3a2f-40f7-b98d-742feae51e05,50.57,Unclassified,electromagnetic,https://jackmcguireastro.github.io/ctas.html?event=f21b7f76-3a2f-40f7-b98d-742feae51e05#dossier,https://www.wis-tns.org/object/2026zqp,,,,,,,
AT2026zqq,SIDEREAL,353.2165,1.221431,2000.0,d27fd5e1-e073-4dff-af0b-83a05dea3c51,49.95,Unclassified,electromagnetic,https://jackmcguireastro.github.io/ctas.html?event=d27fd5e1-e073-4dff-af0b-83a05dea3c51#dossier,https://www.wis-tns.org/object/2026zqq,,,,,,,
AT2026zqr,SIDEREAL,359.634333,4.429867,2000.0,ccd645e1-ab78-442c-a8c3-41f22be23a1b,50.57,Unclassified,electromagnetic,https://jackmcguireastro.github.io/ctas.html?event=ccd645e1-ab78-442c-a8c3-41f22be23a1b#dossier,https://www.wis-tns.org/object/2026zqr,,,,,,,
AT2026zqs,SIDEREAL,27.770917,0.547822,2000.0,496d87cc-61ab-44a4-9245-58fecbf75335,50.57,Unclassified,electromagnetic,https://jackmcguireastro.github.io/ctas.html?event=496d87cc-61ab-44a4-9245-58fecbf75335#dossier,https://www.wis-tns.org/object/2026zqs,,,,,,,
AT2026zqt,SIDEREAL,37.832125,2.548497,2000.0,327455e5-643c-4ad3-9180-5467b01a0a2a,50.9,Unclassified,electromagnetic,https://jackmcguireastro.github.io/ctas.html?event=327455e5-643c-4ad3-9180-5467b01a0a2a#dossier,https://www.wis-tns.org/object/2026zqt,,,,,,,
AT2026zqu,SIDEREAL,22.707083,2.093733,2000.0,7593b2ce-27f3-4319-b220-a6ddfa153cee,50.85,Unclassified,electromagnetic,https://jackmcguireastro.github.io/ctas.html?event=7593b2ce-27f3-4319-b220-a6ddfa153cee#dossier,https://www.wis-tns.org/object/2026zqu,,,,,,,
AT2026zqv,SIDEREAL,342.732167,-0.280639,2000.0,b814232d-ac1d-462b-85e0-bcc881d8ca96,51.25,Unclassified,electromagnetic,https://jackmcguireastro.github.io/ctas.html?event=b814232d-ac1d-462b-85e0-bcc881d8ca96#dossier,https://www.wis-tns.org/object/2026zqv,,,,,,,
AT2026zqw,SIDEREAL,4.172958,4.390753,2000.0,5407ba86-792b-44b2-a214-1fe2692dea32,51.97,Unclassified,electromagnetic,https://jackmcguireastro.github.io/ctas.html?event=5407ba86-792b-44b2-a214-1fe2692dea32#dossier,https://www.wis-tns.org/object/2026zqw,,,,,,,
AT2026zqx,SIDEREAL,197.824792,3.505508,2000.0,da6c693c-115b-42c1-bc6a-f5ba674d8ab8,50.42,Unclassified,electromagnetic,https://jackmcguireastro.github.io/ctas.html?event=da6c693c-115b-42c1-bc6a-f5ba674d8ab8#dossier,https://www.wis-tns.org/object/2026zqx,,,,,,,
AT2026zqy,SIDEREAL,200.7275,-1.237683,2000.0,1eb9450f-2935-4a3c-aabe-858fa762d58e,51.95,Unclassified,electromagnetic,https://jackmcguireastro.github.io/ctas.html?event=1eb9450f-2935-4a3c-aabe-858fa762d58e#dossier,https://www.wis-tns.org/object/2026zqy,,,,,,,
AT2026zqz,SIDEREAL,199.622375,-1.222228,2000.0,f024a206-7f73-41ae-8c0e-9f0c23e85480,51.88,Unclassified,electromagnetic,https://jackmcguireastro.github.io/ctas.html?event=f024a206-7f73-41ae-8c0e-9f0c23e85480#dossier,https://www.wis-tns.org/object/2026zqz,,,,,,,
AT2026zra,SIDEREAL,199.061875,5.380125,2000.0,d8a9c1fd-326f-41ec-8805-95aef3356903,51.7,Unclassified,electromagnetic,https://jackmcguireastro.github.io/ctas.html?event=d8a9c1fd-326f-41ec-8805-95aef3356903#dossier,https://www.wis-tns.org/object/2026zra,,,,,,,
AT2026zrb,SIDEREAL,202.03125,1.648147,2000.0,82771674-2807-42c4-abd5-19aa15087d31,49.12,Unclassified,electromagnetic,https://jackmcguireastro.github.io/ctas.html?event=82771674-2807-42c4-abd5-19aa15087d31#dossier,https://www.wis-tns.org/object/2026zrb,,,,,,,
AT2026zrc,SIDEREAL,212.084458,1.718953,2000.0,6f981c9c-3b4a-445c-b1ab-dbb855b5edec,52.52,Unclassified,electromagnetic,https://jackmcguireastro.github.io/ctas.html?event=6f981c9c-3b4a-445c-b1ab-dbb855b5edec#dossier,https://www.wis-tns.org/object/2026zrc,,,,,,,
AT2026zrd,SIDEREAL,207.117792,-2.178683,2000.0,8331eefa-e9f6-43f5-8f8a-7ca635729dd6,52.98,Unclassified,electromagnetic,https://jackmcguireastro.github.io/ctas.html?event=8331eefa-e9f6-43f5-8f8a-7ca635729dd6#dossier,https://www.wis-tns.org/object/2026zrd,,,,,,,
AT2026zre,SIDEREAL,22.75675,1.102619,2000.0,a4c66f56-27ca-459f-9f74-9bccd926aa1c,52.88,Unclassified,electromagnetic,https://jackmcguireastro.github.io/ctas.html?event=a4c66f56-27ca-459f-9f74-9bccd926aa1c#dossier,https://www.wis-tns.org/object/2026zre,,,,,,,
AT2026zrf,SIDEREAL,198.406958,-1.920856,2000.0,e5647495-3a49-42bf-97cd-026c35e818b3,52.32,Unclassified,electromagnetic,https://jackmcguireastro.github.io/ctas.html?event=e5647495-3a49-42bf-97cd-026c35e818b3#dossier,https://www.wis-tns.org/object/2026zrf,,,,,,,
AT2026zrg,SIDEREAL,200.265292,4.008614,2000.0,9a76c9d0-0cc6-4685-b1f2-7b12b40a8efd,50.85,Unclassified,electromagnetic,https://jackmcguireastro.github.io/ctas.html?event=9a76c9d0-0cc6-4685-b1f2-7b12b40a8efd#dossier,https://www.wis-tns.org/object/2026zrg,,,,,,,
AT2026zrh,SIDEREAL,342.774667,3.561097,2000.0,a0d929cc-49d8-4cc0-b961-e976d9b787fe,50.78,Unclassified,electromagnetic,https://jackmcguireastro.github.io/ctas.html?event=a0d929cc-49d8-4cc0-b961-e976d9b787fe#dossier,https://www.wis-tns.org/object/2026zrh,,,,,,,
AT2026zri,SIDEREAL,344.390458,-0.110711,2000.0,a05b5252-ce90-4c84-be66-f8e3a3466c83,51.07,Unclassified,electromagnetic,https://jackmcguireastro.github.io/ctas.html?event=a05b5252-ce90-4c84-be66-f8e3a3466c83#dossier,https://www.wis-tns.org/object/2026zri,,,,,,,
AT2026zrj,SIDEREAL,351.406417,-0.640758,2000.0,0390a49e-5140-46f7-b816-7b3f681ed09a,49.95,Unclassified,electromagnetic,https://jackmcguireastro.github.io/ctas.html?event=0390a49e-5140-46f7-b816-7b3f681ed09a#dossier,https://www.wis-tns.org/object/2026zrj,,,,,,,
AT2026zrk,SIDEREAL,359.856583,0.275264,2000.0,29bc70ea-9dea-4df0-be24-5ac8ebd7514f,50.2,Unclassified,electromagnetic,https://jackmcguireastro.github.io/ctas.html?event=29bc70ea-9dea-4df0-be24-5ac8ebd7514f#dossier,https://www.wis-tns.org/object/2026zrk,,,,,,,
AT2026zrl,SIDEREAL,19.0955,0.922153,2000.0,0b664928-bfd9-4f54-9dad-0d434f6f6faf,50.68,Unclassified,electromagnetic,https://jackmcguireastro.github.io/ctas.html?event=0b664928-bfd9-4f54-9dad-0d434f6f6faf#dossier,https://www.wis-tns.org/object/2026zrl,,,,,,,
AT2026zrm,SIDEREAL,21.539333,0.512553,2000.0,bdae614d-fbfb-424f-97bf-c077ff04e69b,50.42,Unclassified,electromagnetic,https://jackmcguireastro.github.io/ctas.html?event=bdae614d-fbfb-424f-97bf-c077ff04e69b#dossier,https://www.wis-tns.org/object/2026zrm,,,,,,,
AT2026zrn,SIDEREAL,22.693792,-0.513628,2000.0,e1f21704-2634-40d6-b3cd-087b8ebac897,49.9,Unclassified,electromagnetic,https://jackmcguireastro.github.io/ctas.html?event=e1f21704-2634-40d6-b3cd-087b8ebac897#dossier,https://www.wis-tns.org/object/2026zrn,,,,,,,
AT2026zro,SIDEREAL,24.313792,0.380414,2000.0,fd68ee16-1185-48d6-90de-28f05bb5250a,50.0,Unclassified,electromagnetic,https://jackmcguireastro.github.io/ctas.html?event=fd68ee16-1185-48d6-90de-28f05bb5250a#dossier,https://www.wis-tns.org/object/2026zro,,,,,,,
AT2026zrp,SIDEREAL,28.82825,6.393172,2000.0,8f9a107b-bbe4-4791-b894-87520bdc03b6,51.25,Unclassified,electromagnetic,https://jackmcguireastro.github.io/ctas.html?event=8f9a107b-bbe4-4791-b894-87520bdc03b6#dossier,https://www.wis-tns.org/object/2026zrp,,,,,,,
AT2026zrq,SIDEREAL,37.677375,2.162731,2000.0,4aa39968-bed6-41ac-8d34-12dbdfc9c741,50.48,Unclassified,electromagnetic,https://jackmcguireastro.github.io/ctas.html?event=4aa39968-bed6-41ac-8d34-12dbdfc9c741#dossier,https://www.wis-tns.org/object/2026zrq,,,,,,,
AT2026zrr,SIDEREAL,342.859083,-1.326089,2000.0,3ea0c7f6-ca23-42e8-aca3-833d4f52f703,50.88,Unclassified,electromagnetic,https://jackmcguireastro.github.io/ctas.html?event=3ea0c7f6-ca23-42e8-aca3-833d4f52f703#dossier,https://www.wis-tns.org/object/2026zrr,,,,,,,
AT2026zrs,SIDEREAL,341.510833,2.005858,2000.0,5764475e-ebe7-4484-b87a-37d2eef6ec7f,50.52,Unclassified,electromagnetic,https://jackmcguireastro.github.io/ctas.html?event=5764475e-ebe7-4484-b87a-37d2eef6ec7f#dossier,https://www.wis-tns.org/object/2026zrs,,,,,,,
AT2026zrt,SIDEREAL,350.9665,5.990831,2000.0,f30a6e69-df78-4a1e-bc14-46e6d11a1b54,49.88,Unclassified,electromagnetic,https://jackmcguireastro.github.io/ctas.html?event=f30a6e69-df78-4a1e-bc14-46e6d11a1b54#dossier,https://www.wis-tns.org/object/2026zrt,,,,,,,
AT2026zru,SIDEREAL,356.523333,0.065903,2000.0,93f32db4-9fdd-43bc-aaf4-c4f5512f93f3,50.4,Unclassified,electromagnetic,https://jackmcguireastro.github.io/ctas.html?event=93f32db4-9fdd-43bc-aaf4-c4f5512f93f3#dossier,https://www.wis-tns.org/object/2026zru,,,,,,,
AT2026zrw,SIDEREAL,329.339542,32.254386,2000.0,ea981977-2ce6-49d8-8672-a22b1bf9a4e4,53.68,Unclassified,electromagnetic,https://jackmcguireastro.github.io/ctas.html?event=ea981977-2ce6-49d8-8672-a22b1bf9a4e4#dossier,https://www.wis-tns.org/object/2026zrw,,,,,,,
AT2026zrv,SIDEREAL,340.831833,31.141475,2000.0,8de8464c-27b8-4f76-80b8-40c194f87078,52.35,Unclassified,electromagnetic,https://jackmcguireastro.github.io/ctas.html?event=8de8464c-27b8-4f76-80b8-40c194f87078#dossier,https://www.wis-tns.org/object/2026zrv,,,,,,,
AT2026zrx,SIDEREAL,335.77075,29.399031,2000.0,c7b7d625-aca3-4a3b-8313-7e7c4a86ffba,54.05,Unclassified,electromagnetic,https://jackmcguireastro.github.io/ctas.html?event=c7b7d625-aca3-4a3b-8313-7e7c4a86ffba#dossier,https://www.wis-tns.org/object/2026zrx,,,,,,,
AT2026zry,SIDEREAL,328.015375,25.506697,2000.0,0832d66c-e136-441d-83ce-87bdffac0bfa,55.83,Unclassified,electromagnetic,https://jackmcguireastro.github.io/ctas.html?event=0832d66c-e136-441d-83ce-87bdffac0bfa#dossier,https://www.wis-tns.org/object/2026zry,,,,,,,
AT2026zrz,SIDEREAL,325.901208,24.337672,2000.0,94383991-6460-420a-bd44-c35a7934b14c,53.88,Unclassified,electromagnetic,https://jackmcguireastro.github.io/ctas.html?event=94383991-6460-420a-bd44-c35a7934b14c#dossier,https://www.wis-tns.org/object/2026zrz,,,,,,,
AT2026zsa,SIDEREAL,323.053708,10.437672,2000.0,e326e4ec-5cfa-4b5f-a845-9aad8b64c818,53.95,Unclassified,electromagnetic,https://jackmcguireastro.github.io/ctas.html?event=e326e4ec-5cfa-4b5f-a845-9aad8b64c818#dossier,https://www.wis-tns.org/object/2026zsa,,,,,,,
AT2026zjl,SIDEREAL,335.4315166,38.0970613,2000.0,f3cbe7b3-92ff-4447-b3a2-cf8171532c76,61.25,Unclassified,electromagnetic,https://jackmcguireastro.github.io/ctas.html?event=f3cbe7b3-92ff-4447-b3a2-cf8171532c76#dossier,https://www.wis-tns.org/object/2026zjl,,,,,,,
AT2026zou,SIDEREAL,51.812934,-1.577479,2000.0,89a83bee-ae70-4317-8277-ff00ce2c6828,56.2,Unclassified,electromagnetic,https://jackmcguireastro.github.io/ctas.html?event=89a83bee-ae70-4317-8277-ff00ce2c6828#dossier,https://www.wis-tns.org/object/2026zou,,,,,,,
AT2026zov,SIDEREAL,31.718049,-32.185905,2000.0,95aec84c-f1f8-4c2f-bb09-a0949c36c67a,56.12,Unclassified,electromagnetic,https://jackmcguireastro.github.io/ctas.html?event=95aec84c-f1f8-4c2f-bb09-a0949c36c67a#dossier,https://www.wis-tns.org/object/2026zov,,,,,,,
AT2026zow,SIDEREAL,273.408707,2.681302,2000.0,6eac02c3-03b4-4ad1-89b4-218262a1d9b3,82.28,Unclassified,electromagnetic,https://jackmcguireastro.github.io/ctas.html?event=6eac02c3-03b4-4ad1-89b4-218262a1d9b3#dossier,https://www.wis-tns.org/object/2026zow,,,,,,,
AT2026zoe,SIDEREAL,55.157226,-13.996544,2000.0,a0d7e553-0e47-4c06-9ead-f5cec77103fc,74.26,Unclassified,electromagnetic,https://jackmcguireastro.github.io/ctas.html?event=a0d7e553-0e47-4c06-9ead-f5cec77103fc#dossier,https://www.wis-tns.org/object/2026zoe,,,,,,,
AT2026zoh,SIDEREAL,52.796215,-14.636031,2000.0,91791ffa-91f4-4bf6-b298-c85df4ca372f,56.42,Unclassified,electromagnetic,https://jackmcguireastro.github.io/ctas.html?event=91791ffa-91f4-4bf6-b298-c85df4ca372f#dossier,https://www.wis-tns.org/object/2026zoh,,,,,,,
AT2026zoj,SIDEREAL,0.320344,11.829483,2000.0,d8d45bd8-999c-4d5f-a46b-05fa7c7897fd,69.92,Unclassified,electromagnetic,https://jackmcguireastro.github.io/ctas.html?event=d8d45bd8-999c-4d5f-a46b-05fa7c7897fd#dossier,https://www.wis-tns.org/object/2026zoj,,,,,,,
AT2026zol,SIDEREAL,12.0037899,25.0807297,2000.0,b818a753-3bc8-4ce9-8b52-ea1f0eb9bbb7,53.78,Unclassified,electromagnetic,https://jackmcguireastro.github.io/ctas.html?event=b818a753-3bc8-4ce9-8b52-ea1f0eb9bbb7#dossier,https://www.wis-tns.org/object/2026zol,,,,,,,
AT2026znj,SIDEREAL,19.5968068,13.3799281,2000.0,49a07446-c220-4ebe-9da8-d452f2751630,56.18,Unclassified,electromagnetic,https://jackmcguireastro.github.io/ctas.html?event=49a07446-c220-4ebe-9da8-d452f2751630#dossier,https://www.wis-tns.org/object/2026znj,,,,,,,
AT2026zom,SIDEREAL,352.5871674,-22.1702795,2000.0,c318e344-2f6d-420b-ae59-016216c9c95b,57.6,Unclassified,electromagnetic,https://jackmcguireastro.github.io/ctas.html?event=c318e344-2f6d-420b-ae59-016216c9c95b#dossier,https://www.wis-tns.org/object/2026zom,,,,,,,
AT2026zos,SIDEREAL,254.210600667,62.454562,2000.0,48f2c3fa-1209-4b0b-a9c9-6c7c502eb005,59.32,Unclassified,electromagnetic,https://jackmcguireastro.github.io/ctas.html?event=48f2c3fa-1209-4b0b-a9c9-6c7c502eb005#dossier,https://www.wis-tns.org/object/2026zos,,,,,,,
AT2026znx,SIDEREAL,293.631937273,-67.8974609091,2000.0,210b8a89-9e06-46ca-88b6-6c3d4ff3ff30,58.78,Unclassified,electromagnetic,https://jackmcguireastro.github.io/ctas.html?event=210b8a89-9e06-46ca-88b6-6c3d4ff3ff30#dossier,https://www.wis-tns.org/object/2026znx,,,,,,,
AT2026zmq,SIDEREAL,47.39379,-39.4952966667,2000.0,c39f02b8-84d2-43bf-90d1-e4ccdd4600f2,56.98,Unclassified,electromagnetic,https://jackmcguireastro.github.io/ctas.html?event=c39f02b8-84d2-43bf-90d1-e4ccdd4600f2#dossier,https://www.wis-tns.org/object/2026zmq,,,,,,,
AT2026yff,SIDEREAL,41.3293433333,-55.639,2000.0,b5fee785-cb8d-4b1f-8a7e-1895d0bb0500,57.3,Unclassified,electromagnetic,https://jackmcguireastro.github.io/ctas.html?event=b5fee785-cb8d-4b1f-8a7e-1895d0bb0500#dossier,https://www.wis-tns.org/object/2026yff,,,,,,,
AT2026zmw,SIDEREAL,40.91476875,-41.5274725,2000.0,75e91890-faff-4b71-9e19-40244d08c194,56.65,Unclassified,electromagnetic,https://jackmcguireastro.github.io/ctas.html?event=75e91890-faff-4b71-9e19-40244d08c194#dossier,https://www.wis-tns.org/object/2026zmw,,,,,,,
AT2026znl,SIDEREAL,277.6195098,54.6506086,2000.0,0ba94226-4eab-4421-a934-06eddabf3e2e,54.47,Unclassified,electromagnetic,https://jackmcguireastro.github.io/ctas.html?event=0ba94226-4eab-4421-a934-06eddabf3e2e#dossier,https://www.wis-tns.org/object/2026znl,,,,,,,
AT2026znm,SIDEREAL,231.6538293,81.9342322,2000.0,626068ba-d377-4174-9b67-d2a81fd0fd74,55.61,Unclassified,electromagnetic,https://jackmcguireastro.github.io/ctas.html?event=626068ba-d377-4174-9b67-d2a81fd0fd74#dossier,https://www.wis-tns.org/object/2026znm,,,,,,,
AT2026znn,SIDEREAL,208.1846715,56.3625589,2000.0,e2e41053-cb5a-481f-b71d-0fc64ce082c4,80.62,Unclassified,electromagnetic,https://jackmcguireastro.github.io/ctas.html?event=e2e41053-cb5a-481f-b71d-0fc64ce082c4#dossier,https://www.wis-tns.org/object/2026znn,,,,,,,
AT2026zno,SIDEREAL,216.8769144,52.4804131,2000.0,d7c1fb06-0d38-4a47-93af-5d8351de00c2,57.26,Unclassified,electromagnetic,https://jackmcguireastro.github.io/ctas.html?event=d7c1fb06-0d38-4a47-93af-5d8351de00c2#dossier,https://www.wis-tns.org/object/2026zno,,,,,,,
AT2026znp,SIDEREAL,239.0815553,73.4505628,2000.0,c73f48f2-7a06-4c73-95f9-b60708ed6595,56.69,Unclassified,electromagnetic,https://jackmcguireastro.github.io/ctas.html?event=c73f48f2-7a06-4c73-95f9-b60708ed6595#dossier,https://www.wis-tns.org/object/2026znp,,,,,,,
AT2026znq,SIDEREAL,207.6387739,56.3611435,2000.0,266607b4-ae73-4f7b-8279-5e73b8ca6ba2,56.04,Unclassified,electromagnetic,https://jackmcguireastro.github.io/ctas.html?event=266607b4-ae73-4f7b-8279-5e73b8ca6ba2#dossier,https://www.wis-tns.org/object/2026znq,,,,,,,
AT2026znr,SIDEREAL,211.3345932,38.3175678,2000.0,8be14d9a-c609-4694-9724-46efa325754c,55.17,Unclassified,electromagnetic,https://jackmcguireastro.github.io/ctas.html?event=8be14d9a-c609-4694-9724-46efa325754c#dossier,https://www.wis-tns.org/object/2026znr,,,,,,,
AT2026zns,SIDEREAL,228.6596418,53.3667626,2000.0,54f0024c-c61e-4898-be8a-b46c686a2bef,71.85,Unclassified,electromagnetic,https://jackmcguireastro.github.io/ctas.html?event=54f0024c-c61e-4898-be8a-b46c686a2bef#dossier,https://www.wis-tns.org/object/2026zns,,,,,,,
AT2026znt,SIDEREAL,222.1435703,47.084378,2000.0,53b7a768-0ed8-48a8-82a0-8798fc92096a,56.51,Unclassified,electromagnetic,https://jackmcguireastro.github.io/ctas.html?event=53b7a768-0ed8-48a8-82a0-8798fc92096a#dossier,https://www.wis-tns.org/object/2026znt,,,,,,,
AT2026znu,SIDEREAL,251.5850742,9.1278472,2000.0,9d0d4a68-d8c4-467e-ae5c-57e306e4ca91,54.89,Unclassified,electromagnetic,https://jackmcguireastro.github.io/ctas.html?event=9d0d4a68-d8c4-467e-ae5c-57e306e4ca91#dossier,https://www.wis-tns.org/object/2026znu,,,,,,,
AT2026znv,SIDEREAL,219.1613587,6.1918921,2000.0,0b08d680-2c0a-4d75-89c7-fb99a2571350,55.48,Unclassified,electromagnetic,https://jackmcguireastro.github.io/ctas.html?event=0b08d680-2c0a-4d75-89c7-fb99a2571350#dossier,https://www.wis-tns.org/object/2026znv,,,,,,,
AT2026zjc,SIDEREAL,302.8617298,60.6331445,2000.0,eaf42372-3df1-46fa-a78c-a46e871822d1,63.76,Unclassified,electromagnetic,https://jackmcguireastro.github.io/ctas.html?event=eaf42372-3df1-46fa-a78c-a46e871822d1#dossier,https://www.wis-tns.org/object/2026zjc,,,,,,,
AT2026zmb,SIDEREAL,86.2217257,14.6536738,2000.0,c191eba7-739e-4a89-98c3-43046d920b8c,45.8,Unclassified,electromagnetic,https://jackmcguireastro.github.io/ctas.html?event=c191eba7-739e-4a89-98c3-43046d920b8c#dossier,https://www.wis-tns.org/object/2026zmb,,,,,,,
AT2026zkc,SIDEREAL,92.206578649945,42.78341305,2000.0,00ddd775-7759-4bae-b814-b5b89f633e95,46.3,Unclassified,electromagnetic,https://jackmcguireastro.github.io/ctas.html?event=00ddd775-7759-4bae-b814-b5b89f633e95#dossier,https://www.wis-tns.org/object/2026zkc,,,,,,,
AT2026zni,SIDEREAL,42.257546,-15.327023,2000.0,8de4cbd4-8fe0-44bf-80e1-2af29ca36120,79.55,Unclassified,electromagnetic,https://jackmcguireastro.github.io/ctas.html?event=8de4cbd4-8fe0-44bf-80e1-2af29ca36120#dossier,https://www.wis-tns.org/object/2026zni,,,,,,,
AT2026znb,SIDEREAL,44.56626,-19.826214,2000.0,9c6b7d8e-21b7-4e08-bdc9-2c04fbe68d2f,56.65,Unclassified,electromagnetic,https://jackmcguireastro.github.io/ctas.html?event=9c6b7d8e-21b7-4e08-bdc9-2c04fbe68d2f#dossier,https://www.wis-tns.org/object/2026znb,,,,,,,
AT2026znc,SIDEREAL,84.415198,-20.36935,2000.0,3360364b-42f0-40a6-91f3-8a4866411f95,82.38,Unclassified,electromagnetic,https://jackmcguireastro.github.io/ctas.html?event=3360364b-42f0-40a6-91f3-8a4866411f95#dossier,https://www.wis-tns.org/object/2026znc,,,,,,,
AT2026znd,SIDEREAL,71.815513,-5.802853,2000.0,f7c69f87-4b28-4a98-829a-915a4bc64e2d,79.86,Unclassified,electromagnetic,https://jackmcguireastro.github.io/ctas.html?event=f7c69f87-4b28-4a98-829a-915a4bc64e2d#dossier,https://www.wis-tns.org/object/2026znd,,,,,,,
AT2026zne,SIDEREAL,49.725367,-2.706405,2000.0,214fac03-1100-4dff-bb59-e6b8d4d4f68f,57.55,Unclassified,electromagnetic,https://jackmcguireastro.github.io/ctas.html?event=214fac03-1100-4dff-bb59-e6b8d4d4f68f#dossier,https://www.wis-tns.org/object/2026zne,,,,,,,
AT2026znf,SIDEREAL,65.586648,-33.843274,2000.0,a1798670-2c3d-4f46-8036-1ef4e945ad37,56.9,Unclassified,electromagnetic,https://jackmcguireastro.github.io/ctas.html?event=a1798670-2c3d-4f46-8036-1ef4e945ad37#dossier,https://www.wis-tns.org/object/2026znf,,,,,,,
AT2026zmo,SIDEREAL,83.443331,-18.639859,2000.0,675ad02e-13ee-47cb-b15d-c5b7c88aa599,81.99,Unclassified,electromagnetic,https://jackmcguireastro.github.io/ctas.html?event=675ad02e-13ee-47cb-b15d-c5b7c88aa599#dossier,https://www.wis-tns.org/object/2026zmo,,,,,,,
AT2026zmr,SIDEREAL,69.826515,-5.074985,2000.0,7a29d05b-8166-4d3e-834a-b8e010bbb866,81.46,Unclassified,electromagnetic,https://jackmcguireastro.github.io/ctas.html?event=7a29d05b-8166-4d3e-834a-b8e010bbb866#dossier,https://www.wis-tns.org/object/2026zmr,,,,,,,
AT2026zmt,SIDEREAL,17.723171,-14.553095,2000.0,6874bdf6-8560-4982-a75f-bedf25963043,80.48,Unclassified,electromagnetic,https://jackmcguireastro.github.io/ctas.html?event=6874bdf6-8560-4982-a75f-bedf25963043#dossier,https://www.wis-tns.org/object/2026zmt,,,,,,,
AT2026zmu,SIDEREAL,47.927829,-7.471019,2000.0,ac78af34-0e49-40c3-99f9-66226a1791c1,58.12,Unclassified,electromagnetic,https://jackmcguireastro.github.io/ctas.html?event=ac78af34-0e49-40c3-99f9-66226a1791c1#dossier,https://www.wis-tns.org/object/2026zmu,,,,,,,
AT2026zmv,SIDEREAL,52.474331,-11.623811,2000.0,b7b9cd5e-8d39-4e5c-918f-ad98a165945c,55.97,Unclassified,electromagnetic,https://jackmcguireastro.github.io/ctas.html?event=b7b9cd5e-8d39-4e5c-918f-ad98a165945c#dossier,https://www.wis-tns.org/object/2026zmv,,,,,,,
AT2026zmx,SIDEREAL,62.460195,-13.642559,2000.0,c52dcee8-3711-45bf-ab92-faf8b0f299c2,81.24,Unclassified,electromagnetic,https://jackmcguireastro.github.io/ctas.html?event=c52dcee8-3711-45bf-ab92-faf8b0f299c2#dossier,https://www.wis-tns.org/object/2026zmx,,,,,,,
AT2026zmy,SIDEREAL,66.48703,-17.919836,2000.0,2c30ae0b-24cc-42cc-8f04-879ecd63428d,57.0,Unclassified,electromagnetic,https://jackmcguireastro.github.io/ctas.html?event=2c30ae0b-24cc-42cc-8f04-879ecd63428d#dossier,https://www.wis-tns.org/object/2026zmy,,,,,,,
AT2026zmz,SIDEREAL,62.489206,-28.451264,2000.0,5dccd11b-ba3f-40da-b8f1-df60c7db4dbe,57.43,Unclassified,electromagnetic,https://jackmcguireastro.github.io/ctas.html?event=5dccd11b-ba3f-40da-b8f1-df60c7db4dbe#dossier,https://www.wis-tns.org/object/2026zmz,,,,,,,
AT2026zmc,SIDEREAL,6.334881,16.6435441,2000.0,ca66c8bb-b4c4-4b9e-b113-e7fdadaf409e,42.9,Unclassified,electromagnetic,https://jackmcguireastro.github.io/ctas.html?event=ca66c8bb-b4c4-4b9e-b113-e7fdadaf409e#dossier,https://www.wis-tns.org/object/2026zmc,,,,,,,
AT2026zas,SIDEREAL,327.17157994444,1.5483359055556,2000.0,10bd0ee3-3c34-4acc-96af-85c62c590e52,55.09,Unclassified,electromagnetic,https://jackmcguireastro.github.io/ctas.html?event=10bd0ee3-3c34-4acc-96af-85c62c590e52#dossier,https://www.wis-tns.org/object/2026zas,,,,,,,
SN2026zec,SIDEREAL,40.283789677778,8.2163217055556,2000.0,817ee2f2-457c-40a8-ae13-153d292e6077,43.86,SN Ia,electromagnetic,https://jackmcguireastro.github.io/ctas.html?event=817ee2f2-457c-40a8-ae13-153d292e6077#dossier,https://www.wis-tns.org/object/2026zec,AT2026zec,,,,,,
AT2025anad,SIDEREAL,309.2830161,-11.3455274,2000.0,a65b44e4-a7ee-41b6-aa3c-679e0c227892,46.97,Unclassified,electromagnetic,https://jackmcguireastro.github.io/ctas.html?event=a65b44e4-a7ee-41b6-aa3c-679e0c227892#dossier,https://www.wis-tns.org/object/2025anad,,,,,,,
AT2026zmd,SIDEREAL,20.6167808,2.1399554,2000.0,659a2780-8147-457a-9011-fc3732947426,54.64,Unclassified,electromagnetic,https://jackmcguireastro.github.io/ctas.html?event=659a2780-8147-457a-9011-fc3732947426#dossier,https://www.wis-tns.org/object/2026zmd,,,,,,,
AT2026zme,SIDEREAL,326.4447118,-3.5070605,2000.0,b3dc5b5a-112e-4b52-8f0d-2eaa49e1531c,54.97,Unclassified,electromagnetic,https://jackmcguireastro.github.io/ctas.html?event=b3dc5b5a-112e-4b52-8f0d-2eaa49e1531c#dossier,https://www.wis-tns.org/object/2026zme,,,,,,,
AT2026zmf,SIDEREAL,271.3015138,2.8924652,2000.0,b93cb1f6-b092-4acc-b24b-9a89d39c3be9,53.41,Unclassified,electromagnetic,https://jackmcguireastro.github.io/ctas.html?event=b93cb1f6-b092-4acc-b24b-9a89d39c3be9#dossier,https://www.wis-tns.org/object/2026zmf,,,,,,,
AT2026zmg,SIDEREAL,44.5087696,-5.3806582,2000.0,b55e54ba-5aa4-4a59-9268-7a89314fa206,55.4,Unclassified,electromagnetic,https://jackmcguireastro.github.io/ctas.html?event=b55e54ba-5aa4-4a59-9268-7a89314fa206#dossier,https://www.wis-tns.org/object/2026zmg,,,,,,,
AT2026zmh,SIDEREAL,58.8882517,24.7897676,2000.0,beba57af-d54c-4fa5-9fc4-e2469c8ce97d,54.99,Unclassified,electromagnetic,https://jackmcguireastro.github.io/ctas.html?event=beba57af-d54c-4fa5-9fc4-e2469c8ce97d#dossier,https://www.wis-tns.org/object/2026zmh,,,,,,,
AT2026zmi,SIDEREAL,61.3587097,24.34651,2000.0,ec16bb70-1aa3-430c-9762-7c5a1799eeda,55.24,Unclassified,electromagnetic,https://jackmcguireastro.github.io/ctas.html?event=ec16bb70-1aa3-430c-9762-7c5a1799eeda#dossier,https://www.wis-tns.org/object/2026zmi,,,,,,,
AT2026zmj,SIDEREAL,29.231065,-9.439705,2000.0,d23f6a14-9816-4bbb-9e71-474b30eef320,80.5,Unclassified,electromagnetic,https://jackmcguireastro.github.io/ctas.html?event=d23f6a14-9816-4bbb-9e71-474b30eef320#dossier,https://www.wis-tns.org/object/2026zmj,,,,,,,
AT2026zmk,SIDEREAL,35.517675,-8.22593333333,2000.0,98d4ce5b-17ee-4f6f-968e-c9cb449e132f,61.04,Unclassified,electromagnetic,https://jackmcguireastro.github.io/ctas.html?event=98d4ce5b-17ee-4f6f-968e-c9cb449e132f#dossier,https://www.wis-tns.org/object/2026zmk,,,,,,,
AT2026zml,SIDEREAL,11.699755,-13.6594233333,2000.0,b304ed4a-2158-43a9-b196-c96c49f6624a,60.41,Unclassified,electromagnetic,https://jackmcguireastro.github.io/ctas.html?event=b304ed4a-2158-43a9-b196-c96c49f6624a#dossier,https://www.wis-tns.org/object/2026zml,,,,,,,
AT2026zgb,SIDEREAL,54.640724,6.212033,2000.0,70edf1ee-1961-4e7e-bc66-a494d1ac561e,58.3,Unclassified,electromagnetic,https://jackmcguireastro.github.io/ctas.html?event=70edf1ee-1961-4e7e-bc66-a494d1ac561e#dossier,https://www.wis-tns.org/object/2026zgb,,,,,,,
AT2026zmm,SIDEREAL,52.4473737,-2.8218713,2000.0,0d3b745b-1cd4-4c33-b4d7-2dd271dd989c,56.03,Unclassified,electromagnetic,https://jackmcguireastro.github.io/ctas.html?event=0d3b745b-1cd4-4c33-b4d7-2dd271dd989c#dossier,https://www.wis-tns.org/object/2026zmm,,,,,,,
AT2026zgt,SIDEREAL,302.1745273,11.2321289,2000.0,2c00171c-1765-44c1-9186-736819bc68fe,51.14,Unclassified,electromagnetic,https://jackmcguireastro.github.io/ctas.html?event=2c00171c-1765-44c1-9186-736819bc68fe#dossier,https://www.wis-tns.org/object/2026zgt,GOTO26ihj,,,,,,
AT2026zjw,SIDEREAL,24.5307512,-17.2949953,2000.0,ba251791-97c2-4f88-8d3e-a702c77e3f1c,61.9,Unclassified,electromagnetic,https://jackmcguireastro.github.io/ctas.html?event=ba251791-97c2-4f88-8d3e-a702c77e3f1c#dossier,https://www.wis-tns.org/object/2026zjw,,,,,,,
AT2018mve,SIDEREAL,4.5694696,23.0216544,2000.0,ef0a33db-ea13-4e41-8f26-166f7ff50b68,62.28,Unclassified,electromagnetic,https://jackmcguireastro.github.io/ctas.html?event=ef0a33db-ea13-4e41-8f26-166f7ff50b68#dossier,https://www.wis-tns.org/object/2018mve,,,,,,,
AT2026zkx,SIDEREAL,342.154292,1.057669,2000.0,91ce70a0-a761-4f82-a2d7-e601fe5fad3b,49.27,Unclassified,electromagnetic,https://jackmcguireastro.github.io/ctas.html?event=91ce70a0-a761-4f82-a2d7-e601fe5fad3b#dossier,https://www.wis-tns.org/object/2026zkx,,,,,,,
AT2026zky,SIDEREAL,24.047292,2.842236,2000.0,2aeda4b3-0ba5-4599-9d6c-7b6973a372af,51.75,Unclassified,electromagnetic,https://jackmcguireastro.github.io/ctas.html?event=2aeda4b3-0ba5-4599-9d6c-7b6973a372af#dossier,https://www.wis-tns.org/object/2026zky,,,,,,,
AT2026zla,SIDEREAL,21.815708,1.608392,2000.0,29672842-b595-423c-87d8-bd36bf683213,51.77,Unclassified,electromagnetic,https://jackmcguireastro.github.io/ctas.html?event=29672842-b595-423c-87d8-bd36bf683213#dossier,https://www.wis-tns.org/object/2026zla,,,,,,,
AT2026zkz,SIDEREAL,358.079542,5.706758,2000.0,ef3d831d-9d6e-4dff-9fd2-27fdbc3185e2,50.75,Unclassified,electromagnetic,https://jackmcguireastro.github.io/ctas.html?event=ef3d831d-9d6e-4dff-9fd2-27fdbc3185e2#dossier,https://www.wis-tns.org/object/2026zkz,,,,,,,
AT2026zlb,SIDEREAL,23.387125,-0.702919,2000.0,ada28b0c-1aa4-496e-bf3e-313bf1f727d5,50.73,Unclassified,electromagnetic,https://jackmcguireastro.github.io/ctas.html?event=ada28b0c-1aa4-496e-bf3e-313bf1f727d5#dossier,https://www.wis-tns.org/object/2026zlb,,,,,,,
AT2026zlc,SIDEREAL,350.496333,0.688344,2000.0,a13b61f8-32ef-4f26-bb94-607e8db4d91a,50.5,Unclassified,electromagnetic,https://jackmcguireastro.github.io/ctas.html?event=a13b61f8-32ef-4f26-bb94-607e8db4d91a#dossier,https://www.wis-tns.org/object/2026zlc,,,,,,,
AT2026zld,SIDEREAL,352.916833,4.350839,2000.0,16e119a8-bda0-4eea-bb8c-abb329bafa16,49.4,Unclassified,electromagnetic,https://jackmcguireastro.github.io/ctas.html?event=16e119a8-bda0-4eea-bb8c-abb329bafa16#dossier,https://www.wis-tns.org/object/2026zld,,,,,,,
AT2026zle,SIDEREAL,348.588917,5.897475,2000.0,4733932f-f271-4b1f-9927-38ee210c7a11,50.33,Unclassified,electromagnetic,https://jackmcguireastro.github.io/ctas.html?event=4733932f-f271-4b1f-9927-38ee210c7a11#dossier,https://www.wis-tns.org/object/2026zle,,,,,,,
AT2026zlf,SIDEREAL,21.326042,5.377589,2000.0,d5946474-3277-4183-8e47-0b0d1426b158,50.3,Unclassified,electromagnetic,https://jackmcguireastro.github.io/ctas.html?event=d5946474-3277-4183-8e47-0b0d1426b158#dossier,https://www.wis-tns.org/object/2026zlf,,,,,,,
AT2026zlg,SIDEREAL,33.554458,3.727822,2000.0,3c1cc5a5-d415-4702-b430-8597c04e355e,50.08,Unclassified,electromagnetic,https://jackmcguireastro.github.io/ctas.html?event=3c1cc5a5-d415-4702-b430-8597c04e355e#dossier,https://www.wis-tns.org/object/2026zlg,,,,,,,
AT2026zli,SIDEREAL,15.16125,-1.335231,2000.0,ebf5bf89-561d-430a-849e-e282d8d7fbcc,53.2,Unclassified,electromagnetic,https://jackmcguireastro.github.io/ctas.html?event=ebf5bf89-561d-430a-849e-e282d8d7fbcc#dossier,https://www.wis-tns.org/object/2026zli,,,,,,,
AT2026zlh,SIDEREAL,32.219958,2.296464,2000.0,f181fb07-5b6c-4979-9a0b-5a9982dbe708,51.53,Unclassified,electromagnetic,https://jackmcguireastro.github.io/ctas.html?event=f181fb07-5b6c-4979-9a0b-5a9982dbe708#dossier,https://www.wis-tns.org/object/2026zlh,,,,,,,
AT2026zlj,SIDEREAL,26.492542,4.291094,2000.0,4e693040-994b-4e23-8e85-99e798f51478,55.15,Unclassified,electromagnetic,https://jackmcguireastro.github.io/ctas.html?event=4e693040-994b-4e23-8e85-99e798f51478#dossier,https://www.wis-tns.org/object/2026zlj,,,,,,,
AT2026zlo,SIDEREAL,330.337667,16.997597,2000.0,c1187da0-dfb2-4732-a2b1-ff4bcb2cb474,52.22,Unclassified,electromagnetic,https://jackmcguireastro.github.io/ctas.html?event=c1187da0-dfb2-4732-a2b1-ff4bcb2cb474#dossier,https://www.wis-tns.org/object/2026zlo,,,,,,,
AT2026zlk,SIDEREAL,357.849958,0.340661,2000.0,88699101-c93d-4ffa-a059-6d9c121affc3,50.6,Unclassified,electromagnetic,https://jackmcguireastro.github.io/ctas.html?event=88699101-c93d-4ffa-a059-6d9c121affc3#dossier,https://www.wis-tns.org/object/2026zlk,,,,,,,
AT2026zll,SIDEREAL,352.987542,5.25635,2000.0,72bb156e-e0c6-49eb-856a-dc20d22074ff,51.25,Unclassified,electromagnetic,https://jackmcguireastro.github.io/ctas.html?event=72bb156e-e0c6-49eb-856a-dc20d22074ff#dossier,https://www.wis-tns.org/object/2026zll,,,,,,,
AT2026zlm,SIDEREAL,279.12775,53.538169,2000.0,d03a0256-a1ad-44df-afd2-afde4c21a707,54.95,Unclassified,electromagnetic,https://jackmcguireastro.github.io/ctas.html?event=d03a0256-a1ad-44df-afd2-afde4c21a707#dossier,https://www.wis-tns.org/object/2026zlm,,,,,,,
AT2026ymm,SIDEREAL,250.552917,21.339744,2000.0,e572c8a2-81c5-4ec4-bc3b-157b85874625,57.58,Unclassified,electromagnetic,https://jackmcguireastro.github.io/ctas.html?event=e572c8a2-81c5-4ec4-bc3b-157b85874625#dossier,https://www.wis-tns.org/object/2026ymm,,,,,,,
AT2026zln,SIDEREAL,327.280708,21.220906,2000.0,583f2589-6155-4419-9bca-0963ffd1f88f,52.98,Unclassified,electromagnetic,https://jackmcguireastro.github.io/ctas.html?event=583f2589-6155-4419-9bca-0963ffd1f88f#dossier,https://www.wis-tns.org/object/2026zln,,,,,,,
AT2026zlp,SIDEREAL,343.879167,20.442189,2000.0,93e87fde-3643-4e35-ab58-b27c9517ea6d,53.85,Unclassified,electromagnetic,https://jackmcguireastro.github.io/ctas.html?event=93e87fde-3643-4e35-ab58-b27c9517ea6d#dossier,https://www.wis-tns.org/object/2026zlp,,,,,,,
AT2026zag,SIDEREAL,328.207625,15.437675,2000.0,9df5bf36-ef0a-4cd9-b518-e5ad3a28f94a,56.35,Unclassified,electromagnetic,https://jackmcguireastro.github.io/ctas.html?event=9df5bf36-ef0a-4cd9-b518-e5ad3a28f94a#dossier,https://www.wis-tns.org/object/2026zag,,,,,,,
AT2026zlq,SIDEREAL,347.657167,18.778297,2000.0,a8db0b02-a14b-4a66-a4fd-c12655c240c7,54.93,Unclassified,electromagnetic,https://jackmcguireastro.github.io/ctas.html?event=a8db0b02-a14b-4a66-a4fd-c12655c240c7#dossier,https://www.wis-tns.org/object/2026zlq,,,,,,,
AT2026zlr,SIDEREAL,218.043333,54.803281,2000.0,0502bcf5-6b04-4feb-9cd7-9cd782809c77,56.23,Unclassified,electromagnetic,https://jackmcguireastro.github.io/ctas.html?event=0502bcf5-6b04-4feb-9cd7-9cd782809c77#dossier,https://www.wis-tns.org/object/2026zlr,,,,,,,
AT2026yag,SIDEREAL,229.864167,54.82355,2000.0,a25ec59b-ab6d-48d4-9cc0-c2448b1b3512,58.48,Unclassified,electromagnetic,https://jackmcguireastro.github.io/ctas.html?event=a25ec59b-ab6d-48d4-9cc0-c2448b1b3512#dossier,https://www.wis-tns.org/object/2026yag,,,,,,,
AT2026zls,SIDEREAL,217.29675,47.124872,2000.0,56c6a511-a247-4848-97ab-40c1cba5344d,55.68,Unclassified,electromagnetic,https://jackmcguireastro.github.io/ctas.html?event=56c6a511-a247-4848-97ab-40c1cba5344d#dossier,https://www.wis-tns.org/object/2026zls,,,,,,,
AT2026zlt,SIDEREAL,344.387167,25.859794,2000.0,22bac339-ac78-4144-a776-77b3ba48a76a,54.4,Unclassified,electromagnetic,https://jackmcguireastro.github.io/ctas.html?event=22bac339-ac78-4144-a776-77b3ba48a76a#dossier,https://www.wis-tns.org/object/2026zlt,,,,,,,
AT2026zlu,SIDEREAL,346.513917,32.057464,2000.0,11232a74-9734-4956-9af8-7fd10998dd81,55.22,Unclassified,electromagnetic,https://jackmcguireastro.github.io/ctas.html?event=11232a74-9734-4956-9af8-7fd10998dd81#dossier,https://www.wis-tns.org/object/2026zlu,,,,,,,
AT2026zlv,SIDEREAL,271.158292,54.699319,2000.0,08d04df8-5dfe-4d13-afb2-233975b7c02a,53.75,Unclassified,electromagnetic,https://jackmcguireastro.github.io/ctas.html?event=08d04df8-5dfe-4d13-afb2-233975b7c02a#dossier,https://www.wis-tns.org/object/2026zlv,,,,,,,
AT2026zlw,SIDEREAL,216.737,41.099789,2000.0,bf2db104-fdd2-481f-8bc5-32a876609110,56.98,Unclassified,electromagnetic,https://jackmcguireastro.github.io/ctas.html?event=bf2db104-fdd2-481f-8bc5-32a876609110#dossier,https://www.wis-tns.org/object/2026zlw,,,,,,,
AT2026zlx,SIDEREAL,349.320667,17.181436,2000.0,cf56e8e7-26bb-4c75-9786-c0cc79d90cf9,63.12,Unclassified,electromagnetic,https://jackmcguireastro.github.io/ctas.html?event=cf56e8e7-26bb-4c75-9786-c0cc79d90cf9#dossier,https://www.wis-tns.org/object/2026zlx,,,,,,,
AT2026zly,SIDEREAL,338.221042,25.133756,2000.0,feeac3e0-c84b-4da3-ae44-ca8c4e7643cc,53.32,Unclassified,electromagnetic,https://jackmcguireastro.github.io/ctas.html?event=feeac3e0-c84b-4da3-ae44-ca8c4e7643cc#dossier,https://www.wis-tns.org/object/2026zly,,,,,,,
AT2026zlz,SIDEREAL,268.498875,49.972958,2000.0,d73e92cc-1483-4a15-be3a-3079bd41f40b,55.83,Unclassified,electromagnetic,https://jackmcguireastro.github.io/ctas.html?event=d73e92cc-1483-4a15-be3a-3079bd41f40b#dossier,https://www.wis-tns.org/object/2026zlz,,,,,,,
Chime-1174466460,SIDEREAL,139.8025169,7.3688533,2000.0,87431f9e-ab54-4f35-a68b-de514f6ebcfb,0.0,high-importance,radio,https://jackmcguireastro.github.io/ctas.html?event=87431f9e-ab54-4f35-a68b-de514f6ebcfb#dossier,,1174466460,,,,,,
SN2026yka,SIDEREAL,339.2798926,9.6638365,2000.0,032df5de-cfe6-4dba-8b49-a49002fd2dd7,44.35,SN Ia,electromagnetic,https://jackmcguireastro.github.io/ctas.html?event=032df5de-cfe6-4dba-8b49-a49002fd2dd7#dossier,https://www.wis-tns.org/object/2026yka,,,,,,,
AT2026zku,SIDEREAL,325.1019589,-13.0799293,2000.0,cf412382-9ea6-42ea-a63c-03d5673a4977,54.64,Unclassified,electromagnetic,https://jackmcguireastro.github.io/ctas.html?event=cf412382-9ea6-42ea-a63c-03d5673a4977#dossier,https://www.wis-tns.org/object/2026zku,,,,,,,
SN2026xkr,SIDEREAL,1.12873754375,-6.3635855625,2000.0,57122233-0b6b-4548-aff1-05c05bb233f9,45.56,SN Ia,electromagnetic,https://jackmcguireastro.github.io/ctas.html?event=57122233-0b6b-4548-aff1-05c05bb233f9#dossier,https://www.wis-tns.org/object/2026xkr,AT2026xkr,,,,,,
AT2025amze,SIDEREAL,343.6989151,-5.4197065,2000.0,4240b7da-9ff5-4d87-9d83-2b13ae3a70d6,54.91,Unclassified,electromagnetic,https://jackmcguireastro.github.io/ctas.html?event=4240b7da-9ff5-4d87-9d83-2b13ae3a70d6#dossier,https://www.wis-tns.org/object/2025amze,,,,,,,
AT2026zfn,SIDEREAL,335.6050399,-26.7441735,2000.0,91d6cfc5-b25a-47fc-85d0-168780ef90da,52.12,Unclassified,electromagnetic,https://jackmcguireastro.github.io/ctas.html?event=91d6cfc5-b25a-47fc-85d0-168780ef90da#dossier,https://www.wis-tns.org/object/2026zfn,,,,,,,
AT2026zkt,SIDEREAL,295.5788523,44.1603525,2000.0,dfd52f53-24f1-479f-93c4-b7d0535b26df,54.15,Unclassified,electromagnetic,https://jackmcguireastro.github.io/ctas.html?event=dfd52f53-24f1-479f-93c4-b7d0535b26df#dossier,https://www.wis-tns.org/object/2026zkt,,,,,,,
AT2026yta,SIDEREAL,81.2648724,5.7741267,2000.0,937bcb80-a930-4c43-8f0d-774daebb80a1,59.7,Unclassified,electromagnetic,https://jackmcguireastro.github.io/ctas.html?event=937bcb80-a930-4c43-8f0d-774daebb80a1#dossier,https://www.wis-tns.org/object/2026yta,ATLAS26jwe,ZTF26abnlxlo,,,,,
AT2026zcp,SIDEREAL,109.3137625,29.3242581,2000.0,40eff422-b33b-498b-b9ea-4de1242f3c51,48.91,Unclassified,electromagnetic,https://jackmcguireastro.github.io/ctas.html?event=40eff422-b33b-498b-b9ea-4de1242f3c51#dossier,https://www.wis-tns.org/object/2026zcp,ZTF26abpcfsp,,,,,,
AT2026zks,SIDEREAL,260.3323479,31.0694291,2000.0,0b09722f-2040-463a-a184-5464d02510c2,53.95,Unclassified,electromagnetic,https://jackmcguireastro.github.io/ctas.html?event=0b09722f-2040-463a-a184-5464d02510c2#dossier,https://www.wis-tns.org/object/2026zks,,,,,,,
SN2026wpc,SIDEREAL,288.5598343,-8.3881055,2000.0,f3a0a7f4-3a21-4446-bf09-2ed1d9a7cf1a,53.36,SN Ia,electromagnetic,https://jackmcguireastro.github.io/ctas.html?event=f3a0a7f4-3a21-4446-bf09-2ed1d9a7cf1a#dossier,https://www.wis-tns.org/object/2026wpc,AT2026wpc,,,,,,
SN2026wfr,SIDEREAL,315.296430053,-10.0705025268,2000.0,00c2fa6b-8390-43bd-8c2a-7f6500a2a5fe,44.31,SN IIP,electromagnetic,https://jackmcguireastro.github.io/ctas.html?event=00c2fa6b-8390-43bd-8c2a-7f6500a2a5fe#dossier,https://www.wis-tns.org/object/2026wfr,AT2026wfr,,,,,,
SN2026rio,SIDEREAL,33.9775469,15.6144501,2000.0,f0389715-f5a4-47b7-b021-27cf5a846741,46.41,SN IIP,electromagnetic,https://jackmcguireastro.github.io/ctas.html?event=f0389715-f5a4-47b7-b021-27cf5a846741#dossier,https://www.wis-tns.org/object/2026rio,,,,,,,
SN2026okn,SIDEREAL,304.472266616,-14.7060192798,2000.0,f132b90c-3f21-45bf-bebf-257ae49b0c7e,43.3,SN Ia,electromagnetic,https://jackmcguireastro.github.io/ctas.html?event=f132b90c-3f21-45bf-bebf-257ae49b0c7e#dossier,https://www.wis-tns.org/object/2026okn,,,,,,,
AT2026zkn,SIDEREAL,239.4046323,23.8661538,2000.0,039c90a8-3596-4ada-a1e5-a297783821a1,56.87,Unclassified,electromagnetic,https://jackmcguireastro.github.io/ctas.html?event=039c90a8-3596-4ada-a1e5-a297783821a1#dossier,https://www.wis-tns.org/object/2026zkn,,,,,,,
AT2026zko,SIDEREAL,255.5007172,38.0906303,2000.0,bbd79938-92de-4e71-9070-5ecad629df35,54.73,Unclassified,electromagnetic,https://jackmcguireastro.github.io/ctas.html?event=bbd79938-92de-4e71-9070-5ecad629df35#dossier,https://www.wis-tns.org/object/2026zko,,,,,,,
AT2026zkp,SIDEREAL,271.2159416,52.8728902,2000.0,7ccd098e-6e99-4e60-abc0-0102133907c3,56.81,Unclassified,electromagnetic,https://jackmcguireastro.github.io/ctas.html?event=7ccd098e-6e99-4e60-abc0-0102133907c3#dossier,https://www.wis-tns.org/object/2026zkp,,,,,,,
AT2026zkq,SIDEREAL,257.3429733,47.0817567,2000.0,8b78fb6e-050a-4fdb-8d8e-0d7995f2620b,55.58,Unclassified,electromagnetic,https://jackmcguireastro.github.io/ctas.html?event=8b78fb6e-050a-4fdb-8d8e-0d7995f2620b#dossier,https://www.wis-tns.org/object/2026zkq,,,,,,,
SN2026wjn,SIDEREAL,291.6851884,33.8405044,2000.0,4b7eddee-124e-4241-8a04-3451f648e0aa,41.78,SN Ia,electromagnetic,https://jackmcguireastro.github.io/ctas.html?event=4b7eddee-124e-4241-8a04-3451f648e0aa#dossier,https://www.wis-tns.org/object/2026wjn,,,,,,,
SN2026xkn,SIDEREAL,42.8374199,40.2696847,2000.0,b7c91887-9b68-4392-92a9-3afd284953c9,43.94,SN Ia,electromagnetic,https://jackmcguireastro.github.io/ctas.html?event=b7c91887-9b68-4392-92a9-3afd284953c9#dossier,https://www.wis-tns.org/object/2026xkn,AT2026xkn,,,,,,
AT2026zkb,SIDEREAL,319.2811895,1.5092197666667,2000.0,d8dd1809-41b6-42b9-b5ae-ac074692beb1,44.8,Unclassified,electromagnetic,https://jackmcguireastro.github.io/ctas.html?event=d8dd1809-41b6-42b9-b5ae-ac074692beb1#dossier,https://www.wis-tns.org/object/2026zkb,,,,,,,
AT2026zbo,SIDEREAL,321.4470429,5.654763,2000.0,661a6af8-3c5c-4c7d-81ee-3fe5bce2fae2,52.28,Unclassified,electromagnetic,https://jackmcguireastro.github.io/ctas.html?event=661a6af8-3c5c-4c7d-81ee-3fe5bce2fae2#dossier,https://www.wis-tns.org/object/2026zbo,,,,,,,
AT2026zcr,SIDEREAL,352.7984141,-10.1786681,2000.0,d2df659f-5a0d-4db3-9e3e-318c212471f3,44.51,Unclassified,electromagnetic,https://jackmcguireastro.github.io/ctas.html?event=d2df659f-5a0d-4db3-9e3e-318c212471f3#dossier,https://www.wis-tns.org/object/2026zcr,,,,,,,
AT2026zek,SIDEREAL,350.8862211,-15.4714083,2000.0,87c39d1b-287f-44e3-b9ed-ce452d5baf0d,51.34,Unclassified,electromagnetic,https://jackmcguireastro.github.io/ctas.html?event=87c39d1b-287f-44e3-b9ed-ce452d5baf0d#dossier,https://www.wis-tns.org/object/2026zek,,,,,,,
AT2026zkd,SIDEREAL,46.4519489,-5.289654,2000.0,7bf434b5-c596-4430-b5c3-d848a75cacef,44.81,Unclassified,electromagnetic,https://jackmcguireastro.github.io/ctas.html?event=7bf434b5-c596-4430-b5c3-d848a75cacef#dossier,https://www.wis-tns.org/object/2026zkd,,,,,,,
AT2026pjp,SIDEREAL,329.0019375,32.525875,2000.0,8396aa87-d8da-4b62-b971-cd9df540f5d6,54.0,Unclassified,electromagnetic,https://jackmcguireastro.github.io/ctas.html?event=8396aa87-d8da-4b62-b971-cd9df540f5d6#dossier,,2026pjp,SN2026pjp,,,,,
AT2026pjb,SIDEREAL,261.29195,19.941197222222222,2000.0,cbda54dc-d348-4c42-848d-45522efae1d6,54.0,Unclassified,electromagnetic,https://jackmcguireastro.github.io/ctas.html?event=cbda54dc-d348-4c42-848d-45522efae1d6#dossier,,2026pjb,SN2026pjb,,,,,
AT2026pkj,SIDEREAL,252.44011666666665,4.281055555555556,2000.0,b1ac67fb-8868-4465-9e8b-8d0133ad7e8f,54.0,Unclassified,electromagnetic,https://jackmcguireastro.github.io/ctas.html?event=b1ac67fb-8868-4465-9e8b-8d0133ad7e8f#dossier,,2026pkj,SN2026pkj,,,,,
AT2026ozl,SIDEREAL,317.99954999999994,9.312236111111112,2000.0,cbd62896-1f48-4553-9e83-f793c4c61888,54.0,Unclassified,electromagnetic,https://jackmcguireastro.github.io/ctas.html?event=cbd62896-1f48-4553-9e83-f793c4c61888#dossier,,2026ozl,SN2026ozl,,,,,
AT2026pes,SIDEREAL,264.19664166666666,37.09264166666667,2000.0,dc88b57d-c8a6-4e58-a1f4-f10528ca0f70,54.0,Unclassified,electromagnetic,https://jackmcguireastro.github.io/ctas.html?event=dc88b57d-c8a6-4e58-a1f4-f10528ca0f70#dossier,,2026pes,SN2026pes,,,,,
SN2026ywa,SIDEREAL,303.795325,-52.72145,2000.0,738871ea-4297-4073-a43e-2295bfa5c807,46.47,SN Ia,electromagnetic,https://jackmcguireastro.github.io/ctas.html?event=738871ea-4297-4073-a43e-2295bfa5c807#dossier,https://www.wis-tns.org/object/2026ywa,AT2026ywa,2026ywa,,,,,
AT2026zkf,SIDEREAL,298.2516676,-5.4308859,2000.0,7c7123f6-be9b-4e78-a117-f229bcbf583a,54.14,Unclassified,electromagnetic,https://jackmcguireastro.github.io/ctas.html?event=7c7123f6-be9b-4e78-a117-f229bcbf583a#dossier,https://www.wis-tns.org/object/2026zkf,,,,,,,
AT2026zkg,SIDEREAL,311.4910837,-19.5094459,2000.0,5f731582-5d5e-47eb-b15a-f754aae416f3,54.63,Unclassified,electromagnetic,https://jackmcguireastro.github.io/ctas.html?event=5f731582-5d5e-47eb-b15a-f754aae416f3#dossier,https://www.wis-tns.org/object/2026zkg,,,,,,,
AT2026zhd,SIDEREAL,60.136522,-8.802888,2000.0,dcacc84d-a6c3-47dc-93f6-119868860c3c,58.23,Unclassified,electromagnetic,https://jackmcguireastro.github.io/ctas.html?event=dcacc84d-a6c3-47dc-93f6-119868860c3c#dossier,https://www.wis-tns.org/object/2026zhd,,,,,,,
AT2026yep,SIDEREAL,39.444578,-15.076636,2000.0,685deea6-250a-4d4b-8e7e-c7866316b96e,56.35,Unclassified,electromagnetic,https://jackmcguireastro.github.io/ctas.html?event=685deea6-250a-4d4b-8e7e-c7866316b96e#dossier,https://www.wis-tns.org/object/2026yep,,,,,,,
AT2026zhb,SIDEREAL,33.486634,-25.812634,2000.0,23ebb541-7eab-4539-a6b6-f430f7592229,57.35,Unclassified,electromagnetic,https://jackmcguireastro.github.io/ctas.html?event=23ebb541-7eab-4539-a6b6-f430f7592229#dossier,https://www.wis-tns.org/object/2026zhb,,,,,,,
AT2026zki,SIDEREAL,68.298156,-27.006422,2000.0,ebfea070-75ad-482c-95b3-cc08ee7b1d8e,80.2,Unclassified,electromagnetic,https://jackmcguireastro.github.io/ctas.html?event=ebfea070-75ad-482c-95b3-cc08ee7b1d8e#dossier,https://www.wis-tns.org/object/2026zki,,,,,,,
AT2026zkj,SIDEREAL,73.38992,-37.7356072727,2000.0,ca4b5a35-7396-4de2-b9dc-ba33a6883fb1,62.65,Unclassified,electromagnetic,https://jackmcguireastro.github.io/ctas.html?event=ca4b5a35-7396-4de2-b9dc-ba33a6883fb1#dossier,https://www.wis-tns.org/object/2026zkj,,,,,,,
AT2026zfq,SIDEREAL,306.3867171,-26.4195121,2000.0,1dcf72ad-ea5b-416e-8227-bbe83a871e8f,51.23,Unclassified,electromagnetic,https://jackmcguireastro.github.io/ctas.html?event=1dcf72ad-ea5b-416e-8227-bbe83a871e8f#dossier,https://www.wis-tns.org/object/2026zfq,,,,,,,
AT2026zjz,SIDEREAL,322.58325962676,2.2638116947075,2000.0,afe3fef5-efb9-40d9-81da-6e6a0c1b3a29,54.35,Unclassified,electromagnetic,https://jackmcguireastro.github.io/ctas.html?event=afe3fef5-efb9-40d9-81da-6e6a0c1b3a29#dossier,https://www.wis-tns.org/object/2026zjz,,,,,,,
AT2026zka,SIDEREAL,0.25435078824555,-18.049379139117,2000.0,b9cbdd66-d042-43c4-9ba5-d9d58055acc9,54.79,Unclassified,electromagnetic,https://jackmcguireastro.github.io/ctas.html?event=b9cbdd66-d042-43c4-9ba5-d9d58055acc9#dossier,https://www.wis-tns.org/object/2026zka,,,,,,,
AT2026zar,SIDEREAL,16.227564326667,9.09928014,2000.0,28b4682b-3ce5-4ada-93d8-317f6f116f8c,54.49,Unclassified,electromagnetic,https://jackmcguireastro.github.io/ctas.html?event=28b4682b-3ce5-4ada-93d8-317f6f116f8c#dossier,https://www.wis-tns.org/object/2026zar,,,,,,,
AT2024aiju,SIDEREAL,57.4888854,9.0859811,2000.0,8c7c9238-80a8-4dbd-a708-a544932cbf76,62.42,Unclassified,electromagnetic,https://jackmcguireastro.github.io/ctas.html?event=8c7c9238-80a8-4dbd-a708-a544932cbf76#dossier,https://www.wis-tns.org/object/2024aiju,,,,,,,
AT2026zjx,SIDEREAL,26.5931151,15.4506245,2000.0,6745deb9-f14f-4410-910f-64178a71203e,60.51,Unclassified,electromagnetic,https://jackmcguireastro.github.io/ctas.html?event=6745deb9-f14f-4410-910f-64178a71203e#dossier,https://www.wis-tns.org/object/2026zjx,,,,,,,
AT2024kth,SIDEREAL,233.612326859,32.7715600639,2000.0,49546aa8-2dd4-44f2-8ed9-00f00ab75487,55.96,Unclassified,electromagnetic,https://jackmcguireastro.github.io/ctas.html?event=49546aa8-2dd4-44f2-8ed9-00f00ab75487#dossier,https://www.wis-tns.org/object/2024kth,,,,,,,
AT2026wjb,SIDEREAL,214.435559274,12.8547217098,2000.0,13882277-3dc0-4d59-b184-17b8584d05cd,54.37,Unclassified,electromagnetic,https://jackmcguireastro.github.io/ctas.html?event=13882277-3dc0-4d59-b184-17b8584d05cd#dossier,https://www.wis-tns.org/object/2026wjb,,,,,,,
AT2026xtl,SIDEREAL,257.636656144,18.754829075,2000.0,c3253b68-266a-4fae-8e5f-c170b906bcc8,57.08,Unclassified,electromagnetic,https://jackmcguireastro.github.io/ctas.html?event=c3253b68-266a-4fae-8e5f-c170b906bcc8#dossier,https://www.wis-tns.org/object/2026xtl,,,,,,,
AT2026zjt,SIDEREAL,4.868175,-35.07361,2000.0,c2b7a53d-fd84-4817-8e13-f00c9ad16295,82.34,Unclassified,electromagnetic,https://jackmcguireastro.github.io/ctas.html?event=c2b7a53d-fd84-4817-8e13-f00c9ad16295#dossier,https://www.wis-tns.org/object/2026zjt,,,,,,,
AT2026zju,SIDEREAL,357.1080875,-23.16859,2000.0,8780ad17-a543-4cc3-b1cc-bf1df844995b,81.81,Unclassified,electromagnetic,https://jackmcguireastro.github.io/ctas.html?event=8780ad17-a543-4cc3-b1cc-bf1df844995b#dossier,https://www.wis-tns.org/object/2026zju,,,,,,,
AT2026zgw,SIDEREAL,337.5347471,-24.9774855,2000.0,440a0648-0c38-46ad-9472-28e15cc6a041,56.34,Unclassified,electromagnetic,https://jackmcguireastro.github.io/ctas.html?event=440a0648-0c38-46ad-9472-28e15cc6a041#dossier,https://www.wis-tns.org/object/2026zgw,,,,,,,
AT2026zjr,SIDEREAL,300.71353149414,-1.0460463762283,2000.0,e86ed582-a506-4344-a110-a9e4c3583510,77.48,Unclassified,electromagnetic,https://jackmcguireastro.github.io/ctas.html?event=e86ed582-a506-4344-a110-a9e4c3583510#dossier,https://www.wis-tns.org/object/2026zjr,,,,,,,
SN2023aegg,SIDEREAL,327.122620124,-13.4771993207,2000.0,43042029-5790-424a-badd-418e91f11b34,41.01,SN Ia,electromagnetic,https://jackmcguireastro.github.io/ctas.html?event=43042029-5790-424a-badd-418e91f11b34#dossier,https://www.wis-tns.org/object/2023aegg,AT2023aegg,,,,,,
AT2021aidm,SIDEREAL,350.1564981,-18.1370527,2000.0,1c76dfdf-bd62-4ad2-b6e3-0dea468f5268,56.01,Unclassified,electromagnetic,https://jackmcguireastro.github.io/ctas.html?event=1c76dfdf-bd62-4ad2-b6e3-0dea468f5268#dossier,https://www.wis-tns.org/object/2021aidm,,,,,,,
AT2026zjq,SIDEREAL,314.509886154,-33.5593623077,2000.0,477026e0-890b-4b25-90ea-3075514a09f1,58.65,Unclassified,electromagnetic,https://jackmcguireastro.github.io/ctas.html?event=477026e0-890b-4b25-90ea-3075514a09f1#dossier,https://www.wis-tns.org/object/2026zjq,,,,,,,
AT2018mvc,SIDEREAL,287.5237674,-14.0224369,2000.0,3fce768d-0e58-41fb-9de2-570fcadf348c,54.16,Unclassified,electromagnetic,https://jackmcguireastro.github.io/ctas.html?event=3fce768d-0e58-41fb-9de2-570fcadf348c#dossier,https://www.wis-tns.org/object/2018mvc,,,,,,,
AT2026zje,SIDEREAL,23.2440410714,40.5562485714,2000.0,5b6b2581-30d8-42a3-bdef-736e45c49503,58.07,Unclassified,electromagnetic,https://jackmcguireastro.github.io/ctas.html?event=5b6b2581-30d8-42a3-bdef-736e45c49503#dossier,https://www.wis-tns.org/object/2026zje,,,,,,,
AT2026zjf,SIDEREAL,328.675597778,40.4590905556,2000.0,598eb677-c729-486a-aa87-ed3488d46230,58.13,Unclassified,electromagnetic,https://jackmcguireastro.github.io/ctas.html?event=598eb677-c729-486a-aa87-ed3488d46230#dossier,https://www.wis-tns.org/object/2026zjf,,,,,,,
AT2026zjh,SIDEREAL,84.6721033333,-15.3893833333,2000.0,ec1e49eb-920a-4a24-800f-f01982363833,80.58,Unclassified,electromagnetic,https://jackmcguireastro.github.io/ctas.html?event=ec1e49eb-920a-4a24-800f-f01982363833#dossier,https://www.wis-tns.org/object/2026zjh,,,,,,,
AT2026zjj,SIDEREAL,30.25039,40.551848,2000.0,21223ab8-21e1-4434-84d1-ff903713ec84,58.16,Unclassified,electromagnetic,https://jackmcguireastro.github.io/ctas.html?event=21223ab8-21e1-4434-84d1-ff903713ec84#dossier,https://www.wis-tns.org/object/2026zjj,,,,,,,
AT2026zjo,SIDEREAL,297.588718,62.364164,2000.0,7943b6b6-2b79-48a2-b432-259a6e74c51a,79.61,Unclassified,electromagnetic,https://jackmcguireastro.github.io/ctas.html?event=7943b6b6-2b79-48a2-b432-259a6e74c51a#dossier,https://www.wis-tns.org/object/2026zjo,,,,,,,
AT2026zjp,SIDEREAL,295.278132,7.625229,2000.0,cc3081d4-4895-47dd-8a2e-0e0084e1ccac,57.3,Unclassified,electromagnetic,https://jackmcguireastro.github.io/ctas.html?event=cc3081d4-4895-47dd-8a2e-0e0084e1ccac#dossier,https://www.wis-tns.org/object/2026zjp,,,,,,,
AT2026xzx,SIDEREAL,3.5283383,0.8346612,2000.0,3d1cd08f-9b69-4ce1-9c5f-ddb0107e398c,58.05,Unclassified,electromagnetic,https://jackmcguireastro.github.io/ctas.html?event=3d1cd08f-9b69-4ce1-9c5f-ddb0107e398c#dossier,https://www.wis-tns.org/object/2026xzx,ZTF26abmiyyq,,,,,,
AT2025anac,SIDEREAL,356.85598196854,22.88497014683,2000.0,367ff555-c57c-4bf2-b81b-d8eca6943d8a,57.78,Unclassified,electromagnetic,https://jackmcguireastro.github.io/ctas.html?event=367ff555-c57c-4bf2-b81b-d8eca6943d8a#dossier,https://www.wis-tns.org/object/2025anac,,,,,,,
AT2026zix,SIDEREAL,336.4438884,-6.4379609,2000.0,c816583d-2448-42a6-9339-ddb54e93418a,55.53,Unclassified,electromagnetic,https://jackmcguireastro.github.io/ctas.html?event=c816583d-2448-42a6-9339-ddb54e93418a#dossier,https://www.wis-tns.org/object/2026zix,,,,,,,
AT2026ziy,SIDEREAL,344.3120245,-16.7013128,2000.0,5217dac2-80e0-4dbc-b4f1-39428827abe6,56.77,Unclassified,electromagnetic,https://jackmcguireastro.github.io/ctas.html?event=5217dac2-80e0-4dbc-b4f1-39428827abe6#dossier,https://www.wis-tns.org/object/2026ziy,,,,,,,
SN2026wza,SIDEREAL,284.5307311,48.0673003,2000.0,fedc159d-e945-4887-803f-781cd352cefa,47.21,SN Ib,electromagnetic,https://jackmcguireastro.github.io/ctas.html?event=fedc159d-e945-4887-803f-781cd352cefa#dossier,https://www.wis-tns.org/object/2026wza,AT2026wza,,,,,,
AT2026zit,SIDEREAL,331.3634,2.415669,2000.0,38fe7e6c-49da-4338-9112-76f62648fa81,54.67,Unclassified,electromagnetic,https://jackmcguireastro.github.io/ctas.html?event=38fe7e6c-49da-4338-9112-76f62648fa81#dossier,https://www.wis-tns.org/object/2026zit,,,,,,,
SN2026tiz,SIDEREAL,343.988170575,20.3577238274,2000.0,baa78549-5c45-45c5-9c7a-818ae2973c3e,44.0,SN Ia,electromagnetic,https://jackmcguireastro.github.io/ctas.html?event=baa78549-5c45-45c5-9c7a-818ae2973c3e#dossier,https://www.wis-tns.org/object/2026tiz,AT2026tiz,,,,,,
AT2026zir,SIDEREAL,309.716879,-24.319637,2000.0,be9fd157-a2e3-419a-99ad-ee01c125ebc2,81.93,Unclassified,electromagnetic,https://jackmcguireastro.github.io/ctas.html?event=be9fd157-a2e3-419a-99ad-ee01c125ebc2#dossier,https://www.wis-tns.org/object/2026zir,,,,,,,
AT2026zhv,SIDEREAL,32.252,2.887067,2000.0,645fcdce-68f4-4dac-b7b5-dd74f5d10739,52.48,Unclassified,electromagnetic,https://jackmcguireastro.github.io/ctas.html?event=645fcdce-68f4-4dac-b7b5-dd74f5d10739#dossier,https://www.wis-tns.org/object/2026zhv,,,,,,,
AT2026zhw,SIDEREAL,18.546167,4.562525,2000.0,5e76dfa3-820a-4034-8699-1c4f3ad2b6c9,54.2,Unclassified,electromagnetic,https://jackmcguireastro.github.io/ctas.html?event=5e76dfa3-820a-4034-8699-1c4f3ad2b6c9#dossier,https://www.wis-tns.org/object/2026zhw,,,,,,,
AT2026zhx,SIDEREAL,27.911792,4.291469,2000.0,0fc5d83b-e145-4988-adc8-0eac39f33324,51.3,Unclassified,electromagnetic,https://jackmcguireastro.github.io/ctas.html?event=0fc5d83b-e145-4988-adc8-0eac39f33324#dossier,https://www.wis-tns.org/object/2026zhx,,,,,,,
AT2026zhy,SIDEREAL,342.107917,-0.048389,2000.0,83c7be26-a599-4b4f-a3bf-1ae405d7feac,50.9,Unclassified,electromagnetic,https://jackmcguireastro.github.io/ctas.html?event=83c7be26-a599-4b4f-a3bf-1ae405d7feac#dossier,https://www.wis-tns.org/object/2026zhy,,,,,,,
AT2026zhz,SIDEREAL,14.613,3.888225,2000.0,af2e0484-636c-40f1-a47a-1977faf66a5e,52.55,Unclassified,electromagnetic,https://jackmcguireastro.github.io/ctas.html?event=af2e0484-636c-40f1-a47a-1977faf66a5e#dossier,https://www.wis-tns.org/object/2026zhz,,,,,,,
AT2026zia,SIDEREAL,19.738708,5.682772,2000.0,d5dd35ed-2bed-4f88-b6fa-1054730cdd61,51.07,Unclassified,electromagnetic,https://jackmcguireastro.github.io/ctas.html?event=d5dd35ed-2bed-4f88-b6fa-1054730cdd61#dossier,https://www.wis-tns.org/object/2026zia,,,,,,,
AT2026zib,SIDEREAL,28.384458,4.786642,2000.0,f637ca44-1947-4e7e-8732-de24c76a4e75,50.55,Unclassified,electromagnetic,https://jackmcguireastro.github.io/ctas.html?event=f637ca44-1947-4e7e-8732-de24c76a4e75#dossier,https://www.wis-tns.org/object/2026zib,,,,,,,
AT2026zic,SIDEREAL,345.683333,2.149475,2000.0,7ade6258-ff7e-40bb-9968-ccb9e1eb9d19,49.35,Unclassified,electromagnetic,https://jackmcguireastro.github.io/ctas.html?event=7ade6258-ff7e-40bb-9968-ccb9e1eb9d19#dossier,https://www.wis-tns.org/object/2026zic,,,,,,,
AT2026zid,SIDEREAL,348.306458,4.121589,2000.0,0e1f55d3-27fd-4c12-aa5d-1a7dd2352ea7,51.5,Unclassified,electromagnetic,https://jackmcguireastro.github.io/ctas.html?event=0e1f55d3-27fd-4c12-aa5d-1a7dd2352ea7#dossier,https://www.wis-tns.org/object/2026zid,,,,,,,
AT2026zie,SIDEREAL,0.912667,37.656219,2000.0,da6a2a9d-0160-44f8-9162-19cb9b5ccff3,53.5,Unclassified,electromagnetic,https://jackmcguireastro.github.io/ctas.html?event=da6a2a9d-0160-44f8-9162-19cb9b5ccff3#dossier,https://www.wis-tns.org/object/2026zie,,,,,,,
AT2026zif,SIDEREAL,331.128167,13.124858,2000.0,2bf5cc06-ce70-40d8-844e-ba55babd997a,54.58,Unclassified,electromagnetic,https://jackmcguireastro.github.io/ctas.html?event=2bf5cc06-ce70-40d8-844e-ba55babd997a#dossier,https://www.wis-tns.org/object/2026zif,,,,,,,
AT2026zig,SIDEREAL,233.1005,21.265867,2000.0,2ebabd81-ebfa-4df0-a15f-d052b6cb6a31,53.35,Unclassified,electromagnetic,https://jackmcguireastro.github.io/ctas.html?event=2ebabd81-ebfa-4df0-a15f-d052b6cb6a31#dossier,https://www.wis-tns.org/object/2026zig,,,,,,,
AT2026zih,SIDEREAL,230.809792,26.970519,2000.0,b326c4fe-4eda-4d86-9409-6f9ea837f6d0,53.0,Unclassified,electromagnetic,https://jackmcguireastro.github.io/ctas.html?event=b326c4fe-4eda-4d86-9409-6f9ea837f6d0#dossier,https://www.wis-tns.org/object/2026zih,,,,,,,
AT2026zii,SIDEREAL,242.489417,20.021814,2000.0,2154fbd5-3fba-439c-9ae9-a10ddccfed74,52.72,Unclassified,electromagnetic,https://jackmcguireastro.github.io/ctas.html?event=2154fbd5-3fba-439c-9ae9-a10ddccfed74#dossier,https://www.wis-tns.org/object/2026zii,,,,,,,
AT2026zij,SIDEREAL,235.409833,17.908428,2000.0,5a255bc8-6616-492c-af14-ec8c19068e82,52.72,Unclassified,electromagnetic,https://jackmcguireastro.github.io/ctas.html?event=5a255bc8-6616-492c-af14-ec8c19068e82#dossier,https://www.wis-tns.org/object/2026zij,,,,,,,
AT2026zik,SIDEREAL,231.104917,19.514736,2000.0,c602fa3c-11a0-43ce-8f12-7d5e0f30a5bb,53.5,Unclassified,electromagnetic,https://jackmcguireastro.github.io/ctas.html?event=c602fa3c-11a0-43ce-8f12-7d5e0f30a5bb#dossier,https://www.wis-tns.org/object/2026zik,,,,,,,
AT2026zil,SIDEREAL,230.850208,21.443164,2000.0,c285b98f-228c-49e1-aa13-ea0f7ba8cd12,53.07,Unclassified,electromagnetic,https://jackmcguireastro.github.io/ctas.html?event=c285b98f-228c-49e1-aa13-ea0f7ba8cd12#dossier,https://www.wis-tns.org/object/2026zil,,,,,,,
AT2026zim,SIDEREAL,228.304875,28.3191,2000.0,f6a2e497-44ce-457c-b8f3-701c669bae9b,53.0,Unclassified,electromagnetic,https://jackmcguireastro.github.io/ctas.html?event=f6a2e497-44ce-457c-b8f3-701c669bae9b#dossier,https://www.wis-tns.org/object/2026zim,,,,,,,
AT2026zin,SIDEREAL,241.871917,18.091933,2000.0,398cd44c-dc73-4e87-b0e1-a1cafff0ba32,54.08,Unclassified,electromagnetic,https://jackmcguireastro.github.io/ctas.html?event=398cd44c-dc73-4e87-b0e1-a1cafff0ba32#dossier,https://www.wis-tns.org/object/2026zin,,,,,,,
AT2026zio,SIDEREAL,240.740208,26.745983,2000.0,5fc8fc0d-7bea-4820-b46e-9cc9e4f364cb,53.23,Unclassified,electromagnetic,https://jackmcguireastro.github.io/ctas.html?event=5fc8fc0d-7bea-4820-b46e-9cc9e4f364cb#dossier,https://www.wis-tns.org/object/2026zio,,,,,,,
AT2026zip,SIDEREAL,239.705375,18.170306,2000.0,6f6af686-78f2-44fd-b5fb-cbaae1e28330,54.05,Unclassified,electromagnetic,https://jackmcguireastro.github.io/ctas.html?event=6f6af686-78f2-44fd-b5fb-cbaae1e28330#dossier,https://www.wis-tns.org/object/2026zip,,,,,,,
SN2026zao,SIDEREAL,38.6955901,37.5187095,2000.0,cf9f4de8-5210-405f-ac2d-7397db5f8f80,42.43,SN Ia,electromagnetic,https://jackmcguireastro.github.io/ctas.html?event=cf9f4de8-5210-405f-ac2d-7397db5f8f80#dossier,https://www.wis-tns.org/object/2026zao,AT2026zao,,,,,,
SN2026ylk,SIDEREAL,356.116959403,-26.8696441587,2000.0,75210532-50bd-45e2-beb7-cee0a10675bd,43.4,SN Ia,electromagnetic,https://jackmcguireastro.github.io/ctas.html?event=75210532-50bd-45e2-beb7-cee0a10675bd#dossier,https://www.wis-tns.org/object/2026ylk,AT2026ylk,,,,,,
AT2026zga,SIDEREAL,39.0072866667,-2.18257,2000.0,4dcb12b7-830c-4471-89f6-b6344d43f0bf,63.4,Unclassified,electromagnetic,https://jackmcguireastro.github.io/ctas.html?event=4dcb12b7-830c-4471-89f6-b6344d43f0bf#dossier,https://www.wis-tns.org/object/2026zga,,,,,,,
AT2026zhs,SIDEREAL,38.670579,11.483813,2000.0,9dd7c6d9-b9ad-424c-affc-a52c74206104,55.55,Unclassified,electromagnetic,https://jackmcguireastro.github.io/ctas.html?event=9dd7c6d9-b9ad-424c-affc-a52c74206104#dossier,https://www.wis-tns.org/object/2026zhs,,,,,,,
AT2026zbb,SIDEREAL,355.16377,14.151312,2000.0,14ab6921-b6c4-4eb7-a85c-1385c5534af8,56.6,Unclassified,electromagnetic,https://jackmcguireastro.github.io/ctas.html?event=14ab6921-b6c4-4eb7-a85c-1385c5534af8#dossier,https://www.wis-tns.org/object/2026zbb,,,,,,,
AT2026zho,SIDEREAL,25.8556885,-80.39847,2000.0,ada57155-02de-4a74-bf02-803ee1cf54e2,60.11,Unclassified,electromagnetic,https://jackmcguireastro.github.io/ctas.html?event=ada57155-02de-4a74-bf02-803ee1cf54e2#dossier,https://www.wis-tns.org/object/2026zho,,,,,,,
AT2026zhp,SIDEREAL,269.593434,-86.932282,2000.0,a22ec7ae-93f3-4b45-9815-e65b354383ac,58.55,Unclassified,electromagnetic,https://jackmcguireastro.github.io/ctas.html?event=a22ec7ae-93f3-4b45-9815-e65b354383ac#dossier,https://www.wis-tns.org/object/2026zhp,,,,,,,
AT2026zhr,SIDEREAL,1.61546,-42.9998628571,2000.0,fb11f2a7-3003-41df-8696-e8c3a387626b,61.55,Unclassified,electromagnetic,https://jackmcguireastro.github.io/ctas.html?event=fb11f2a7-3003-41df-8696-e8c3a387626b#dossier,https://www.wis-tns.org/object/2026zhr,,,,,,,
AT2026zey,SIDEREAL,296.050708,21.331197,2000.0,2992ede3-6792-4ec2-8dd1-a4c0b52b5fa7,60.43,Unclassified,electromagnetic,https://jackmcguireastro.github.io/ctas.html?event=2992ede3-6792-4ec2-8dd1-a4c0b52b5fa7#dossier,https://www.wis-tns.org/object/2026zey,,,,,,,
AT2026zez,SIDEREAL,314.224292,17.878133,2000.0,54338d36-8cbe-46ad-a405-a05819f65d47,59.38,Unclassified,electromagnetic,https://jackmcguireastro.github.io/ctas.html?event=54338d36-8cbe-46ad-a405-a05819f65d47#dossier,https://www.wis-tns.org/object/2026zez,,,,,,,
AT2026zfa,SIDEREAL,295.622917,-23.859647,2000.0,20a19880-baa2-44ef-a551-935a1144bcfd,57.9,Unclassified,electromagnetic,https://jackmcguireastro.github.io/ctas.html?event=20a19880-baa2-44ef-a551-935a1144bcfd#dossier,https://www.wis-tns.org/object/2026zfa,,,,,,,
AT2026zfb,SIDEREAL,255.898875,-21.730406,2000.0,c280c314-ff38-4506-a5a4-6f3c977ae890,59.15,Unclassified,electromagnetic,https://jackmcguireastro.github.io/ctas.html?event=c280c314-ff38-4506-a5a4-6f3c977ae890#dossier,https://www.wis-tns.org/object/2026zfb,,,,,,,
AT2026zfc,SIDEREAL,286.569083,-19.7923,2000.0,66d5f2eb-fb17-46d0-a35c-e68314c239b9,59.75,Unclassified,electromagnetic,https://jackmcguireastro.github.io/ctas.html?event=66d5f2eb-fb17-46d0-a35c-e68314c239b9#dossier,https://www.wis-tns.org/object/2026zfc,,,,,,,
AT2026zfi,SIDEREAL,258.727917,-21.302478,2000.0,5d8776fe-26d4-4d58-9f8d-e6ca8f1bd1a0,62.3,Unclassified,electromagnetic,https://jackmcguireastro.github.io/ctas.html?event=5d8776fe-26d4-4d58-9f8d-e6ca8f1bd1a0#dossier,https://www.wis-tns.org/object/2026zfi,,,,,,,
AT2026zfj,SIDEREAL,281.129958,-20.195069,2000.0,499ef9a3-b0e1-4091-b8f3-8fc5e7065d6a,61.98,Unclassified,electromagnetic,https://jackmcguireastro.github.io/ctas.html?event=499ef9a3-b0e1-4091-b8f3-8fc5e7065d6a#dossier,https://www.wis-tns.org/object/2026zfj,,,,,,,
AT2026zfk,SIDEREAL,262.240708,-14.817686,2000.0,0bd82e76-f30f-47f8-b9c5-bca9c127acf1,58.53,Unclassified,electromagnetic,https://jackmcguireastro.github.io/ctas.html?event=0bd82e76-f30f-47f8-b9c5-bca9c127acf1#dossier,https://www.wis-tns.org/object/2026zfk,,,,,,,
AT2026zgs,SIDEREAL,345.478333,10.237219,2000.0,9355cfde-6623-49d5-a6d9-43685495ac8f,60.48,Unclassified,electromagnetic,https://jackmcguireastro.github.io/ctas.html?event=9355cfde-6623-49d5-a6d9-43685495ac8f#dossier,https://www.wis-tns.org/object/2026zgs,,,,,,,
AT2026zgu,SIDEREAL,343.53,-16.7,2000.0,385d9506-77ea-4939-bd73-35ef09dfac92,58.8,Unclassified,electromagnetic,https://jackmcguireastro.github.io/ctas.html?event=385d9506-77ea-4939-bd73-35ef09dfac92#dossier,https://www.wis-tns.org/object/2026zgu,,,,,,,
AT2026zgv,SIDEREAL,308.37,15.03,2000.0,a0d790a9-22e9-41a2-bb21-40287a40cf78,56.7,Unclassified,electromagnetic,https://jackmcguireastro.github.io/ctas.html?event=a0d790a9-22e9-41a2-bb21-40287a40cf78#dossier,https://www.wis-tns.org/object/2026zgv,,,,,,,
AT2023aegm,SIDEREAL,53.10838,-27.881138,2000.0,66bea00d-05d0-4ab3-8b7d-80688b210c97,74.0,Unclassified,electromagnetic,https://jackmcguireastro.github.io/ctas.html?event=66bea00d-05d0-4ab3-8b7d-80688b210c97#dossier,https://www.wis-tns.org/object/2023aegm,,,,,,,
AT2026zhj,SIDEREAL,357.0263136,8.8068565,2000.0,6a37f9df-04da-4f64-ad35-e8df612e4772,54.51,Unclassified,electromagnetic,https://jackmcguireastro.github.io/ctas.html?event=6a37f9df-04da-4f64-ad35-e8df612e4772#dossier,https://www.wis-tns.org/object/2026zhj,,,,,,,
AT2025anab,SIDEREAL,189.20886,62.17324,2000.0,927bad67-7ef1-4266-8b96-469cf6dc6c69,74.0,Unclassified,electromagnetic,https://jackmcguireastro.github.io/ctas.html?event=927bad67-7ef1-4266-8b96-469cf6dc6c69#dossier,https://www.wis-tns.org/object/2025anab,,,,,,,
AT2026zhk,SIDEREAL,9.9681446,3.9320037,2000.0,b1afcb98-9566-47f2-9b73-ae22f509062f,61.8,Unclassified,electromagnetic,https://jackmcguireastro.github.io/ctas.html?event=b1afcb98-9566-47f2-9b73-ae22f509062f#dossier,https://www.wis-tns.org/object/2026zhk,,,,,,,
AT2026zhi,SIDEREAL,47.883689,-7.22822,2000.0,6c246e20-fc7d-4fb2-aaa3-af65f4087a9e,57.17,Unclassified,electromagnetic,https://jackmcguireastro.github.io/ctas.html?event=6c246e20-fc7d-4fb2-aaa3-af65f4087a9e#dossier,https://www.wis-tns.org/object/2026zhi,,,,,,,
AT2025anaa,SIDEREAL,189.26328,62.196575,2000.0,b2e1709d-59fd-4934-bfc9-6bb5f1a8dd74,54.0,Unclassified,electromagnetic,https://jackmcguireastro.github.io/ctas.html?event=b2e1709d-59fd-4934-bfc9-6bb5f1a8dd74#dossier,https://www.wis-tns.org/object/2025anaa,,,,,,,
AT2026zhc,SIDEREAL,34.046341,-35.361413,2000.0,9a4ded5e-26f2-4260-ad9e-c8cb6a49df92,80.17,Unclassified,electromagnetic,https://jackmcguireastro.github.io/ctas.html?event=9a4ded5e-26f2-4260-ad9e-c8cb6a49df92#dossier,https://www.wis-tns.org/object/2026zhc,,,,,,,
AT2026zhf,SIDEREAL,34.809721,-35.959612,2000.0,9dad652a-1e12-4d77-9392-255a8f5e36bf,56.77,Unclassified,electromagnetic,https://jackmcguireastro.github.io/ctas.html?event=9dad652a-1e12-4d77-9392-255a8f5e36bf#dossier,https://www.wis-tns.org/object/2026zhf,,,,,,,
AT2026zhg,SIDEREAL,53.559991,-29.679958,2000.0,bb990469-6fc8-403e-9a80-03fbc9c7f361,79.52,Unclassified,electromagnetic,https://jackmcguireastro.github.io/ctas.html?event=bb990469-6fc8-403e-9a80-03fbc9c7f361#dossier,https://www.wis-tns.org/object/2026zhg,,,,,,,
AT2026zhh,SIDEREAL,56.961317,-13.394034,2000.0,f0d7eddd-d51b-42ef-b3c6-8d7a0d5a4e87,55.9,Unclassified,electromagnetic,https://jackmcguireastro.github.io/ctas.html?event=f0d7eddd-d51b-42ef-b3c6-8d7a0d5a4e87#dossier,https://www.wis-tns.org/object/2026zhh,,,,,,,
AT2026zgz,SIDEREAL,56.013878,-29.822608,2000.0,17f119e7-c9fe-4f5a-b0d4-02cf004c0187,71.89,Unclassified,electromagnetic,https://jackmcguireastro.github.io/ctas.html?event=17f119e7-c9fe-4f5a-b0d4-02cf004c0187#dossier,https://www.wis-tns.org/object/2026zgz,,,,,,,
AT2025amzy,SIDEREAL,11.880913,-25.283333,2000.0,f06f6246-2e56-4e78-8947-ec38e7f9089b,56.77,Unclassified,electromagnetic,https://jackmcguireastro.github.io/ctas.html?event=f06f6246-2e56-4e78-8947-ec38e7f9089b#dossier,https://www.wis-tns.org/object/2025amzy,,,,,,,
AT2025amzz,SIDEREAL,3.561392,-46.95095,2000.0,08d993f3-60ac-40c0-b375-3cf2bd2959f5,57.58,Unclassified,electromagnetic,https://jackmcguireastro.github.io/ctas.html?event=08d993f3-60ac-40c0-b375-3cf2bd2959f5#dossier,https://www.wis-tns.org/object/2025amzz,,,,,,,
AT2026zgq,SIDEREAL,316.442606,14.28457,2000.0,70e180d9-7bcb-40b1-a296-f1a28f1347ff,81.13,Unclassified,electromagnetic,https://jackmcguireastro.github.io/ctas.html?event=70e180d9-7bcb-40b1-a296-f1a28f1347ff#dossier,https://www.wis-tns.org/object/2026zgq,,,,,,,
AT2026zgd,SIDEREAL,66.3712696,70.3892365,2000.0,889d6238-bca0-43a6-a989-b5298c8156e3,56.21,Unclassified,electromagnetic,https://jackmcguireastro.github.io/ctas.html?event=889d6238-bca0-43a6-a989-b5298c8156e3#dossier,https://www.wis-tns.org/object/2026zgd,,,,,,,
AT2026zge,SIDEREAL,14.811417,4.617086,2000.0,e7fa60ad-434f-4b33-905a-087820277cf5,51.9,Unclassified,electromagnetic,https://jackmcguireastro.github.io/ctas.html?event=e7fa60ad-434f-4b33-905a-087820277cf5#dossier,https://www.wis-tns.org/object/2026zge,,,,,,,
AT2026zgf,SIDEREAL,15.452875,-0.830697,2000.0,94535669-ade1-48bb-93c8-ff9929550a8d,49.62,Unclassified,electromagnetic,https://jackmcguireastro.github.io/ctas.html?event=94535669-ade1-48bb-93c8-ff9929550a8d#dossier,https://www.wis-tns.org/object/2026zgf,,,,,,,
AT2026zgg,SIDEREAL,19.073667,-0.500942,2000.0,ae65b405-73e3-43ea-a21e-45d9292003a8,49.88,Unclassified,electromagnetic,https://jackmcguireastro.github.io/ctas.html?event=ae65b405-73e3-43ea-a21e-45d9292003a8#dossier,https://www.wis-tns.org/object/2026zgg,,,,,,,
AT2026zgh,SIDEREAL,350.835875,3.714361,2000.0,e4a4cd43-690a-4097-b64d-45c9c635108a,61.95,Unclassified,electromagnetic,https://jackmcguireastro.github.io/ctas.html?event=e4a4cd43-690a-4097-b64d-45c9c635108a#dossier,https://www.wis-tns.org/object/2026zgh,,,,,,,
AT2026zgi,SIDEREAL,31.302167,5.256442,2000.0,42559b96-a681-4c58-af9b-49241d92f05a,62.35,Unclassified,electromagnetic,https://jackmcguireastro.github.io/ctas.html?event=42559b96-a681-4c58-af9b-49241d92f05a#dossier,https://www.wis-tns.org/object/2026zgi,,,,,,,
AT2026zgj,SIDEREAL,18.996375,0.036694,2000.0,c0d64bfb-285a-49f4-9696-fdd1323e4bed,62.22,Unclassified,electromagnetic,https://jackmcguireastro.github.io/ctas.html?event=c0d64bfb-285a-49f4-9696-fdd1323e4bed#dossier,https://www.wis-tns.org/object/2026zgj,,,,,,,
AT2026zgk,SIDEREAL,221.381,23.352639,2000.0,f902e413-3ba8-4990-aa81-809c500316b8,53.62,Unclassified,electromagnetic,https://jackmcguireastro.github.io/ctas.html?event=f902e413-3ba8-4990-aa81-809c500316b8#dossier,https://www.wis-tns.org/object/2026zgk,,,,,,,
AT2026zgl,SIDEREAL,235.971375,24.765461,2000.0,e4397dbe-7a56-4190-b4e3-8779057b0586,53.47,Unclassified,electromagnetic,https://jackmcguireastro.github.io/ctas.html?event=e4397dbe-7a56-4190-b4e3-8779057b0586#dossier,https://www.wis-tns.org/object/2026zgl,,,,,,,
AT2026zgm,SIDEREAL,243.250375,16.91745,2000.0,65dbfb7e-09a0-479c-8f4c-25d1883adbc4,55.15,Unclassified,electromagnetic,https://jackmcguireastro.github.io/ctas.html?event=65dbfb7e-09a0-479c-8f4c-25d1883adbc4#dossier,https://www.wis-tns.org/object/2026zgm,,,,,,,
AT2026zgn,SIDEREAL,224.677708,19.211936,2000.0,fa7369a0-09f9-4970-99e7-908dee86ac29,53.38,Unclassified,electromagnetic,https://jackmcguireastro.github.io/ctas.html?event=fa7369a0-09f9-4970-99e7-908dee86ac29#dossier,https://www.wis-tns.org/object/2026zgn,,,,,,,
AT2026zgo,SIDEREAL,239.357792,16.057853,2000.0,44a46913-d772-4e2b-886e-eeb603925dbe,52.85,Unclassified,electromagnetic,https://jackmcguireastro.github.io/ctas.html?event=44a46913-d772-4e2b-886e-eeb603925dbe#dossier,https://www.wis-tns.org/object/2026zgo,,,,,,,
AT2026zgp,SIDEREAL,249.743042,26.013592,2000.0,3d45d579-a183-44d1-b5fa-13322a856b4b,51.47,Unclassified,electromagnetic,https://jackmcguireastro.github.io/ctas.html?event=3d45d579-a183-44d1-b5fa-13322a856b4b#dossier,https://www.wis-tns.org/object/2026zgp,,,,,,,
AT2026yjy,SIDEREAL,2.4343872,18.1999596,2000.0,79af11c6-535e-4616-8cbf-5a40557b3588,57.98,Unclassified,electromagnetic,https://jackmcguireastro.github.io/ctas.html?event=79af11c6-535e-4616-8cbf-5a40557b3588#dossier,https://www.wis-tns.org/object/2026yjy,,,,,,,
AT2026zbh,SIDEREAL,5.8659475,32.107158,2000.0,3d24825f-e3cc-423a-abf3-56df3dafe710,56.66,Unclassified,electromagnetic,https://jackmcguireastro.github.io/ctas.html?event=3d24825f-e3cc-423a-abf3-56df3dafe710#dossier,https://www.wis-tns.org/object/2026zbh,,,,,,,
Chime-1174123629,SIDEREAL,194.8216616,24.2356689,2000.0,2708da15-e83c-4c62-86a6-a6420432cb52,0.0,high-importance,radio,https://jackmcguireastro.github.io/ctas.html?event=2708da15-e83c-4c62-86a6-a6420432cb52#dossier,,1174123629,,,,,,
SN2026xst,SIDEREAL,4.4178382,-15.1388194,2000.0,2b03b621-805a-4e00-9b13-2b8f45c28491,46.02,SN Ia,electromagnetic,https://jackmcguireastro.github.io/ctas.html?event=2b03b621-805a-4e00-9b13-2b8f45c28491#dossier,https://www.wis-tns.org/object/2026xst,AT2026xst,,,,,,
AT2026zgc,SIDEREAL,20.73503112793,19.096090316772,2000.0,e7a170dd-9bcf-43f0-9ae6-06a1b0491197,76.53,Unclassified,electromagnetic,https://jackmcguireastro.github.io/ctas.html?event=e7a170dd-9bcf-43f0-9ae6-06a1b0491197#dossier,https://www.wis-tns.org/object/2026zgc,,,,,,,
AT2026zfz,SIDEREAL,48.424454,-30.609094,2000.0,af2e5956-ab60-4526-86f9-67b7660b9506,79.95,Unclassified,electromagnetic,https://jackmcguireastro.github.io/ctas.html?event=af2e5956-ab60-4526-86f9-67b7660b9506#dossier,https://www.wis-tns.org/object/2026zfz,,,,,,,
AT2026vmb,SIDEREAL,18.55339,-28.33122,2000.0,b346b9e1-3570-4465-9dfc-711d5ec70257,58.05,Unclassified,electromagnetic,https://jackmcguireastro.github.io/ctas.html?event=b346b9e1-3570-4465-9dfc-711d5ec70257#dossier,https://www.wis-tns.org/object/2026vmb,,,,,,,
AT2026zfv,SIDEREAL,0.187006666667,-21.63875,2000.0,0e0f749d-728e-4d3a-9acc-670729fd5ad6,78.63,Unclassified,electromagnetic,https://jackmcguireastro.github.io/ctas.html?event=0e0f749d-728e-4d3a-9acc-670729fd5ad6#dossier,https://www.wis-tns.org/object/2026zfv,,,,,,,
AT2026zfy,SIDEREAL,37.381555,-29.5069725,2000.0,372d54f1-7eda-4832-a929-d803c49237e7,79.3,Unclassified,electromagnetic,https://jackmcguireastro.github.io/ctas.html?event=372d54f1-7eda-4832-a929-d803c49237e7#dossier,https://www.wis-tns.org/object/2026zfy,,,,,,,
SN2026zaa,SIDEREAL,13.5994314,35.5594981,2000.0,98da98b0-5312-4d43-bb64-50a0e3ce98df,43.8,SN Ia,electromagnetic,https://jackmcguireastro.github.io/ctas.html?event=98da98b0-5312-4d43-bb64-50a0e3ce98df#dossier,https://www.wis-tns.org/object/2026zaa,AT2026zaa,,,,,,
SN2026wdy,SIDEREAL,14.2267600025,-35.9250073841,2000.0,6df213b5-f367-4786-ab68-f56acd2a7cc0,48.88,SN Ia-91T-like,electromagnetic,https://jackmcguireastro.github.io/ctas.html?event=6df213b5-f367-4786-ab68-f56acd2a7cc0#dossier,https://www.wis-tns.org/object/2026wdy,AT2026wdy,,,,,,
AT2026zfd,SIDEREAL,46.1626257143,-37.80052,2000.0,44830245-f446-454c-8e1a-0623c6b5af32,78.12,Unclassified,electromagnetic,https://jackmcguireastro.github.io/ctas.html?event=44830245-f446-454c-8e1a-0623c6b5af32#dossier,https://www.wis-tns.org/object/2026zfd,,,,,,,
AT2026veu,SIDEREAL,21.0344085714,-25.6706485714,2000.0,bdc454c5-7ebd-401c-9465-1e8b525e7354,55.85,Unclassified,electromagnetic,https://jackmcguireastro.github.io/ctas.html?event=bdc454c5-7ebd-401c-9465-1e8b525e7354#dossier,https://www.wis-tns.org/object/2026veu,,,,,,,
AT2026yws,SIDEREAL,210.9081542,73.3996232,2000.0,c89cdf20-866d-436c-9399-314bd388d6b8,59.16,Unclassified,electromagnetic,https://jackmcguireastro.github.io/ctas.html?event=c89cdf20-866d-436c-9399-314bd388d6b8#dossier,https://www.wis-tns.org/object/2026yws,,,,,,,
SN2026xaq,SIDEREAL,305.913531,11.7109544,2000.0,7a3dd5e8-9e3c-4a32-9163-b2a80b3f35b2,45.83,SN Ia,electromagnetic,https://jackmcguireastro.github.io/ctas.html?event=7a3dd5e8-9e3c-4a32-9163-b2a80b3f35b2#dossier,https://www.wis-tns.org/object/2026xaq,,,,,,,
SN2026xzo,SIDEREAL,230.781503,26.9180551,2000.0,91bf52da-dbc9-4502-97bc-de63e848a250,46.43,SN Ia,electromagnetic,https://jackmcguireastro.github.io/ctas.html?event=91bf52da-dbc9-4502-97bc-de63e848a250#dossier,https://www.wis-tns.org/object/2026xzo,AT2026xzo,,,,,,
AT2026zfp,SIDEREAL,21.193195343018,39.515537261963,2000.0,eb882420-5520-4395-8402-79a8dcfb83ad,72.47,Unclassified,electromagnetic,https://jackmcguireastro.github.io/ctas.html?event=eb882420-5520-4395-8402-79a8dcfb83ad#dossier,https://www.wis-tns.org/object/2026zfp,,,,,,,
AT2026xqe,SIDEREAL,1.28300534963,10.584547325,2000.0,53856fde-3b98-45e3-98b6-51e2161cfa5f,57.62,Unclassified,electromagnetic,https://jackmcguireastro.github.io/ctas.html?event=53856fde-3b98-45e3-98b6-51e2161cfa5f#dossier,https://www.wis-tns.org/object/2026xqe,,,,,,,
AT2026zfo,SIDEREAL,255.003792,-23.910256,2000.0,4a54cd72-2385-44f4-b490-7b66ee4d56e1,67.5,Unclassified,electromagnetic,https://jackmcguireastro.github.io/ctas.html?event=4a54cd72-2385-44f4-b490-7b66ee4d56e1#dossier,https://www.wis-tns.org/object/2026zfo,,,,,,,
AT2020afjz,SIDEREAL,65.434625,-38.552406,2000.0,3f98dec2-d9e7-4184-90e6-0ffaf8a95dcf,58.47,Unclassified,electromagnetic,https://jackmcguireastro.github.io/ctas.html?event=3f98dec2-d9e7-4184-90e6-0ffaf8a95dcf#dossier,https://www.wis-tns.org/object/2020afjz,,,,,,,
AT2026zep,SIDEREAL,350.93,-16.19,2000.0,c0e77496-2271-43e5-99ed-a803cb889689,66.71,Unclassified,electromagnetic,https://jackmcguireastro.github.io/ctas.html?event=c0e77496-2271-43e5-99ed-a803cb889689#dossier,https://www.wis-tns.org/object/2026zep,,,,,,,
AT2026zev,SIDEREAL,350.69,-14.6,2000.0,f845bcec-2b9f-4dd1-bb23-68f629c7aa19,65.61,Unclassified,electromagnetic,https://jackmcguireastro.github.io/ctas.html?event=f845bcec-2b9f-4dd1-bb23-68f629c7aa19#dossier,https://www.wis-tns.org/object/2026zev,,,,,,,
AT2026zex,SIDEREAL,63.958458,-49.028222,2000.0,5b6fbb3f-ea66-445e-b324-18b939b6af66,70.45,Unclassified,electromagnetic,https://jackmcguireastro.github.io/ctas.html?event=5b6fbb3f-ea66-445e-b324-18b939b6af66#dossier,https://www.wis-tns.org/object/2026zex,,,,,,,
AT2023aegl,SIDEREAL,53.037117,-27.884743,2000.0,2748f144-5551-4b6e-a286-61afe9d255da,74.0,Unclassified,electromagnetic,https://jackmcguireastro.github.io/ctas.html?event=2748f144-5551-4b6e-a286-61afe9d255da#dossier,https://www.wis-tns.org/object/2023aegl,,,,,,,
AT2026zff,SIDEREAL,18.087943,-28.284887,2000.0,d271a837-806f-4f7d-9a6f-39e219e1fbc9,55.75,Unclassified,electromagnetic,https://jackmcguireastro.github.io/ctas.html?event=d271a837-806f-4f7d-9a6f-39e219e1fbc9#dossier,https://www.wis-tns.org/object/2026zff,,,,,,,
AT2026zfg,SIDEREAL,49.016626,-21.801677,2000.0,5346aec7-cce5-4b60-b06c-bd70701e25a2,56.33,Unclassified,electromagnetic,https://jackmcguireastro.github.io/ctas.html?event=5346aec7-cce5-4b60-b06c-bd70701e25a2#dossier,https://www.wis-tns.org/object/2026zfg,,,,,,,
AT2026zfh,SIDEREAL,57.186998,-21.434911,2000.0,16af66ff-d0d0-44a3-b6fd-5b0d216ddfb8,79.53,Unclassified,electromagnetic,https://jackmcguireastro.github.io/ctas.html?event=16af66ff-d0d0-44a3-b6fd-5b0d216ddfb8#dossier,https://www.wis-tns.org/object/2026zfh,,,,,,,
AT2026xzy,SIDEREAL,286.85159,-13.726496,2000.0,7ec64af8-9ecf-44f0-91f7-39b5c736cf90,55.75,Unclassified,electromagnetic,https://jackmcguireastro.github.io/ctas.html?event=7ec64af8-9ecf-44f0-91f7-39b5c736cf90#dossier,https://www.wis-tns.org/object/2026xzy,,,,,,,
AT2026zfm,SIDEREAL,306.162974387,-32.3537059704,2000.0,fd32c781-3c24-4982-b520-b13fcbb8575d,58.07,Unclassified,electromagnetic,https://jackmcguireastro.github.io/ctas.html?event=fd32c781-3c24-4982-b520-b13fcbb8575d#dossier,https://www.wis-tns.org/object/2026zfm,,,,,,,
AT2025mbt,SIDEREAL,289.8215833333333,46.222908333333336,2000.0,7b2f2f9c-ce3b-49fa-a275-cd7180a1e7bc,54.0,Unclassified,electromagnetic,https://jackmcguireastro.github.io/ctas.html?event=7b2f2f9c-ce3b-49fa-a275-cd7180a1e7bc#dossier,,2025mbt,SN2025mbt,,,,,
AT2025mbe,SIDEREAL,221.55430416666664,41.72199722222222,2000.0,b9e0095c-78a3-47a5-89c2-2732572924f3,54.0,Unclassified,electromagnetic,https://jackmcguireastro.github.io/ctas.html?event=b9e0095c-78a3-47a5-89c2-2732572924f3#dossier,,2025mbe,SN2025mbe,,,,,
AT2025mbd,SIDEREAL,256.8672041666666,34.567511111111116,2000.0,f2a93888-5b55-4d21-82f7-a8c20adde338,54.0,Unclassified,electromagnetic,https://jackmcguireastro.github.io/ctas.html?event=f2a93888-5b55-4d21-82f7-a8c20adde338#dossier,,2025mbd,SN2025mbd,,,,,
AT2025lz,SIDEREAL,90.33779166666666,45.547174999999996,2000.0,bdb54708-4c5c-40ee-8907-1995767fc8f7,54.0,Unclassified,electromagnetic,https://jackmcguireastro.github.io/ctas.html?event=bdb54708-4c5c-40ee-8907-1995767fc8f7#dossier,,2025lz,SN2025lz,,,,,
AT2025lsq,SIDEREAL,326.18957916666665,23.85461666666667,2000.0,5578beb0-635d-4dc8-a421-7947a66c6ae5,54.0,Unclassified,electromagnetic,https://jackmcguireastro.github.io/ctas.html?event=5578beb0-635d-4dc8-a421-7947a66c6ae5#dossier,,2025lsq,SN2025lsq,,,,,
AT2025lsl,SIDEREAL,247.35555,37.834183333333335,2000.0,11fd733b-f4ad-43ce-842b-e6913c1bb67c,54.0,Unclassified,electromagnetic,https://jackmcguireastro.github.io/ctas.html?event=11fd733b-f4ad-43ce-842b-e6913c1bb67c#dossier,,2025lsl,SN2025lsl,,,,,
AT2025llf,SIDEREAL,282.6143166666666,38.138725,2000.0,fef51a99-4d03-4247-a279-db1543f7c9ba,54.0,Unclassified,electromagnetic,https://jackmcguireastro.github.io/ctas.html?event=fef51a99-4d03-4247-a279-db1543f7c9ba#dossier,,2025llf,SN2025llf,,,,,
AT2025lkf,SIDEREAL,224.50622916666666,39.668252777777774,2000.0,58a06abe-db51-4c9e-9ace-420213be1426,54.0,Unclassified,electromagnetic,https://jackmcguireastro.github.io/ctas.html?event=58a06abe-db51-4c9e-9ace-420213be1426#dossier,,2025lkf,SN2025lkf,,,,,
AT2025lig,SIDEREAL,234.32191666666665,41.74803611111111,2000.0,e7306869-0a04-4f9b-baf2-9a7cd3b85bf6,54.0,Unclassified,electromagnetic,https://jackmcguireastro.github.io/ctas.html?event=e7306869-0a04-4f9b-baf2-9a7cd3b85bf6#dossier,,2025lig,SN2025lig,,,,,
AT2025lhz,SIDEREAL,266.64225416666665,39.097950000000004,2000.0,c92028e3-d0f8-4f0f-8bce-6d235c4ee11d,54.0,Unclassified,electromagnetic,https://jackmcguireastro.github.io/ctas.html?event=c92028e3-d0f8-4f0f-8bce-6d235c4ee11d#dossier,,2025lhz,SN2025lhz,,,,,
AT2025lgt,SIDEREAL,253.39500833333332,44.49116111111111,2000.0,5078caec-3a09-4fbf-910e-441117915c50,54.0,Unclassified,electromagnetic,https://jackmcguireastro.github.io/ctas.html?event=5078caec-3a09-4fbf-910e-441117915c50#dossier,,2025lgt,SN2025lgt,,,,,
AT2025lgo,SIDEREAL,292.362375,39.346355555555554,2000.0,185eeaf9-e549-4174-9448-f280d792ee51,54.0,Unclassified,electromagnetic,https://jackmcguireastro.github.io/ctas.html?event=185eeaf9-e549-4174-9448-f280d792ee51#dossier,,2025lgo,SN2025lgo,,,,,
AT2025ktt,SIDEREAL,272.19492083333324,23.170608333333334,2000.0,416b9964-18da-4fda-950e-bb5b798fd69e,54.0,Unclassified,electromagnetic,https://jackmcguireastro.github.io/ctas.html?event=416b9964-18da-4fda-950e-bb5b798fd69e#dossier,,2025ktt,SN2025ktt,,,,,
AT2025iqv,SIDEREAL,221.5713958333333,43.164008333333335,2000.0,2f4ad6c7-1e6a-4a60-873a-1f765daffb80,54.0,Unclassified,electromagnetic,https://jackmcguireastro.github.io/ctas.html?event=2f4ad6c7-1e6a-4a60-873a-1f765daffb80#dossier,,2025iqv,SN2025iqv,,,,,
AT2025iqo,SIDEREAL,207.88829999999996,48.46050833333334,2000.0,fafd3add-18e2-4973-a6ad-d7e145dabdf8,54.0,Unclassified,electromagnetic,https://jackmcguireastro.github.io/ctas.html?event=fafd3add-18e2-4973-a6ad-d7e145dabdf8#dossier,,2025iqo,SN2025iqo,,,,,
AT2025imn,SIDEREAL,182.84337916666667,34.449152777777776,2000.0,fd8017a1-2019-436f-95f0-711d0075ebd2,54.0,Unclassified,electromagnetic,https://jackmcguireastro.github.io/ctas.html?event=fd8017a1-2019-436f-95f0-711d0075ebd2#dossier,,2025imn,SN2025imn,,,,,
AT2025imm,SIDEREAL,166.603875,45.51257777777778,2000.0,2dd2e32f-5b7c-4a8c-8b48-d549ea299645,54.0,Unclassified,electromagnetic,https://jackmcguireastro.github.io/ctas.html?event=2dd2e32f-5b7c-4a8c-8b48-d549ea299645#dossier,,2025imm,SN2025imm,,,,,
AT2026zew,SIDEREAL,0.312833,-35.758806,2000.0,b2a2f292-e7ab-4c37-9e26-92df9860b03b,67.67,Unclassified,electromagnetic,https://jackmcguireastro.github.io/ctas.html?event=b2a2f292-e7ab-4c37-9e26-92df9860b03b#dossier,https://www.wis-tns.org/object/2026zew,,,,,,,
AT2025amzx,SIDEREAL,189.02373,62.276295,2000.0,23c1c574-142a-4e39-92fd-1bc801e0fac1,54.0,Unclassified,electromagnetic,https://jackmcguireastro.github.io/ctas.html?event=23c1c574-142a-4e39-92fd-1bc801e0fac1#dossier,https://www.wis-tns.org/object/2025amzx,,,,,,,
AT2026zet,SIDEREAL,330.32541625,-44.5579325,2000.0,eaf48d1a-b257-4b5e-9a15-db7fdb61b64c,67.57,Unclassified,electromagnetic,https://jackmcguireastro.github.io/ctas.html?event=eaf48d1a-b257-4b5e-9a15-db7fdb61b64c#dossier,https://www.wis-tns.org/object/2026zet,,,,,,,
AT2026zeq,SIDEREAL,308.70361328125,7.2859334945679,2000.0,2e1834f8-a713-465f-9ade-653edc55a431,73.56,Unclassified,electromagnetic,https://jackmcguireastro.github.io/ctas.html?event=2e1834f8-a713-465f-9ade-653edc55a431#dossier,https://www.wis-tns.org/object/2026zeq,,,,,,,
SN2026uwz,SIDEREAL,329.043403847,-1.77166348277,2000.0,6950338e-ce41-4cf1-b4c1-0a0180bf16df,42.16,SN Ia,electromagnetic,https://jackmcguireastro.github.io/ctas.html?event=6950338e-ce41-4cf1-b4c1-0a0180bf16df#dossier,https://www.wis-tns.org/object/2026uwz,,,,,,,
SN2026sts,SIDEREAL,346.255675008,22.7013117618,2000.0,2deaa732-dd5b-4a88-8722-ce408a5ea3dd,45.08,SN Ia,electromagnetic,https://jackmcguireastro.github.io/ctas.html?event=2deaa732-dd5b-4a88-8722-ce408a5ea3dd#dossier,https://www.wis-tns.org/object/2026sts,AT2026sts,,,,,,
SN2026wjm,SIDEREAL,0.591832114728,27.2079224308,2000.0,df2cb7dd-0a90-4bf8-80c4-38b3fce1d2ea,47.52,SN II,electromagnetic,https://jackmcguireastro.github.io/ctas.html?event=df2cb7dd-0a90-4bf8-80c4-38b3fce1d2ea#dossier,https://www.wis-tns.org/object/2026wjm,,,,,,,
AT2026zeh,SIDEREAL,40.7126311,-2.1138004,2000.0,edadf4ff-34a8-4be0-955f-452eb6af8e72,57.86,Unclassified,electromagnetic,https://jackmcguireastro.github.io/ctas.html?event=edadf4ff-34a8-4be0-955f-452eb6af8e72#dossier,https://www.wis-tns.org/object/2026zeh,,,,,,,
SN2026nad,SIDEREAL,7.755987,-13.647772,2000.0,cbb5eb48-d811-497a-aaf3-f76aa6b14f77,55.21,SN Ia,electromagnetic,https://jackmcguireastro.github.io/ctas.html?event=cbb5eb48-d811-497a-aaf3-f76aa6b14f77#dossier,https://www.wis-tns.org/object/2026nad,,,,,,,
AT2026zel,SIDEREAL,316.6091465,-13.1481275,2000.0,a3c057ee-8d06-451a-ac5b-f6ec4153172f,54.53,Unclassified,electromagnetic,https://jackmcguireastro.github.io/ctas.html?event=a3c057ee-8d06-451a-ac5b-f6ec4153172f#dossier,https://www.wis-tns.org/object/2026zel,,,,,,,
AT2026zem,SIDEREAL,303.8667102,-10.8894801,2000.0,3eb686bb-3bb2-4712-a151-632de1feecb9,55.4,Unclassified,electromagnetic,https://jackmcguireastro.github.io/ctas.html?event=3eb686bb-3bb2-4712-a151-632de1feecb9#dossier,https://www.wis-tns.org/object/2026zem,,,,,,,
AT2026zen,SIDEREAL,321.6617613,-12.2700085,2000.0,ba20acf5-c960-4370-b333-55d747a70d82,54.29,Unclassified,electromagnetic,https://jackmcguireastro.github.io/ctas.html?event=ba20acf5-c960-4370-b333-55d747a70d82#dossier,https://www.wis-tns.org/object/2026zen,,,,,,,
AT2026zeo,SIDEREAL,320.0011878,-20.3461716,2000.0,3441d441-71e2-4598-ac97-07173c64b0ef,55.96,Unclassified,electromagnetic,https://jackmcguireastro.github.io/ctas.html?event=3441d441-71e2-4598-ac97-07173c64b0ef#dossier,https://www.wis-tns.org/object/2026zeo,,,,,,,
SN2026srp,SIDEREAL,349.8012537,-13.1553497,2000.0,b5975bce-134b-487c-8a5d-4c07d558a7e2,47.36,SN Ia,electromagnetic,https://jackmcguireastro.github.io/ctas.html?event=b5975bce-134b-487c-8a5d-4c07d558a7e2#dossier,https://www.wis-tns.org/object/2026srp,,,,,,,
SN2026pdh,SIDEREAL,36.2566669,26.3728186,2000.0,c691d298-b6bb-4fb1-9bca-7c40cc77b9ce,47.09,SN Ib/c,electromagnetic,https://jackmcguireastro.github.io/ctas.html?event=c691d298-b6bb-4fb1-9bca-7c40cc77b9ce#dossier,https://www.wis-tns.org/object/2026pdh,,,,,,,
SN2026nnx,SIDEREAL,319.644760888,7.44576573649,2000.0,3b128f16-2ca4-4797-b13f-179839846205,44.3,SN Ia-pec,electromagnetic,https://jackmcguireastro.github.io/ctas.html?event=3b128f16-2ca4-4797-b13f-179839846205#dossier,https://www.wis-tns.org/object/2026nnx,,,,,,,
SN2026wpp,SIDEREAL,248.7225806,0.3783939,2000.0,a08ecf98-bb2a-4a87-872a-1183ca9f96cb,46.48,SN Ia,electromagnetic,https://jackmcguireastro.github.io/ctas.html?event=a08ecf98-bb2a-4a87-872a-1183ca9f96cb#dossier,https://www.wis-tns.org/object/2026wpp,AT2026wpp,,,,,,
SN2026pyf,SIDEREAL,28.7071437845,-9.67273402528,2000.0,e525f170-0477-48c4-9914-ee4c37eee398,47.64,SN Ia,electromagnetic,https://jackmcguireastro.github.io/ctas.html?event=e525f170-0477-48c4-9914-ee4c37eee398#dossier,https://www.wis-tns.org/object/2026pyf,AT2026pyf,,,,,,
SN2026vfn,SIDEREAL,22.9262522,-5.6831538,2000.0,1c023f4a-4e1b-4339-8413-a82ae9276e3b,46.45,SN Ia,electromagnetic,https://jackmcguireastro.github.io/ctas.html?event=1c023f4a-4e1b-4339-8413-a82ae9276e3b#dossier,https://www.wis-tns.org/object/2026vfn,,,,,,,
SN2025wkt,SIDEREAL,57.9083732745,24.8906982988,2000.0,775b9ab5-4f41-4e82-ac6d-56600985765e,43.26,SN IIn,electromagnetic,https://jackmcguireastro.github.io/ctas.html?event=775b9ab5-4f41-4e82-ac6d-56600985765e#dossier,https://www.wis-tns.org/object/2025wkt,,,,,,,
SN2026rop,SIDEREAL,47.7493585,16.787894,2000.0,e6937bb2-bbb2-49bf-9370-106598aad55d,48.29,SN II,electromagnetic,https://jackmcguireastro.github.io/ctas.html?event=e6937bb2-bbb2-49bf-9370-106598aad55d#dossier,https://www.wis-tns.org/object/2026rop,,,,,,,
AT2026zee,SIDEREAL,37.996557822689,15.57687545859,2000.0,b1b9ec95-285e-4c62-ab33-f94dabb5dc46,56.24,Unclassified,electromagnetic,https://jackmcguireastro.github.io/ctas.html?event=b1b9ec95-285e-4c62-ab33-f94dabb5dc46#dossier,https://www.wis-tns.org/object/2026zee,,,,,,,
AT2026zba,SIDEREAL,356.0826485,-3.2594344,2000.0,d1f04730-99df-4f7b-8353-ab5520ff8487,56.23,Unclassified,electromagnetic,https://jackmcguireastro.github.io/ctas.html?event=d1f04730-99df-4f7b-8353-ab5520ff8487#dossier,https://www.wis-tns.org/object/2026zba,,,,,,,
SN2026pyk,SIDEREAL,349.6371235,43.2474043,2000.0,4187b713-2a3e-4200-ad55-0929d2ec0741,46.01,SN II,electromagnetic,https://jackmcguireastro.github.io/ctas.html?event=4187b713-2a3e-4200-ad55-0929d2ec0741#dossier,https://www.wis-tns.org/object/2026pyk,,,,,,,
SN2026xkg,SIDEREAL,310.199987485,10.4250872186,2000.0,be3fde9f-c276-4c27-b7c4-a95204b4210c,43.78,SN Ia,electromagnetic,https://jackmcguireastro.github.io/ctas.html?event=be3fde9f-c276-4c27-b7c4-a95204b4210c#dossier,https://www.wis-tns.org/object/2026xkg,AT2026xkg,,,,,,
SN2026wen,SIDEREAL,36.7918552,36.1353291,2000.0,16547599-5a3b-4faa-808c-5d2a6f8667cb,44.4,SN IIb,electromagnetic,https://jackmcguireastro.github.io/ctas.html?event=16547599-5a3b-4faa-808c-5d2a6f8667cb#dossier,https://www.wis-tns.org/object/2026wen,,,,,,,
SN2026xau,SIDEREAL,240.837322971,17.7232852542,2000.0,f8dc348e-4af9-49e6-942a-e92005af3991,47.38,SN II,electromagnetic,https://jackmcguireastro.github.io/ctas.html?event=f8dc348e-4af9-49e6-942a-e92005af3991#dossier,https://www.wis-tns.org/object/2026xau,AT2026xau,,,,,,
SN2026wkg,SIDEREAL,4.70797552631,-10.3669836499,2000.0,36ad38e8-c7cb-45c0-b99d-098e255c0cc4,44.95,SN II,electromagnetic,https://jackmcguireastro.github.io/ctas.html?event=36ad38e8-c7cb-45c0-b99d-098e255c0cc4#dossier,https://www.wis-tns.org/object/2026wkg,AT2026wkg,,,,,,
SN2026wkc,SIDEREAL,47.4046503,18.5023875,2000.0,531a4eba-5251-4f7a-a20d-607a3b130622,44.11,SN Ic,electromagnetic,https://jackmcguireastro.github.io/ctas.html?event=531a4eba-5251-4f7a-a20d-607a3b130622#dossier,https://www.wis-tns.org/object/2026wkc,,,,,,,
SN2026vey,SIDEREAL,20.5356744,-8.9606367,2000.0,1e00db05-a3fb-4e4c-9803-7883b66685a1,47.85,SN Ia,electromagnetic,https://jackmcguireastro.github.io/ctas.html?event=1e00db05-a3fb-4e4c-9803-7883b66685a1#dossier,https://www.wis-tns.org/object/2026vey,,,,,,,
AT2026zed,SIDEREAL,330.9789,-13.894274,2000.0,8b42063b-a1f2-4cbf-873b-41bead39251f,56.1,Unclassified,electromagnetic,https://jackmcguireastro.github.io/ctas.html?event=8b42063b-a1f2-4cbf-873b-41bead39251f#dossier,https://www.wis-tns.org/object/2026zed,,,,,,,
AT2026zdm,SIDEREAL,358.717625,4.953283,2000.0,c7c3412d-6ffd-4028-8f03-f4eb3d9eae1d,51.12,Unclassified,electromagnetic,https://jackmcguireastro.github.io/ctas.html?event=c7c3412d-6ffd-4028-8f03-f4eb3d9eae1d#dossier,https://www.wis-tns.org/object/2026zdm,,,,,,,
AT2026zdn,SIDEREAL,358.456542,5.68765,2000.0,33735d45-bb8d-4723-a16b-712d5a317344,51.18,Unclassified,electromagnetic,https://jackmcguireastro.github.io/ctas.html?event=33735d45-bb8d-4723-a16b-712d5a317344#dossier,https://www.wis-tns.org/object/2026zdn,,,,,,,
AT2026zdo,SIDEREAL,34.110167,3.052392,2000.0,2a4123af-67db-416c-a81e-1e9095fec59e,51.85,Unclassified,electromagnetic,https://jackmcguireastro.github.io/ctas.html?event=2a4123af-67db-416c-a81e-1e9095fec59e#dossier,https://www.wis-tns.org/object/2026zdo,,,,,,,
AT2026zdp,SIDEREAL,341.831375,0.882086,2000.0,be39846e-2cb6-427a-b415-7b5d89ef524d,50.88,Unclassified,electromagnetic,https://jackmcguireastro.github.io/ctas.html?event=be39846e-2cb6-427a-b415-7b5d89ef524d#dossier,https://www.wis-tns.org/object/2026zdp,,,,,,,
AT2026zdq,SIDEREAL,34.6345,4.694069,2000.0,63a2fd70-d871-41db-b0a9-31a27d6d1e81,50.33,Unclassified,electromagnetic,https://jackmcguireastro.github.io/ctas.html?event=63a2fd70-d871-41db-b0a9-31a27d6d1e81#dossier,https://www.wis-tns.org/object/2026zdq,,,,,,,
AT2026zdr,SIDEREAL,17.536708,1.923056,2000.0,fec0388d-8cec-4de4-b995-8bbb6f028ae5,49.65,Unclassified,electromagnetic,https://jackmcguireastro.github.io/ctas.html?event=fec0388d-8cec-4de4-b995-8bbb6f028ae5#dossier,https://www.wis-tns.org/object/2026zdr,,,,,,,
AT2026zds,SIDEREAL,21.342333,3.237883,2000.0,4ed3058a-02a8-4ab9-8359-866a3bebf9b9,50.52,Unclassified,electromagnetic,https://jackmcguireastro.github.io/ctas.html?event=4ed3058a-02a8-4ab9-8359-866a3bebf9b9#dossier,https://www.wis-tns.org/object/2026zds,,,,,,,
AT2026zdt,SIDEREAL,276.965042,32.585556,2000.0,b52481f2-6587-4b6e-816d-6ae452be58a9,56.67,Unclassified,electromagnetic,https://jackmcguireastro.github.io/ctas.html?event=b52481f2-6587-4b6e-816d-6ae452be58a9#dossier,https://www.wis-tns.org/object/2026zdt,,,,,,,
AT2026zdu,SIDEREAL,261.03425,25.751767,2000.0,4e0a105f-38d2-4589-a128-c1ce70168830,54.58,Unclassified,electromagnetic,https://jackmcguireastro.github.io/ctas.html?event=4e0a105f-38d2-4589-a128-c1ce70168830#dossier,https://www.wis-tns.org/object/2026zdu,,,,,,,
AT2026zdv,SIDEREAL,249.528458,37.135856,2000.0,f2fb55e2-8ca4-45b1-92b7-ad7e3e503b6b,52.55,Unclassified,electromagnetic,https://jackmcguireastro.github.io/ctas.html?event=f2fb55e2-8ca4-45b1-92b7-ad7e3e503b6b#dossier,https://www.wis-tns.org/object/2026zdv,,,,,,,
AT2026zdw,SIDEREAL,268.255167,57.860247,2000.0,d60909d0-d0f7-40be-9f9a-2dce53982c25,56.38,Unclassified,electromagnetic,https://jackmcguireastro.github.io/ctas.html?event=d60909d0-d0f7-40be-9f9a-2dce53982c25#dossier,https://www.wis-tns.org/object/2026zdw,,,,,,,
AT2026zdx,SIDEREAL,254.549667,15.417906,2000.0,adf612d9-59f3-4f2a-8f98-d63bb2c96009,51.6,Unclassified,electromagnetic,https://jackmcguireastro.github.io/ctas.html?event=adf612d9-59f3-4f2a-8f98-d63bb2c96009#dossier,https://www.wis-tns.org/object/2026zdx,,,,,,,
AT2026zdy,SIDEREAL,252.651417,26.438192,2000.0,54b9b60c-67cc-4c6a-8e05-79591d8586ec,52.15,Unclassified,electromagnetic,https://jackmcguireastro.github.io/ctas.html?event=54b9b60c-67cc-4c6a-8e05-79591d8586ec#dossier,https://www.wis-tns.org/object/2026zdy,,,,,,,
AT2026zdz,SIDEREAL,264.15125,23.214208,2000.0,d61f1c45-e03f-40f1-bd1e-5995888deb8a,62.78,Unclassified,electromagnetic,https://jackmcguireastro.github.io/ctas.html?event=d61f1c45-e03f-40f1-bd1e-5995888deb8a#dossier,https://www.wis-tns.org/object/2026zdz,,,,,,,
AT2026zea,SIDEREAL,55.2890185,80.0330671,2000.0,66f28e93-ee60-4d5d-b6de-4c2ad98ffc44,55.5,Unclassified,electromagnetic,https://jackmcguireastro.github.io/ctas.html?event=66f28e93-ee60-4d5d-b6de-4c2ad98ffc44#dossier,https://www.wis-tns.org/object/2026zea,,,,,,,
AT2026zeb,SIDEREAL,107.3880745,81.9694044,2000.0,7d8af8eb-210d-4bb1-8f44-2380b5583a86,71.82,Unclassified,electromagnetic,https://jackmcguireastro.github.io/ctas.html?event=7d8af8eb-210d-4bb1-8f44-2380b5583a86#dossier,https://www.wis-tns.org/object/2026zeb,,,,,,,
AT2026yjw,SIDEREAL,7.8751238,-2.7286696,2000.0,a3eade09-c967-4e71-813e-b084e6773dab,57.17,Unclassified,electromagnetic,https://jackmcguireastro.github.io/ctas.html?event=a3eade09-c967-4e71-813e-b084e6773dab#dossier,https://www.wis-tns.org/object/2026yjw,,,,,,,
AT2026zdk,SIDEREAL,14.0835459,-9.6081841,2000.0,3c9b1c1e-8bd0-4459-ab5f-3b359c269b2b,59.46,Unclassified,electromagnetic,https://jackmcguireastro.github.io/ctas.html?event=3c9b1c1e-8bd0-4459-ab5f-3b359c269b2b#dossier,https://www.wis-tns.org/object/2026zdk,,,,,,,
AT2026zdl,SIDEREAL,58.5998232,33.7968909,2000.0,359a4746-08bb-4085-ab52-ad6d6c11f399,55.31,Unclassified,electromagnetic,https://jackmcguireastro.github.io/ctas.html?event=359a4746-08bb-4085-ab52-ad6d6c11f399#dossier,https://www.wis-tns.org/object/2026zdl,,,,,,,
AT2026zdh,SIDEREAL,61.4474533,83.0788621,2000.0,7e63957c-4adf-47e1-a5ce-8cf3ab65f353,57.83,Unclassified,electromagnetic,https://jackmcguireastro.github.io/ctas.html?event=7e63957c-4adf-47e1-a5ce-8cf3ab65f353#dossier,https://www.wis-tns.org/object/2026zdh,,,,,,,
AT2026zdi,SIDEREAL,323.156198,-25.7072339,2000.0,69bcd461-25bd-4ad7-98d4-4b5b2348e8a5,56.52,Unclassified,electromagnetic,https://jackmcguireastro.github.io/ctas.html?event=69bcd461-25bd-4ad7-98d4-4b5b2348e8a5#dossier,https://www.wis-tns.org/object/2026zdi,,,,,,,
SN2026vhw,SIDEREAL,312.956136062,6.41854789365,2000.0,f2b5ea35-b5f3-40f2-95f3-d7a65d6ab404,43.75,SN IIn,electromagnetic,https://jackmcguireastro.github.io/ctas.html?event=f2b5ea35-b5f3-40f2-95f3-d7a65d6ab404#dossier,https://www.wis-tns.org/object/2026vhw,AT2026vhw,,,,,,
Chime-1173887180,SIDEREAL,73.851268,80.7433521,2000.0,cbe31846-d142-441d-a147-6710026a0ec6,0.0,high-importance,radio,https://jackmcguireastro.github.io/ctas.html?event=cbe31846-d142-441d-a147-6710026a0ec6#dossier,,1173887180,,,,,,
Chime-1173878665,SIDEREAL,208.5193364,84.9648423,2000.0,5c9511b2-912b-42fc-8ca9-2a6772396077,0.0,high-importance,radio,https://jackmcguireastro.github.io/ctas.html?event=5c9511b2-912b-42fc-8ca9-2a6772396077#dossier,,1173878665,,,,,,
AT2026zdg,SIDEREAL,12.612389564514,27.684761047363,2000.0,6b19cf19-9438-4190-a091-33d8b630c442,57.7,Unclassified,electromagnetic,https://jackmcguireastro.github.io/ctas.html?event=6b19cf19-9438-4190-a091-33d8b630c442#dossier,https://www.wis-tns.org/object/2026zdg,,,,,,,
AT2026zcz,SIDEREAL,345.189856,13.621734,2000.0,64fe0568-d251-4b9b-9251-ec223905fed0,68.99,Unclassified,electromagnetic,https://jackmcguireastro.github.io/ctas.html?event=64fe0568-d251-4b9b-9251-ec223905fed0#dossier,https://www.wis-tns.org/object/2026zcz,,,,,,,
AT2026zdf,SIDEREAL,358.1802123,52.1538366,2000.0,0c294532-f75c-43cb-8460-67da12f3614d,53.86,Unclassified,electromagnetic,https://jackmcguireastro.github.io/ctas.html?event=0c294532-f75c-43cb-8460-67da12f3614d#dossier,https://www.wis-tns.org/object/2026zdf,,,,,,,
AT2026zde,SIDEREAL,307.93943,-19.1167304,2000.0,cb9279e9-0767-45b3-b4cd-fb1fe31c8072,56.29,Unclassified,electromagnetic,https://jackmcguireastro.github.io/ctas.html?event=cb9279e9-0767-45b3-b4cd-fb1fe31c8072#dossier,https://www.wis-tns.org/object/2026zde,,,,,,,
AT2026yxr,SIDEREAL,312.0827991,12.6558916,2000.0,9d23544b-f51b-4b82-aa12-c8856f8429f3,56.9,Unclassified,electromagnetic,https://jackmcguireastro.github.io/ctas.html?event=9d23544b-f51b-4b82-aa12-c8856f8429f3#dossier,https://www.wis-tns.org/object/2026yxr,,,,,,,
AT2026zdc,SIDEREAL,207.6176218,68.5544839,2000.0,2799cc90-380e-4e1d-b344-708a3d0d369f,82.06,Unclassified,electromagnetic,https://jackmcguireastro.github.io/ctas.html?event=2799cc90-380e-4e1d-b344-708a3d0d369f#dossier,https://www.wis-tns.org/object/2026zdc,,,,,,,
AT2026ywq,SIDEREAL,221.9594985,71.87348,2000.0,b53dc824-4525-41d2-a8ef-77d2a5f74bda,58.67,Unclassified,electromagnetic,https://jackmcguireastro.github.io/ctas.html?event=b53dc824-4525-41d2-a8ef-77d2a5f74bda#dossier,https://www.wis-tns.org/object/2026ywq,,,,,,,
AT2026zdd,SIDEREAL,212.4998432,56.170145,2000.0,4637ff03-1e00-471c-98f9-56a5eee481be,56.86,Unclassified,electromagnetic,https://jackmcguireastro.github.io/ctas.html?event=4637ff03-1e00-471c-98f9-56a5eee481be#dossier,https://www.wis-tns.org/object/2026zdd,,,,,,,
AT2026pzt,SIDEREAL,220.5781795,19.1261358,2000.0,f8f1bdf4-1f0c-4b42-bdf7-b0be15ba3a32,58.47,Unclassified,electromagnetic,https://jackmcguireastro.github.io/ctas.html?event=f8f1bdf4-1f0c-4b42-bdf7-b0be15ba3a32#dossier,https://www.wis-tns.org/object/2026pzt,,,,,,,
AT2026zdb,SIDEREAL,10.720125,41.183222,2000.0,e269fce3-1d70-4e4a-853d-51c68f755fea,81.12,Unclassified,electromagnetic,https://jackmcguireastro.github.io/ctas.html?event=e269fce3-1d70-4e4a-853d-51c68f755fea#dossier,https://www.wis-tns.org/object/2026zdb,,,,,,,
AT2026zda,SIDEREAL,307.12768554688,-10.1304063797,2000.0,51f5554a-7289-4304-b82c-a56be066d9e6,80.96,Unclassified,electromagnetic,https://jackmcguireastro.github.io/ctas.html?event=51f5554a-7289-4304-b82c-a56be066d9e6#dossier,https://www.wis-tns.org/object/2026zda,,,,,,,
AT2025amzw,SIDEREAL,340.56965710854,18.887490259187,2000.0,c660e1c8-6894-441e-ac74-4bc33e9fb4dd,57.6,Unclassified,electromagnetic,https://jackmcguireastro.github.io/ctas.html?event=c660e1c8-6894-441e-ac74-4bc33e9fb4dd#dossier,https://www.wis-tns.org/object/2025amzw,,,,,,,
AT2026zcy,SIDEREAL,186.2438592,20.2064114,2000.0,e1c271df-4859-4456-acbc-8940c4f89178,65.83,Unclassified,electromagnetic,https://jackmcguireastro.github.io/ctas.html?event=e1c271df-4859-4456-acbc-8940c4f89178#dossier,https://www.wis-tns.org/object/2026zcy,,,,,,,
AT2026yzj,SIDEREAL,356.821758,4.2921691,2000.0,04c37485-0494-4d7c-b53b-6234bd11b6e7,58.68,Unclassified,electromagnetic,https://jackmcguireastro.github.io/ctas.html?event=04c37485-0494-4d7c-b53b-6234bd11b6e7#dossier,https://www.wis-tns.org/object/2026yzj,,,,,,,
AT2026zaz,SIDEREAL,15.8645481,-3.6623606,2000.0,ddc6a672-f077-4f43-96b6-999b2bbbc317,56.27,Unclassified,electromagnetic,https://jackmcguireastro.github.io/ctas.html?event=ddc6a672-f077-4f43-96b6-999b2bbbc317#dossier,https://www.wis-tns.org/object/2026zaz,,,,,,,
AT2025amzv,SIDEREAL,322.649702,-16.3405662,2000.0,8a3ae38a-44df-4b1f-9b88-7c4916e9a3cc,55.93,Unclassified,electromagnetic,https://jackmcguireastro.github.io/ctas.html?event=8a3ae38a-44df-4b1f-9b88-7c4916e9a3cc#dossier,https://www.wis-tns.org/object/2025amzv,,,,,,,
AT2026zbm,SIDEREAL,53.291333,-30.400339,2000.0,cee360d8-5d80-4c22-aaba-aac03dfe4520,46.0,Unclassified,electromagnetic,https://jackmcguireastro.github.io/ctas.html?event=cee360d8-5d80-4c22-aaba-aac03dfe4520#dossier,https://www.wis-tns.org/object/2026zbm,,,,,,,
AT2026zcw,SIDEREAL,41.2165968,12.5528801,2000.0,2a343911-9603-48f9-afc1-6678fc069025,55.4,Unclassified,electromagnetic,https://jackmcguireastro.github.io/ctas.html?event=2a343911-9603-48f9-afc1-6678fc069025#dossier,https://www.wis-tns.org/object/2026zcw,,,,,,,
AT2026zcx,SIDEREAL,29.82257,27.4891,2000.0,ce2c49f2-35d0-4ec4-8114-d71a762985a7,56.73,Unclassified,electromagnetic,https://jackmcguireastro.github.io/ctas.html?event=ce2c49f2-35d0-4ec4-8114-d71a762985a7#dossier,https://www.wis-tns.org/object/2026zcx,,,,,,,
AT2026zbp,SIDEREAL,15.347110748291,-7.574827671051,2000.0,a402f3c5-2a04-4f17-af78-0a9ac9ed61da,75.6,Unclassified,electromagnetic,https://jackmcguireastro.github.io/ctas.html?event=a402f3c5-2a04-4f17-af78-0a9ac9ed61da#dossier,https://www.wis-tns.org/object/2026zbp,,,,,,,
SN2026xbx,SIDEREAL,246.963895175,0.47673419375,2000.0,9b876fc3-3cec-43a0-88e3-c2d496bd783a,46.03,SN Ia,electromagnetic,https://jackmcguireastro.github.io/ctas.html?event=9b876fc3-3cec-43a0-88e3-c2d496bd783a#dossier,https://www.wis-tns.org/object/2026xbx,AT2026xbx,2026xbx,,,,,
SN2026rfd,SIDEREAL,3.13617447141,-24.7277044891,2000.0,18ca94e9-6288-46cc-bf66-078a1043f342,48.55,SN Ia,electromagnetic,https://jackmcguireastro.github.io/ctas.html?event=18ca94e9-6288-46cc-bf66-078a1043f342#dossier,https://www.wis-tns.org/object/2026rfd,,,,,,,
SN2026yxs,SIDEREAL,14.2455441,27.1467883,2000.0,a93fc066-454f-4ace-b037-b507eef5a0f1,47.48,SN Ia,electromagnetic,https://jackmcguireastro.github.io/ctas.html?event=a93fc066-454f-4ace-b037-b507eef5a0f1#dossier,https://www.wis-tns.org/object/2026yxs,AT2026yxs,,,,,,
SN2026xcs,SIDEREAL,5.079242607229,-9.970547919537,2000.0,b81cfebf-3114-4050-8285-071e9959be59,53.46,SLSN-II,electromagnetic,https://jackmcguireastro.github.io/ctas.html?event=b81cfebf-3114-4050-8285-071e9959be59#dossier,https://www.wis-tns.org/object/2026xcs,AT2026xcs,2026xcs,ATLAS26joo,GOTO26hxk,ZTF26ablsebw,,
SN2026vmn,SIDEREAL,301.712488,5.6608404,2000.0,580f3a3c-a850-463e-af91-3c97bf289ebb,45.91,SN Ia,electromagnetic,https://jackmcguireastro.github.io/ctas.html?event=580f3a3c-a850-463e-af91-3c97bf289ebb#dossier,https://www.wis-tns.org/object/2026vmn,,,,,,,
SN2026wkd,SIDEREAL,32.4531623,28.2988761,2000.0,f1c5edf3-9e15-4318-aee6-a7620dc15875,43.7,SLSN-I,electromagnetic,https://jackmcguireastro.github.io/ctas.html?event=f1c5edf3-9e15-4318-aee6-a7620dc15875#dossier,https://www.wis-tns.org/object/2026wkd,AT2026wkd,2026wkd,,,,,
AT2026zcs,SIDEREAL,302.003333,-36.391889,2000.0,b85bb29f-e71c-44c2-981e-20b65e95fde3,76.07,Unclassified,electromagnetic,https://jackmcguireastro.github.io/ctas.html?event=b85bb29f-e71c-44c2-981e-20b65e95fde3#dossier,https://www.wis-tns.org/object/2026zcs,,,,,,,
AT2026zct,SIDEREAL,4.9480737012051,-7.4991090608082,2000.0,c3b58ad0-aa4e-4de0-ad46-79e03f4874d9,60.59,Unclassified,electromagnetic,https://jackmcguireastro.github.io/ctas.html?event=c3b58ad0-aa4e-4de0-ad46-79e03f4874d9#dossier,https://www.wis-tns.org/object/2026zct,,,,,,,
AT2026zcu,SIDEREAL,306.8247958,-4.2095554,2000.0,4e2ec7a3-1bc4-4bee-bdff-6350ecbf895a,66.42,Unclassified,electromagnetic,https://jackmcguireastro.github.io/ctas.html?event=4e2ec7a3-1bc4-4bee-bdff-6350ecbf895a#dossier,https://www.wis-tns.org/object/2026zcu,,,,,,,
AT2026zcv,SIDEREAL,31.234858993776,25.395044328813,2000.0,a702d234-9e77-4e86-bf5e-80928e93e360,69.05,Unclassified,electromagnetic,https://jackmcguireastro.github.io/ctas.html?event=a702d234-9e77-4e86-bf5e-80928e93e360#dossier,https://www.wis-tns.org/object/2026zcv,,,,,,,
SN2026ypl,SIDEREAL,313.548313362,10.9142086976,2000.0,9219508a-7dcb-46cc-9358-e22a5f83e963,43.5,SN Ia,electromagnetic,https://jackmcguireastro.github.io/ctas.html?event=9219508a-7dcb-46cc-9358-e22a5f83e963#dossier,https://www.wis-tns.org/object/2026ypl,AT2026ypl,,,,,,
AT2026zcm,SIDEREAL,343.76657846485,-17.407524343233,2000.0,8f86c3f8-2ae0-40d5-8035-cb40ba774a9f,61.02,Unclassified,electromagnetic,https://jackmcguireastro.github.io/ctas.html?event=8f86c3f8-2ae0-40d5-8035-cb40ba774a9f#dossier,https://www.wis-tns.org/object/2026zcm,,,,,,,
AT2026zcn,SIDEREAL,299.52436136212,-4.0369620542662,2000.0,c62febb3-dcfa-46cd-ae39-5ed22373eeca,68.75,Unclassified,electromagnetic,https://jackmcguireastro.github.io/ctas.html?event=c62febb3-dcfa-46cd-ae39-5ed22373eeca#dossier,https://www.wis-tns.org/object/2026zcn,,,,,,,
AT2026zco,SIDEREAL,303.5113365,3.431657,2000.0,349491df-36d1-4af3-87df-191ca876f988,69.15,Unclassified,electromagnetic,https://jackmcguireastro.github.io/ctas.html?event=349491df-36d1-4af3-87df-191ca876f988#dossier,https://www.wis-tns.org/object/2026zco,,,,,,,
AT2026zcq,SIDEREAL,88.2242531,7.6169576,2000.0,775d6aeb-8b02-44be-b6bc-41eaabdd8a41,56.35,Unclassified,electromagnetic,https://jackmcguireastro.github.io/ctas.html?event=775d6aeb-8b02-44be-b6bc-41eaabdd8a41#dossier,https://www.wis-tns.org/object/2026zcq,,,,,,,
AT2026zbr,SIDEREAL,37.187583,-0.898525,2000.0,c2bc92a1-2289-48b8-8da3-ee0c9133eef9,51.4,Unclassified,electromagnetic,https://jackmcguireastro.github.io/ctas.html?event=c2bc92a1-2289-48b8-8da3-ee0c9133eef9#dossier,https://www.wis-tns.org/object/2026zbr,,,,,,,
AT2026zbs,SIDEREAL,355.431417,1.122122,2000.0,502a16ec-823d-4dfb-88fc-afe721a8bb42,50.6,Unclassified,electromagnetic,https://jackmcguireastro.github.io/ctas.html?event=502a16ec-823d-4dfb-88fc-afe721a8bb42#dossier,https://www.wis-tns.org/object/2026zbs,,,,,,,
AT2026zbt,SIDEREAL,18.63075,4.834175,2000.0,e242c684-2ed0-48c9-8f0c-4f96c0e7a44b,52.45,Unclassified,electromagnetic,https://jackmcguireastro.github.io/ctas.html?event=e242c684-2ed0-48c9-8f0c-4f96c0e7a44b#dossier,https://www.wis-tns.org/object/2026zbt,,,,,,,
AT2026zbu,SIDEREAL,23.527333,6.229928,2000.0,58744401-c2e3-4486-bf73-57a9e6b0a497,51.3,Unclassified,electromagnetic,https://jackmcguireastro.github.io/ctas.html?event=58744401-c2e3-4486-bf73-57a9e6b0a497#dossier,https://www.wis-tns.org/object/2026zbu,,,,,,,
AT2026zbv,SIDEREAL,33.548,3.189314,2000.0,c3ce0e09-d0db-481a-8b6e-ec6e280703a5,50.55,Unclassified,electromagnetic,https://jackmcguireastro.github.io/ctas.html?event=c3ce0e09-d0db-481a-8b6e-ec6e280703a5#dossier,https://www.wis-tns.org/object/2026zbv,,,,,,,
AT2026zbw,SIDEREAL,36.672083,2.022181,2000.0,48934d1c-72ca-41aa-8af2-320903d103d0,50.75,Unclassified,electromagnetic,https://jackmcguireastro.github.io/ctas.html?event=48934d1c-72ca-41aa-8af2-320903d103d0#dossier,https://www.wis-tns.org/object/2026zbw,,,,,,,
AT2026zbx,SIDEREAL,37.0165,6.520881,2000.0,f3066876-be93-4d16-ae96-247823b00040,50.5,Unclassified,electromagnetic,https://jackmcguireastro.github.io/ctas.html?event=f3066876-be93-4d16-ae96-247823b00040#dossier,https://www.wis-tns.org/object/2026zbx,,,,,,,
AT2026zby,SIDEREAL,20.446792,4.569961,2000.0,8b40c82d-faba-46ec-a8e5-391a4a56385a,50.8,Unclassified,electromagnetic,https://jackmcguireastro.github.io/ctas.html?event=8b40c82d-faba-46ec-a8e5-391a4a56385a#dossier,https://www.wis-tns.org/object/2026zby,,,,,,,
AT2026zbz,SIDEREAL,23.465125,2.638589,2000.0,16dc5f23-59a3-4734-b37e-d0a279a770f0,51.18,Unclassified,electromagnetic,https://jackmcguireastro.github.io/ctas.html?event=16dc5f23-59a3-4734-b37e-d0a279a770f0#dossier,https://www.wis-tns.org/object/2026zbz,,,,,,,
AT2026zca,SIDEREAL,29.122125,0.785003,2000.0,1bd0af60-5f50-4cef-a13f-85a413c6bc8a,50.92,Unclassified,electromagnetic,https://jackmcguireastro.github.io/ctas.html?event=1bd0af60-5f50-4cef-a13f-85a413c6bc8a#dossier,https://www.wis-tns.org/object/2026zca,,,,,,,
AT2026zcb,SIDEREAL,34.178708,0.601294,2000.0,6c3e29e9-7e96-42e6-8ce2-171f9c1bc7d9,50.88,Unclassified,electromagnetic,https://jackmcguireastro.github.io/ctas.html?event=6c3e29e9-7e96-42e6-8ce2-171f9c1bc7d9#dossier,https://www.wis-tns.org/object/2026zcb,,,,,,,
AT2026zcc,SIDEREAL,20.568958,2.732486,2000.0,aba5261d-3563-430e-bb39-16f4ad652161,50.57,Unclassified,electromagnetic,https://jackmcguireastro.github.io/ctas.html?event=aba5261d-3563-430e-bb39-16f4ad652161#dossier,https://www.wis-tns.org/object/2026zcc,,,,,,,
AT2026zcd,SIDEREAL,26.001,3.508639,2000.0,7fd5fd24-b63d-4dd9-8bc8-337ece501c04,50.05,Unclassified,electromagnetic,https://jackmcguireastro.github.io/ctas.html?event=7fd5fd24-b63d-4dd9-8bc8-337ece501c04#dossier,https://www.wis-tns.org/object/2026zcd,,,,,,,
AT2026zce,SIDEREAL,267.28125,23.681525,2000.0,ff5d7f45-2c02-4062-b468-4e447441397b,52.98,Unclassified,electromagnetic,https://jackmcguireastro.github.io/ctas.html?event=ff5d7f45-2c02-4062-b468-4e447441397b#dossier,https://www.wis-tns.org/object/2026zce,,,,,,,
AT2026zcf,SIDEREAL,335.6445,18.220658,2000.0,b3323291-42be-4e32-bd81-0986a3b7981f,54.85,Unclassified,electromagnetic,https://jackmcguireastro.github.io/ctas.html?event=b3323291-42be-4e32-bd81-0986a3b7981f#dossier,https://www.wis-tns.org/object/2026zcf,,,,,,,
AT2026zcg,SIDEREAL,247.185917,21.885556,2000.0,277ec063-c3e9-41f8-affe-de2f0b4c2b0a,52.43,Unclassified,electromagnetic,https://jackmcguireastro.github.io/ctas.html?event=277ec063-c3e9-41f8-affe-de2f0b4c2b0a#dossier,https://www.wis-tns.org/object/2026zcg,,,,,,,
AT2026zch,SIDEREAL,250.032583,21.804672,2000.0,64514dbb-598d-4d9c-99b3-29b2e4046b03,52.62,Unclassified,electromagnetic,https://jackmcguireastro.github.io/ctas.html?event=64514dbb-598d-4d9c-99b3-29b2e4046b03#dossier,https://www.wis-tns.org/object/2026zch,,,,,,,
AT2026zci,SIDEREAL,252.566208,27.012444,2000.0,8c78f6cf-d9fe-4037-8613-e5af007e0846,55.25,Unclassified,electromagnetic,https://jackmcguireastro.github.io/ctas.html?event=8c78f6cf-d9fe-4037-8613-e5af007e0846#dossier,https://www.wis-tns.org/object/2026zci,,,,,,,
AT2026zcj,SIDEREAL,253.269083,26.888892,2000.0,809962f8-c7d2-40ed-8825-d0e5a33fbb1c,53.6,Unclassified,electromagnetic,https://jackmcguireastro.github.io/ctas.html?event=809962f8-c7d2-40ed-8825-d0e5a33fbb1c#dossier,https://www.wis-tns.org/object/2026zcj,,,,,,,
SN2026ymi,SIDEREAL,10.8569123,22.9489071,2000.0,d3acb359-78f9-4ef8-afce-2b3a6444fcc0,46.51,SN Ia,electromagnetic,https://jackmcguireastro.github.io/ctas.html?event=d3acb359-78f9-4ef8-afce-2b3a6444fcc0#dossier,https://www.wis-tns.org/object/2026ymi,,,,,,,
AT2026zck,SIDEREAL,352.21319,-13.5052604,2000.0,30b341f3-d540-4705-ade5-4e0c2716cf51,54.56,Unclassified,electromagnetic,https://jackmcguireastro.github.io/ctas.html?event=30b341f3-d540-4705-ade5-4e0c2716cf51#dossier,https://www.wis-tns.org/object/2026zck,,,,,,,
AT2026zbq,SIDEREAL,19.5923394,-15.9335101,2000.0,2354cd83-8c18-4e33-9f59-9f5644040055,65.72,Unclassified,electromagnetic,https://jackmcguireastro.github.io/ctas.html?event=2354cd83-8c18-4e33-9f59-9f5644040055#dossier,https://www.wis-tns.org/object/2026zbq,,,,,,,
SN2026yju,SIDEREAL,28.496366,51.7455033,2000.0,9c272a1f-2283-42a7-8216-a6f3bb22bed0,46.5,SN Ia,electromagnetic,https://jackmcguireastro.github.io/ctas.html?event=9c272a1f-2283-42a7-8216-a6f3bb22bed0#dossier,https://www.wis-tns.org/object/2026yju,,,,,,,
AT2026zbi,SIDEREAL,253.517921,-71.299115,2000.0,58c01ca5-1194-4140-8bec-ba5bbbfa3cf6,60.19,Unclassified,electromagnetic,https://jackmcguireastro.github.io/ctas.html?event=58c01ca5-1194-4140-8bec-ba5bbbfa3cf6#dossier,https://www.wis-tns.org/object/2026zbi,,,,,,,
AT2026zbj,SIDEREAL,343.2052959,40.7560336,2000.0,99cbab02-f50c-40b3-93cb-255eb3a02282,55.55,Unclassified,electromagnetic,https://jackmcguireastro.github.io/ctas.html?event=99cbab02-f50c-40b3-93cb-255eb3a02282#dossier,https://www.wis-tns.org/object/2026zbj,,,,,,,
AT2026zbk,SIDEREAL,200.852894286,-34.6636128571,2000.0,9f193358-5b62-4b3e-967d-fa2dc2138639,72.49,Unclassified,electromagnetic,https://jackmcguireastro.github.io/ctas.html?event=9f193358-5b62-4b3e-967d-fa2dc2138639#dossier,https://www.wis-tns.org/object/2026zbk,,,,,,,
AT2026zbl,SIDEREAL,339.054265,40.21754,2000.0,dfa54300-1cd8-4e0d-b2ee-877296399129,60.06,Unclassified,electromagnetic,https://jackmcguireastro.github.io/ctas.html?event=dfa54300-1cd8-4e0d-b2ee-877296399129#dossier,https://www.wis-tns.org/object/2026zbl,,,,,,,
AT2026zbn,SIDEREAL,247.187902857,-74.1603971429,2000.0,d5747306-7283-41e6-9116-07dc839894a9,77.46,Unclassified,electromagnetic,https://jackmcguireastro.github.io/ctas.html?event=d5747306-7283-41e6-9116-07dc839894a9#dossier,https://www.wis-tns.org/object/2026zbn,,,,,,,
AT2026xrj,SIDEREAL,77.96571,-14.5184311111,2000.0,8c7b7e94-c245-463b-8139-26e44504fbf6,60.78,Unclassified,electromagnetic,https://jackmcguireastro.github.io/ctas.html?event=8c7b7e94-c245-463b-8139-26e44504fbf6#dossier,https://www.wis-tns.org/object/2026xrj,,,,,,,
AT2026zbc,SIDEREAL,238.448154286,-22.6560942857,2000.0,56da2ccb-b6ed-4312-a007-975717cec57a,70.67,Unclassified,electromagnetic,https://jackmcguireastro.github.io/ctas.html?event=56da2ccb-b6ed-4312-a007-975717cec57a#dossier,https://www.wis-tns.org/object/2026zbc,,,,,,,
AT2026zbe,SIDEREAL,281.236144286,-75.3910528571,2000.0,c9318e15-cbf8-4c8d-9f39-675dc03c6df5,78.46,Unclassified,electromagnetic,https://jackmcguireastro.github.io/ctas.html?event=c9318e15-cbf8-4c8d-9f39-675dc03c6df5#dossier,https://www.wis-tns.org/object/2026zbe,,,,,,,
AT2026zbg,SIDEREAL,303.540647778,-63.5765911111,2000.0,a0694bdb-5dc0-42b7-adb6-7059afd65e91,58.46,Unclassified,electromagnetic,https://jackmcguireastro.github.io/ctas.html?event=a0694bdb-5dc0-42b7-adb6-7059afd65e91#dossier,https://www.wis-tns.org/object/2026zbg,,,,,,,
AT2026zax,SIDEREAL,251.3563722,20.1747297,2000.0,86d1dea7-4c39-4191-9692-9bf0d7890c5a,56.76,Unclassified,electromagnetic,https://jackmcguireastro.github.io/ctas.html?event=86d1dea7-4c39-4191-9692-9bf0d7890c5a#dossier,https://www.wis-tns.org/object/2026zax,,,,,,,
AT2026zay,SIDEREAL,206.8827829,18.1956669,2000.0,c35ddab4-ad9c-47f9-9208-91fe3f3937a5,64.18,Unclassified,electromagnetic,https://jackmcguireastro.github.io/ctas.html?event=c35ddab4-ad9c-47f9-9208-91fe3f3937a5#dossier,https://www.wis-tns.org/object/2026zay,,,,,,,
AT2026yxg,SIDEREAL,253.98243,16.5815813,2000.0,14c709c4-6843-4180-938d-0ba5d678b15e,58.5,Unclassified,electromagnetic,https://jackmcguireastro.github.io/ctas.html?event=14c709c4-6843-4180-938d-0ba5d678b15e#dossier,https://www.wis-tns.org/object/2026yxg,,,,,,,
AT2026zaw,SIDEREAL,188.5411177,15.958555,2000.0,c373e398-99fb-46db-bb12-c474f82cac33,73.08,Unclassified,electromagnetic,https://jackmcguireastro.github.io/ctas.html?event=c373e398-99fb-46db-bb12-c474f82cac33#dossier,https://www.wis-tns.org/object/2026zaw,,,,,,,
AT2026zav,SIDEREAL,12.248373031616,-0.91259980201721,2000.0,6069c785-92d4-4e35-a357-e6c61817ffc9,73.2,Unclassified,electromagnetic,https://jackmcguireastro.github.io/ctas.html?event=6069c785-92d4-4e35-a357-e6c61817ffc9#dossier,https://www.wis-tns.org/object/2026zav,,,,,,,
Chime-1173876243,SIDEREAL,190.0192847,81.7679037,2000.0,bacfcde6-9dd7-45dc-87d1-e1d0c3910d48,70.0,high-importance,radio,https://jackmcguireastro.github.io/ctas.html?event=bacfcde6-9dd7-45dc-87d1-e1d0c3910d48#dossier,,1173876243,,,,,,
AT2026zau,SIDEREAL,263.720264,13.794847,2000.0,00f84e5c-8dc9-4da7-aa18-a40eb094c333,56.18,Unclassified,electromagnetic,https://jackmcguireastro.github.io/ctas.html?event=00f84e5c-8dc9-4da7-aa18-a40eb094c333#dossier,https://www.wis-tns.org/object/2026zau,,,,,,,
AT2026yos,SIDEREAL,262.6339083333333,16.31169166666667,2000.0,fb1c53a1-63ff-48d5-bcff-ebe551cdbc02,56.83,CV,electromagnetic,https://jackmcguireastro.github.io/ctas.html?event=fb1c53a1-63ff-48d5-bcff-ebe551cdbc02#dossier,https://www.wis-tns.org/object/2026yos,2026yos,SN2026yos,,,,,
AT2026zaq,SIDEREAL,3.8339102,-8.2137783,2000.0,55c13fc5-eab7-4061-a785-b59503e483ce,55.42,Unclassified,electromagnetic,https://jackmcguireastro.github.io/ctas.html?event=55c13fc5-eab7-4061-a785-b59503e483ce#dossier,https://www.wis-tns.org/object/2026zaq,,,,,,,
AT2026zat,SIDEREAL,281.2211909,13.074343,2000.0,97ab5e3b-499b-4616-842a-fa7f5a478342,55.07,Unclassified,electromagnetic,https://jackmcguireastro.github.io/ctas.html?event=97ab5e3b-499b-4616-842a-fa7f5a478342#dossier,https://www.wis-tns.org/object/2026zat,,,,,,,
AT2026zal,SIDEREAL,295.7655725,13.0969125,2000.0,55b8087a-f71f-43fc-8775-47df663f6ae5,59.71,Unclassified,electromagnetic,https://jackmcguireastro.github.io/ctas.html?event=55b8087a-f71f-43fc-8775-47df663f6ae5#dossier,https://www.wis-tns.org/object/2026zal,,,,,,,
AT2026zam,SIDEREAL,212.960083,-5.661008,2000.0,9760ce66-2e81-48e8-bd5e-c6b4a8cab904,51.33,Unclassified,electromagnetic,https://jackmcguireastro.github.io/ctas.html?event=9760ce66-2e81-48e8-bd5e-c6b4a8cab904#dossier,https://www.wis-tns.org/object/2026zam,,,,,,,
AT2026zan,SIDEREAL,51.177227,23.0581945,2000.0,65d13963-d305-4158-99e2-1d90e7734e10,54.13,Unclassified,electromagnetic,https://jackmcguireastro.github.io/ctas.html?event=65d13963-d305-4158-99e2-1d90e7734e10#dossier,https://www.wis-tns.org/object/2026zan,,,,,,,
AT2026yxv,SIDEREAL,34.7915033,30.7239479,2000.0,c92d2134-a2b1-4e4b-81f8-08832b02fa3e,63.94,Unclassified,electromagnetic,https://jackmcguireastro.github.io/ctas.html?event=c92d2134-a2b1-4e4b-81f8-08832b02fa3e#dossier,https://www.wis-tns.org/object/2026yxv,,,,,,,
AT2026zap,SIDEREAL,26.098101,43.725828,2000.0,f65291a9-7d44-4a18-9ec7-8ad29835f2f6,56.67,Unclassified,electromagnetic,https://jackmcguireastro.github.io/ctas.html?event=f65291a9-7d44-4a18-9ec7-8ad29835f2f6#dossier,https://www.wis-tns.org/object/2026zap,,,,,,,
AT2026zak,SIDEREAL,12.0232801426,-25.4559989274,2000.0,fc092d6c-5602-411d-9446-e4adb8cba7c2,55.68,Unclassified,electromagnetic,https://jackmcguireastro.github.io/ctas.html?event=fc092d6c-5602-411d-9446-e4adb8cba7c2#dossier,https://www.wis-tns.org/object/2026zak,,,,,,,
AT2026yix,SIDEREAL,244.621617083,7.53869218615,2000.0,15644dca-16ef-4fac-841e-e5ab1392bee5,56.04,Unclassified,electromagnetic,https://jackmcguireastro.github.io/ctas.html?event=15644dca-16ef-4fac-841e-e5ab1392bee5#dossier,https://www.wis-tns.org/object/2026yix,,,,,,,
AT2026zah,SIDEREAL,314.020731,4.036745,2000.0,dffaa0bf-ecc5-4b4a-8194-d9d7c7ad6ebc,66.74,Unclassified,electromagnetic,https://jackmcguireastro.github.io/ctas.html?event=dffaa0bf-ecc5-4b4a-8194-d9d7c7ad6ebc#dossier,https://www.wis-tns.org/object/2026zah,,,,,,,
AT2026zai,SIDEREAL,321.628092,13.459534,2000.0,114d4abf-c0f1-4e93-93e6-f44df85892bb,56.07,Unclassified,electromagnetic,https://jackmcguireastro.github.io/ctas.html?event=114d4abf-c0f1-4e93-93e6-f44df85892bb#dossier,https://www.wis-tns.org/object/2026zai,,,,,,,
AT2026zae,SIDEREAL,62.390803,-48.514704,2000.0,83624112-86ca-4d10-9644-f10f4eb92211,54.0,Unclassified,electromagnetic,https://jackmcguireastro.github.io/ctas.html?event=83624112-86ca-4d10-9644-f10f4eb92211#dossier,https://www.wis-tns.org/object/2026zae,,,,,,,
AT2026zaf,SIDEREAL,10.3193654971,-3.9181602158,2000.0,bb2794c3-812a-4d64-8da6-412307e36dfe,55.98,Unclassified,electromagnetic,https://jackmcguireastro.github.io/ctas.html?event=bb2794c3-812a-4d64-8da6-412307e36dfe#dossier,https://www.wis-tns.org/object/2026zaf,,,,,,,
Chime-1173824418,SIDEREAL,47.43326,23.9920503,2000.0,2ab4d4f2-d12f-4ff5-abcf-f20cef1410ac,70.0,high-importance,radio,https://jackmcguireastro.github.io/ctas.html?event=2ab4d4f2-d12f-4ff5-abcf-f20cef1410ac#dossier,,1173824418,,,,,,
AT2026zab,SIDEREAL,357.3734075,26.2195114,2000.0,e5de1744-4158-4d48-85bb-3c7750c368a8,56.65,Unclassified,electromagnetic,https://jackmcguireastro.github.io/ctas.html?event=e5de1744-4158-4d48-85bb-3c7750c368a8#dossier,https://www.wis-tns.org/object/2026zab,,,,,,,
AT2026zac,SIDEREAL,318.230106,12.13406,2000.0,4d489350-cce1-4019-b822-a74d91744588,67.57,Unclassified,electromagnetic,https://jackmcguireastro.github.io/ctas.html?event=4d489350-cce1-4019-b822-a74d91744588#dossier,https://www.wis-tns.org/object/2026zac,,,,,,,
SN2026xql,SIDEREAL,355.4733092,-16.6046742,2000.0,dcda025a-e952-4fd4-9ee8-ed0f54edc508,46.92,SN Ia,electromagnetic,https://jackmcguireastro.github.io/ctas.html?event=dcda025a-e952-4fd4-9ee8-ed0f54edc508#dossier,https://www.wis-tns.org/object/2026xql,,,,,,,
AT2026yzz,SIDEREAL,269.7091013,41.9575455,2000.0,e17fbd1e-7e87-4163-a20a-966df5e31053,57.5,Unclassified,electromagnetic,https://jackmcguireastro.github.io/ctas.html?event=e17fbd1e-7e87-4163-a20a-966df5e31053#dossier,https://www.wis-tns.org/object/2026yzz,,,,,,,
SN2026wex,SIDEREAL,112.26406,-66.89369625,2000.0,a4a5d12a-d8e8-480b-a7b3-19f63ab2123e,48.8,SN Ia,electromagnetic,https://jackmcguireastro.github.io/ctas.html?event=a4a5d12a-d8e8-480b-a7b3-19f63ab2123e#dossier,https://www.wis-tns.org/object/2026wex,,,,,,,
AT2026yzr,SIDEREAL,216.432126,33.757613,2000.0,f242e9ff-209a-4fb9-a050-85d80c5cae42,56.54,Unclassified,electromagnetic,https://jackmcguireastro.github.io/ctas.html?event=f242e9ff-209a-4fb9-a050-85d80c5cae42#dossier,https://www.wis-tns.org/object/2026yzr,,,,,,,
AT2026yzs,SIDEREAL,271.9698488,36.8406877,2000.0,d93086ac-b403-4145-b58a-fd0a40969ea4,55.46,Unclassified,electromagnetic,https://jackmcguireastro.github.io/ctas.html?event=d93086ac-b403-4145-b58a-fd0a40969ea4#dossier,https://www.wis-tns.org/object/2026yzs,,,,,,,
AT2026yxb,SIDEREAL,265.5248852,65.6554018,2000.0,fda9f25c-9ccc-44ff-b363-fb81db5f1132,65.51,Unclassified,electromagnetic,https://jackmcguireastro.github.io/ctas.html?event=fda9f25c-9ccc-44ff-b363-fb81db5f1132#dossier,https://www.wis-tns.org/object/2026yxb,,,,,,,
AT2026yzu,SIDEREAL,217.1613399,-3.3296792,2000.0,8b698a83-c170-4aec-850e-e0d80791dde7,72.63,Unclassified,electromagnetic,https://jackmcguireastro.github.io/ctas.html?event=8b698a83-c170-4aec-850e-e0d80791dde7#dossier,https://www.wis-tns.org/object/2026yzu,,,,,,,
AT2026yzv,SIDEREAL,219.9123143,14.714601,2000.0,63c41adc-fe39-4285-9aab-32b1f6a2b5d4,55.76,Unclassified,electromagnetic,https://jackmcguireastro.github.io/ctas.html?event=63c41adc-fe39-4285-9aab-32b1f6a2b5d4#dossier,https://www.wis-tns.org/object/2026yzv,,,,,,,
AT2026yzw,SIDEREAL,218.401003,1.3063864,2000.0,eb73cf9c-61c4-493c-a33d-9d1a5e110be7,74.1,Unclassified,electromagnetic,https://jackmcguireastro.github.io/ctas.html?event=eb73cf9c-61c4-493c-a33d-9d1a5e110be7#dossier,https://www.wis-tns.org/object/2026yzw,,,,,,,
AT2026yzx,SIDEREAL,183.9628946,39.075917,2000.0,c600e4ba-a492-4de7-8676-369980faee74,72.36,Unclassified,electromagnetic,https://jackmcguireastro.github.io/ctas.html?event=c600e4ba-a492-4de7-8676-369980faee74#dossier,https://www.wis-tns.org/object/2026yzx,,,,,,,
AT2026wyh,SIDEREAL,186.3452249,31.825016,2000.0,beaf9954-d231-4ceb-9d63-2e8772ab465a,60.81,Unclassified,electromagnetic,https://jackmcguireastro.github.io/ctas.html?event=beaf9954-d231-4ceb-9d63-2e8772ab465a#dossier,https://www.wis-tns.org/object/2026wyh,,,,,,,
AT2026yzy,SIDEREAL,41.4800711111,33.2597333333,2000.0,d8a9a13b-674a-4df0-aa5d-a2dc845178ef,80.58,Unclassified,electromagnetic,https://jackmcguireastro.github.io/ctas.html?event=d8a9a13b-674a-4df0-aa5d-a2dc845178ef#dossier,https://www.wis-tns.org/object/2026yzy,,,,,,,
AT2026yzp,SIDEREAL,17.489591598511,1.9047086238861,2000.0,8691f7b8-4e77-450d-8bd8-d09860ff41a9,79.8,Unclassified,electromagnetic,https://jackmcguireastro.github.io/ctas.html?event=8691f7b8-4e77-450d-8bd8-d09860ff41a9#dossier,https://www.wis-tns.org/object/2026yzp,,,,,,,
AT2026yzq,SIDEREAL,270.22424316406,37.769981384277,2000.0,e4691c21-e5e5-4220-a857-a70d0cf808a8,78.03,Unclassified,electromagnetic,https://jackmcguireastro.github.io/ctas.html?event=e4691c21-e5e5-4220-a857-a70d0cf808a8#dossier,https://www.wis-tns.org/object/2026yzq,,,,,,,
SN2026web,SIDEREAL,250.358638971,3.97389846944,2000.0,66ef24df-a989-4639-b5fa-435507704e42,43.43,SN Ia,electromagnetic,https://jackmcguireastro.github.io/ctas.html?event=66ef24df-a989-4639-b5fa-435507704e42#dossier,https://www.wis-tns.org/object/2026web,AT2026web,,,,,,
Chime-1173778379,SIDEREAL,268.4298778,32.8107078,2000.0,070a50bd-bcea-49dd-8152-806e69649bdf,70.0,high-importance,radio,https://jackmcguireastro.github.io/ctas.html?event=070a50bd-bcea-49dd-8152-806e69649bdf#dossier,,1173778379,,,,,,
SN2026mkd,SIDEREAL,356.109672085,5.65808170431,2000.0,b616aaa6-6b94-4653-9855-ace8889769bf,46.54,SN Ib,electromagnetic,https://jackmcguireastro.github.io/ctas.html?event=b616aaa6-6b94-4653-9855-ace8889769bf#dossier,https://www.wis-tns.org/object/2026mkd,,,,,,,
AT2026yzn,SIDEREAL,322.837403352,-6.43859383608,2000.0,022378d8-678c-4806-b663-1b8935274a66,67.49,Unclassified,electromagnetic,https://jackmcguireastro.github.io/ctas.html?event=022378d8-678c-4806-b663-1b8935274a66#dossier,https://www.wis-tns.org/object/2026yzn,,,,,,,
AT2026yoy,SIDEREAL,348.026964925,-1.15350689775,2000.0,0896393b-1d6e-47b1-840a-dcc424067833,52.52,Unclassified,electromagnetic,https://jackmcguireastro.github.io/ctas.html?event=0896393b-1d6e-47b1-840a-dcc424067833#dossier,https://www.wis-tns.org/object/2026yoy,,,,,,,
AT2026yzo,SIDEREAL,24.8527525215,-9.4016743983,2000.0,cd8f8252-9d3f-4122-838f-1a2a5849c56d,61.25,Unclassified,electromagnetic,https://jackmcguireastro.github.io/ctas.html?event=cd8f8252-9d3f-4122-838f-1a2a5849c56d#dossier,https://www.wis-tns.org/object/2026yzo,,,,,,,
AT2026byy,SIDEREAL,11.5584930828,-20.9484008117,2000.0,504f862e-f3f6-4e78-849c-0382640db399,59.69,Unclassified,electromagnetic,https://jackmcguireastro.github.io/ctas.html?event=504f862e-f3f6-4e78-849c-0382640db399#dossier,https://www.wis-tns.org/object/2026byy,,,,,,,
SN2026nwg,SIDEREAL,14.6964505882,-20.8407739513,2000.0,4b3a3d85-05a5-472e-8a3f-425ce2ffafec,51.1,SN II,electromagnetic,https://jackmcguireastro.github.io/ctas.html?event=4b3a3d85-05a5-472e-8a3f-425ce2ffafec#dossier,https://www.wis-tns.org/object/2026nwg,,,,,,,
AT2026yol,SIDEREAL,15.6948408169,0.662262205026,2000.0,3c7f87d9-17ce-40d0-acfd-f3f8576adab2,56.3,Unclassified,electromagnetic,https://jackmcguireastro.github.io/ctas.html?event=3c7f87d9-17ce-40d0-acfd-f3f8576adab2#dossier,https://www.wis-tns.org/object/2026yol,,,,,,,
AT2026vtq,SIDEREAL,279.985725846,36.9282103229,2000.0,107a40aa-d553-4c30-a70f-1b81247c74bb,53.55,Unclassified,electromagnetic,https://jackmcguireastro.github.io/ctas.html?event=107a40aa-d553-4c30-a70f-1b81247c74bb#dossier,https://www.wis-tns.org/object/2026vtq,,,,,,,
AT2026ytz,SIDEREAL,41.9157696153,19.1352268786,2000.0,486bdbf4-ff64-4cbd-8f2d-4c6894c38cd5,55.9,Unclassified,electromagnetic,https://jackmcguireastro.github.io/ctas.html?event=486bdbf4-ff64-4cbd-8f2d-4c6894c38cd5#dossier,https://www.wis-tns.org/object/2026ytz,,,,,,,
AT2026wte,SIDEREAL,260.046187898,-1.8385150109,2000.0,74edc4c5-2d75-44cc-84fa-640c3daf3fcf,56.72,Unclassified,electromagnetic,https://jackmcguireastro.github.io/ctas.html?event=74edc4c5-2d75-44cc-84fa-640c3daf3fcf#dossier,https://www.wis-tns.org/object/2026wte,,,,,,,
AT2026wow,SIDEREAL,277.135218479,42.9580126332,2000.0,5aa81bb5-9eec-42fa-918a-84e2d0568ee5,54.63,Unclassified,electromagnetic,https://jackmcguireastro.github.io/ctas.html?event=5aa81bb5-9eec-42fa-918a-84e2d0568ee5#dossier,https://www.wis-tns.org/object/2026wow,,,,,,,
AT2026you,SIDEREAL,13.1171727406,16.9230876359,2000.0,1cb1c42c-f62c-4f35-8a82-0e71d76e329a,56.42,Unclassified,electromagnetic,https://jackmcguireastro.github.io/ctas.html?event=1cb1c42c-f62c-4f35-8a82-0e71d76e329a#dossier,https://www.wis-tns.org/object/2026you,,,,,,,
AT2026wet,SIDEREAL,62.186530919,15.5149075511,2000.0,f19c1e33-acdd-4356-a1fe-1f7d060cd083,56.16,Unclassified,electromagnetic,https://jackmcguireastro.github.io/ctas.html?event=f19c1e33-acdd-4356-a1fe-1f7d060cd083#dossier,https://www.wis-tns.org/object/2026wet,,,,,,,
AT2026wew,SIDEREAL,25.6992000073,-6.45295703582,2000.0,79a28cfa-139e-493e-a8e2-49d5aab42834,57.16,Unclassified,electromagnetic,https://jackmcguireastro.github.io/ctas.html?event=79a28cfa-139e-493e-a8e2-49d5aab42834#dossier,https://www.wis-tns.org/object/2026wew,,,,,,,
AT2026yie,SIDEREAL,66.0306088629,20.9208384879,2000.0,7599b537-345a-4bc4-bba0-552577029133,56.59,Unclassified,electromagnetic,https://jackmcguireastro.github.io/ctas.html?event=7599b537-345a-4bc4-bba0-552577029133#dossier,https://www.wis-tns.org/object/2026yie,,,,,,,
AT2026yzh,SIDEREAL,250.49741347638,1.5040280922118,2000.0,6341f540-eb98-4738-b105-a7a52d2ec7c9,55.71,Unclassified,electromagnetic,https://jackmcguireastro.github.io/ctas.html?event=6341f540-eb98-4738-b105-a7a52d2ec7c9#dossier,https://www.wis-tns.org/object/2026yzh,,,,,,,
AT2026yzk,SIDEREAL,324.13423457446,-0.34616056746809,2000.0,4d02a4a7-35dc-46e4-b69b-0fc25f614aff,75.22,Unclassified,electromagnetic,https://jackmcguireastro.github.io/ctas.html?event=4d02a4a7-35dc-46e4-b69b-0fc25f614aff#dossier,https://www.wis-tns.org/object/2026yzk,,,,,,,
AT2026yzl,SIDEREAL,269.710488,20.380688,2000.0,f0e0a19d-2098-46c8-b24d-aa6e651bafd3,56.3,Unclassified,electromagnetic,https://jackmcguireastro.github.io/ctas.html?event=f0e0a19d-2098-46c8-b24d-aa6e651bafd3#dossier,https://www.wis-tns.org/object/2026yzl,,,,,,,
Einstein Probe-01709281429,SIDEREAL,3.717,-60.056,2000.0,f63a94a8-ca8f-45ac-b6d5-7b50f620eb47,81.93,Unclassified,x-ray,https://jackmcguireastro.github.io/ctas.html?event=f63a94a8-ca8f-45ac-b6d5-7b50f620eb47#dossier,,01709281429,,,,,,
SN2026wtf,SIDEREAL,17.074384705556,-10.555444533333,2000.0,8525310c-8624-4d3f-b891-ea90faa0f340,45.9,SN Ia,electromagnetic,https://jackmcguireastro.github.io/ctas.html?event=8525310c-8624-4d3f-b891-ea90faa0f340#dossier,https://www.wis-tns.org/object/2026wtf,AT2026wtf,,,,,,
SN2026xla,SIDEREAL,25.643167995,-2.823632575,2000.0,7e30ff62-5093-452b-b158-2f656eea80d6,46.76,SN Ia,electromagnetic,https://jackmcguireastro.github.io/ctas.html?event=7e30ff62-5093-452b-b158-2f656eea80d6#dossier,https://www.wis-tns.org/object/2026xla,AT2026xla,,,,,,
SN2026xqs,SIDEREAL,17.733931541176,5.2960988588235,2000.0,97618375-83c2-47d8-bcb6-f246f783d759,44.96,SN Ia,electromagnetic,https://jackmcguireastro.github.io/ctas.html?event=97618375-83c2-47d8-bcb6-f246f783d759#dossier,https://www.wis-tns.org/object/2026xqs,,,,,,,
SN2026xrg,SIDEREAL,31.448572784615,-5.2886666923077,2000.0,6030a4da-fb79-4dea-8fc6-f99f356088db,47.88,SN Ia,electromagnetic,https://jackmcguireastro.github.io/ctas.html?event=6030a4da-fb79-4dea-8fc6-f99f356088db#dossier,https://www.wis-tns.org/object/2026xrg,AT2026xrg,,,,,,
Chime-1173743233,SIDEREAL,290.3052076,85.9064794,2000.0,b03659f2-4377-46d8-b1db-245447b53fef,70.0,high-importance,radio,https://jackmcguireastro.github.io/ctas.html?event=b03659f2-4377-46d8-b1db-245447b53fef#dossier,,1173743233,,,,,,
AT2025amzu,SIDEREAL,61.976008,-47.738266,2000.0,32a28088-6ba8-4850-b2bc-74e115f30040,54.0,Unclassified,electromagnetic,https://jackmcguireastro.github.io/ctas.html?event=32a28088-6ba8-4850-b2bc-74e115f30040#dossier,https://www.wis-tns.org/object/2025amzu,,,,,,,
AT2026yys,SIDEREAL,86.5628749,50.2588413,2000.0,76a2ab76-ad7d-47f1-bcd3-a4ad99b96fb3,55.69,Unclassified,electromagnetic,https://jackmcguireastro.github.io/ctas.html?event=76a2ab76-ad7d-47f1-bcd3-a4ad99b96fb3#dossier,https://www.wis-tns.org/object/2026yys,,,,,,,
AT2026yyu,SIDEREAL,79.0660483,3.3229569,2000.0,3a19adb9-8efa-4fa3-9ba1-a122262dec06,63.28,Unclassified,electromagnetic,https://jackmcguireastro.github.io/ctas.html?event=3a19adb9-8efa-4fa3-9ba1-a122262dec06#dossier,https://www.wis-tns.org/object/2026yyu,,,,,,,
AT2026yyv,SIDEREAL,45.5198635,15.4685725,2000.0,5a47700f-b0e8-493c-88bb-b009126078bb,55.63,Unclassified,electromagnetic,https://jackmcguireastro.github.io/ctas.html?event=5a47700f-b0e8-493c-88bb-b009126078bb#dossier,https://www.wis-tns.org/object/2026yyv,,,,,,,
AT2026yyw,SIDEREAL,9.0529809,11.2687648,2000.0,63939eb4-f78f-4b0d-b98a-d18f7dbd920e,54.0,Unclassified,electromagnetic,https://jackmcguireastro.github.io/ctas.html?event=63939eb4-f78f-4b0d-b98a-d18f7dbd920e#dossier,https://www.wis-tns.org/object/2026yyw,,,,,,,
AT2026yyx,SIDEREAL,11.4262522,-7.7935871,2000.0,820f097e-85d8-4c5e-ba10-bdd3f290c7c0,54.8,Unclassified,electromagnetic,https://jackmcguireastro.github.io/ctas.html?event=820f097e-85d8-4c5e-ba10-bdd3f290c7c0#dossier,https://www.wis-tns.org/object/2026yyx,,,,,,,
AT2026yyy,SIDEREAL,359.3173382,-5.1964027,2000.0,1b47afeb-73cb-45d8-b292-b744ae39aeb1,56.46,Unclassified,electromagnetic,https://jackmcguireastro.github.io/ctas.html?event=1b47afeb-73cb-45d8-b292-b744ae39aeb1#dossier,https://www.wis-tns.org/object/2026yyy,,,,,,,
AT2026yyz,SIDEREAL,341.28506,-10.0003528,2000.0,27951bc1-82b9-4ae9-ab80-623aafa81523,54.8,Unclassified,electromagnetic,https://jackmcguireastro.github.io/ctas.html?event=27951bc1-82b9-4ae9-ab80-623aafa81523#dossier,https://www.wis-tns.org/object/2026yyz,,,,,,,
AT2026yza,SIDEREAL,343.8689871,-24.6818132,2000.0,c259938e-1f4f-4c91-b6d9-2f3206484bb1,55.44,Unclassified,electromagnetic,https://jackmcguireastro.github.io/ctas.html?event=c259938e-1f4f-4c91-b6d9-2f3206484bb1#dossier,https://www.wis-tns.org/object/2026yza,,,,,,,
AT2026yun,SIDEREAL,351.2088104,15.4328846,2000.0,d7ec4e6a-ab5d-4f40-9efa-ceecb2bc4d43,56.6,Unclassified,electromagnetic,https://jackmcguireastro.github.io/ctas.html?event=d7ec4e6a-ab5d-4f40-9efa-ceecb2bc4d43#dossier,https://www.wis-tns.org/object/2026yun,,,,,,,
AT2026yzb,SIDEREAL,354.8193511,-13.3863456,2000.0,fa3e7714-badf-4742-8973-9db5031da0ca,55.76,Unclassified,electromagnetic,https://jackmcguireastro.github.io/ctas.html?event=fa3e7714-badf-4742-8973-9db5031da0ca#dossier,https://www.wis-tns.org/object/2026yzb,,,,,,,
AT2026yzc,SIDEREAL,333.1213359,2.9668221,2000.0,3bf2673a-cca8-4d0c-ab0a-860d0e9966a1,53.97,Unclassified,electromagnetic,https://jackmcguireastro.github.io/ctas.html?event=3bf2673a-cca8-4d0c-ab0a-860d0e9966a1#dossier,https://www.wis-tns.org/object/2026yzc,,,,,,,
AT2026yzd,SIDEREAL,333.0312382,-3.7901015,2000.0,a706e97d-a31d-49a1-8c9a-5343428610ac,54.79,Unclassified,electromagnetic,https://jackmcguireastro.github.io/ctas.html?event=a706e97d-a31d-49a1-8c9a-5343428610ac#dossier,https://www.wis-tns.org/object/2026yzd,,,,,,,
AT2026yze,SIDEREAL,310.451308,-17.825079,2000.0,304253c5-e97f-4245-8ff4-8278bee46091,54.98,Unclassified,electromagnetic,https://jackmcguireastro.github.io/ctas.html?event=304253c5-e97f-4245-8ff4-8278bee46091#dossier,https://www.wis-tns.org/object/2026yze,,,,,,,
AT2026yzf,SIDEREAL,319.7360199,-12.843843,2000.0,a793a66d-8850-4be7-8fd8-72eb3ec00c0a,55.75,Unclassified,electromagnetic,https://jackmcguireastro.github.io/ctas.html?event=a793a66d-8850-4be7-8fd8-72eb3ec00c0a#dossier,https://www.wis-tns.org/object/2026yzf,,,,,,,
SN2026pyl,SIDEREAL,284.452551063,56.5371481376,2000.0,a8bafbad-e86d-4007-8390-334ac4f3678d,45.32,SN Ia,electromagnetic,https://jackmcguireastro.github.io/ctas.html?event=a8bafbad-e86d-4007-8390-334ac4f3678d#dossier,https://www.wis-tns.org/object/2026pyl,,,,,,,
AT2026yxf,SIDEREAL,38.798459,31.5308851,2000.0,018e9bc5-7512-4654-b622-21512152c35f,58.97,Unclassified,electromagnetic,https://jackmcguireastro.github.io/ctas.html?event=018e9bc5-7512-4654-b622-21512152c35f#dossier,https://www.wis-tns.org/object/2026yxf,,,,,,,
AT2026yxj,SIDEREAL,15.234491,39.3274807,2000.0,0d0ae301-30ce-44b7-adf3-d3a8152c3951,58.07,Unclassified,electromagnetic,https://jackmcguireastro.github.io/ctas.html?event=0d0ae301-30ce-44b7-adf3-d3a8152c3951#dossier,https://www.wis-tns.org/object/2026yxj,,,,,,,
AT2026yxz,SIDEREAL,22.311083,4.936706,2000.0,81a46edf-b485-4a0b-92b3-45745c37f8d8,52.75,Unclassified,electromagnetic,https://jackmcguireastro.github.io/ctas.html?event=81a46edf-b485-4a0b-92b3-45745c37f8d8#dossier,https://www.wis-tns.org/object/2026yxz,,,,,,,
AT2026yya,SIDEREAL,36.828083,5.962661,2000.0,34c883a1-318a-4f1a-8e32-0db231ea809b,54.12,Unclassified,electromagnetic,https://jackmcguireastro.github.io/ctas.html?event=34c883a1-318a-4f1a-8e32-0db231ea809b#dossier,https://www.wis-tns.org/object/2026yya,,,,,,,
AT2026yyb,SIDEREAL,34.319625,-0.609181,2000.0,18b88dd7-e9aa-4ab8-ba69-62952cf68034,56.42,Unclassified,electromagnetic,https://jackmcguireastro.github.io/ctas.html?event=18b88dd7-e9aa-4ab8-ba69-62952cf68034#dossier,https://www.wis-tns.org/object/2026yyb,,,,,,,
AT2026yyc,SIDEREAL,359.750542,5.0384,2000.0,862de785-9486-4968-9914-b3e0de2b4bbc,51.67,Unclassified,electromagnetic,https://jackmcguireastro.github.io/ctas.html?event=862de785-9486-4968-9914-b3e0de2b4bbc#dossier,https://www.wis-tns.org/object/2026yyc,,,,,,,
AT2026yyd,SIDEREAL,358.588958,2.832281,2000.0,ef44b523-1543-4b48-84b3-f01da0b96f28,49.75,Unclassified,electromagnetic,https://jackmcguireastro.github.io/ctas.html?event=ef44b523-1543-4b48-84b3-f01da0b96f28#dossier,https://www.wis-tns.org/object/2026yyd,,,,,,,
AT2026yye,SIDEREAL,208.434333,-1.249156,2000.0,ef8c7af1-82a9-4333-9692-28d35a18fc07,54.03,Unclassified,electromagnetic,https://jackmcguireastro.github.io/ctas.html?event=ef8c7af1-82a9-4333-9692-28d35a18fc07#dossier,https://www.wis-tns.org/object/2026yye,,,,,,,
AT2026yyf,SIDEREAL,16.71175,0.188675,2000.0,fc211db8-7aea-4c0e-9ddb-4f47e16cad44,53.77,Unclassified,electromagnetic,https://jackmcguireastro.github.io/ctas.html?event=fc211db8-7aea-4c0e-9ddb-4f47e16cad44#dossier,https://www.wis-tns.org/object/2026yyf,,,,,,,
AT2026yyg,SIDEREAL,355.85775,4.358219,2000.0,1d6cc007-8e34-4a48-87e7-0e94ce95c069,54.6,Unclassified,electromagnetic,https://jackmcguireastro.github.io/ctas.html?event=1d6cc007-8e34-4a48-87e7-0e94ce95c069#dossier,https://www.wis-tns.org/object/2026yyg,,,,,,,
AT2026yyh,SIDEREAL,3.918167,3.281594,2000.0,8c224c82-ce69-4aff-9e78-a67a716ba5e9,53.57,Unclassified,electromagnetic,https://jackmcguireastro.github.io/ctas.html?event=8c224c82-ce69-4aff-9e78-a67a716ba5e9#dossier,https://www.wis-tns.org/object/2026yyh,,,,,,,
AT2026yyi,SIDEREAL,344.121625,5.642869,2000.0,f8edae66-84a9-4402-a71b-f345e4926efe,50.02,Unclassified,electromagnetic,https://jackmcguireastro.github.io/ctas.html?event=f8edae66-84a9-4402-a71b-f345e4926efe#dossier,https://www.wis-tns.org/object/2026yyi,,,,,,,
AT2026yyj,SIDEREAL,2.215875,5.397633,2000.0,195345f1-6ce0-490e-9534-5b73f6019fbf,50.78,Unclassified,electromagnetic,https://jackmcguireastro.github.io/ctas.html?event=195345f1-6ce0-490e-9534-5b73f6019fbf#dossier,https://www.wis-tns.org/object/2026yyj,,,,,,,
AT2026yyk,SIDEREAL,353.047042,2.378658,2000.0,af725a97-6ce3-4784-a4df-74916839ecb9,51.12,Unclassified,electromagnetic,https://jackmcguireastro.github.io/ctas.html?event=af725a97-6ce3-4784-a4df-74916839ecb9#dossier,https://www.wis-tns.org/object/2026yyk,,,,,,,
AT2026yyl,SIDEREAL,17.644,-0.951178,2000.0,a732e759-05e5-4276-8813-c2bd3f136781,51.62,Unclassified,electromagnetic,https://jackmcguireastro.github.io/ctas.html?event=a732e759-05e5-4276-8813-c2bd3f136781#dossier,https://www.wis-tns.org/object/2026yyl,,,,,,,
AT2026yym,SIDEREAL,36.58925,1.273492,2000.0,52195291-91d4-432a-aaa7-622b962e07d7,52.32,Unclassified,electromagnetic,https://jackmcguireastro.github.io/ctas.html?event=52195291-91d4-432a-aaa7-622b962e07d7#dossier,https://www.wis-tns.org/object/2026yym,,,,,,,
AT2026yyn,SIDEREAL,33.151417,3.47385,2000.0,5a0bfe8e-6af3-4561-9eea-5880b7761bb3,51.2,Unclassified,electromagnetic,https://jackmcguireastro.github.io/ctas.html?event=5a0bfe8e-6af3-4561-9eea-5880b7761bb3#dossier,https://www.wis-tns.org/object/2026yyn,,,,,,,
AT2026yyo,SIDEREAL,36.405875,0.556567,2000.0,f899b706-d119-4be7-924c-88fbe3d0b5fe,52.2,Unclassified,electromagnetic,https://jackmcguireastro.github.io/ctas.html?event=f899b706-d119-4be7-924c-88fbe3d0b5fe#dossier,https://www.wis-tns.org/object/2026yyo,,,,,,,
AT2026yyp,SIDEREAL,347.6485,2.465267,2000.0,e9983179-ec5e-44ec-864e-7cf17554fe91,52.35,Unclassified,electromagnetic,https://jackmcguireastro.github.io/ctas.html?event=e9983179-ec5e-44ec-864e-7cf17554fe91#dossier,https://www.wis-tns.org/object/2026yyp,,,,,,,
AT2026yyq,SIDEREAL,33.232125,2.328417,2000.0,3715d2d4-44cf-434c-a31f-f8dbaf01542a,50.05,Unclassified,electromagnetic,https://jackmcguireastro.github.io/ctas.html?event=3715d2d4-44cf-434c-a31f-f8dbaf01542a#dossier,https://www.wis-tns.org/object/2026yyq,,,,,,,
AT2026yyr,SIDEREAL,345.326208,36.174747,2000.0,7c300eb2-ac8c-4b50-a6b7-857d807b7401,56.3,Unclassified,electromagnetic,https://jackmcguireastro.github.io/ctas.html?event=7c300eb2-ac8c-4b50-a6b7-857d807b7401#dossier,https://www.wis-tns.org/object/2026yyr,,,,,,,
Chime-1173711527,SIDEREAL,26.2653279,71.0337633,2000.0,c9dcd077-6677-4126-90a3-d2ca9d51a9be,70.0,high-importance,radio,https://jackmcguireastro.github.io/ctas.html?event=c9dcd077-6677-4126-90a3-d2ca9d51a9be#dossier,,1173711527,,,,,,
SN2026xks,SIDEREAL,359.457118549,-17.5625588782,2000.0,09fd05ec-3035-4e4d-8d67-da3a0a331831,45.19,SN Ia,electromagnetic,https://jackmcguireastro.github.io/ctas.html?event=09fd05ec-3035-4e4d-8d67-da3a0a331831#dossier,https://www.wis-tns.org/object/2026xks,AT2026xks,,,,,,
Chime-1173708661,SIDEREAL,15.887543,4.9999779,2000.0,130a518a-5c15-4a09-b61b-f4cc3180de0f,70.0,high-importance,radio,https://jackmcguireastro.github.io/ctas.html?event=130a518a-5c15-4a09-b61b-f4cc3180de0f#dossier,,1173708661,,,,,,
Chime-1173532761,SIDEREAL,222.8649192,84.538131,2000.0,2aacce1e-b050-4560-a39f-970f73e6a23e,0.0,high-importance,radio,https://jackmcguireastro.github.io/ctas.html?event=2aacce1e-b050-4560-a39f-970f73e6a23e#dossier,,1173532761,,,,,,
SN2026yum,SIDEREAL,6.3630002,20.2349754,2000.0,7a331932-76de-4194-8a3d-5936ff7a2c0f,54.45,SN II,electromagnetic,https://jackmcguireastro.github.io/ctas.html?event=7a331932-76de-4194-8a3d-5936ff7a2c0f#dossier,https://www.wis-tns.org/object/2026yum,AT2026yum,ATLAS26jxg,GOTO26iei,,,,
SN2026yiz,SIDEREAL,60.8722761,26.3628248,2000.0,b72e3028-1197-4db5-a593-1cff3e6328cc,48.75,SN Ia,electromagnetic,https://jackmcguireastro.github.io/ctas.html?event=b72e3028-1197-4db5-a593-1cff3e6328cc#dossier,https://www.wis-tns.org/object/2026yiz,AT2026yiz,,,,,,
AT2026yxx,SIDEREAL,330.3996043,-0.8430812,2000.0,c394b8a6-37fb-4eb3-b6ec-2c7897e6fd9c,56.73,Unclassified,electromagnetic,https://jackmcguireastro.github.io/ctas.html?event=c394b8a6-37fb-4eb3-b6ec-2c7897e6fd9c#dossier,https://www.wis-tns.org/object/2026yxx,,,,,,,
AT2026yxy,SIDEREAL,75.554804,13.184561,2000.0,7ff3578f-7cfd-416d-9213-351dd3877974,59.37,Unclassified,electromagnetic,https://jackmcguireastro.github.io/ctas.html?event=7ff3578f-7cfd-416d-9213-351dd3877974#dossier,https://www.wis-tns.org/object/2026yxy,,,,,,,
SN2026xzt,SIDEREAL,331.690390054,25.9074833711,2000.0,8e3b5885-0c10-47f4-8201-c5f59a5224c5,44.96,SN Ia,electromagnetic,https://jackmcguireastro.github.io/ctas.html?event=8e3b5885-0c10-47f4-8201-c5f59a5224c5#dossier,https://www.wis-tns.org/object/2026xzt,AT2026xzt,,,,,,
AT2026yxw,SIDEREAL,243.541724545,-14.1445990909,2000.0,58670ee2-d0a4-451f-b42e-871ab0c31f2a,62.7,Unclassified,electromagnetic,https://jackmcguireastro.github.io/ctas.html?event=58670ee2-d0a4-451f-b42e-871ab0c31f2a#dossier,https://www.wis-tns.org/object/2026yxw,,,,,,,
AT2026yww,SIDEREAL,299.511825,77.1419707,2000.0,fad3ab6c-17a0-4945-a7a2-9699803d53f2,67.1,Unclassified,electromagnetic,https://jackmcguireastro.github.io/ctas.html?event=fad3ab6c-17a0-4945-a7a2-9699803d53f2#dossier,https://www.wis-tns.org/object/2026yww,,,,,,,
AT2026ywg,SIDEREAL,286.5821094,32.9321612,2000.0,dc2ea81e-0960-4a51-b85e-f26d52f1da4f,66.65,Unclassified,electromagnetic,https://jackmcguireastro.github.io/ctas.html?event=dc2ea81e-0960-4a51-b85e-f26d52f1da4f#dossier,https://www.wis-tns.org/object/2026ywg,,,,,,,
AT2026yxi,SIDEREAL,278.4498232,33.6992937,2000.0,25fb865f-600d-4fa4-b255-950eda25882b,66.64,Unclassified,electromagnetic,https://jackmcguireastro.github.io/ctas.html?event=25fb865f-600d-4fa4-b255-950eda25882b#dossier,https://www.wis-tns.org/object/2026yxi,,,,,,,
AT2026yxt,SIDEREAL,223.187413,53.5910638,2000.0,ffa87d63-d677-4bee-a1d5-de4cfe6d01fa,54.35,Unclassified,electromagnetic,https://jackmcguireastro.github.io/ctas.html?event=ffa87d63-d677-4bee-a1d5-de4cfe6d01fa#dossier,https://www.wis-tns.org/object/2026yxt,,,,,,,
AT2026yxu,SIDEREAL,198.4350742,6.9911317,2000.0,40f30e73-5893-43ba-86f0-e6f2a1b0bfeb,57.18,Unclassified,electromagnetic,https://jackmcguireastro.github.io/ctas.html?event=40f30e73-5893-43ba-86f0-e6f2a1b0bfeb#dossier,https://www.wis-tns.org/object/2026yxu,,,,,,,
SN2026xzu,SIDEREAL,232.56925,37.565011,2000.0,02045383-8185-4896-af18-1bbe1b330d66,47.33,SN Ia,electromagnetic,https://jackmcguireastro.github.io/ctas.html?event=02045383-8185-4896-af18-1bbe1b330d66#dossier,https://www.wis-tns.org/object/2026xzu,,,,,,,
Einstein Probe-01709280562,SIDEREAL,10.59,-54.731,2000.0,1d7ae2a2-0b95-46c2-b513-d4ce8350a36b,81.72,Unclassified,x-ray,https://jackmcguireastro.github.io/ctas.html?event=1d7ae2a2-0b95-46c2-b513-d4ce8350a36b#dossier,,01709280562,,,,,,
AT2025amzf,SIDEREAL,53.923868309386,-29.222971226014,2000.0,62c37d48-dab6-42a8-8772-0c77a01c4772,51.79,Unclassified,electromagnetic,https://jackmcguireastro.github.io/ctas.html?event=62c37d48-dab6-42a8-8772-0c77a01c4772#dossier,https://www.wis-tns.org/object/2025amzf,,,,,,,
AT2025amzg,SIDEREAL,52.541974056912,-28.723168908173,2000.0,48a2ee25-6bd2-46d5-97d1-0544d10fbe72,49.23,Unclassified,electromagnetic,https://jackmcguireastro.github.io/ctas.html?event=48a2ee25-6bd2-46d5-97d1-0544d10fbe72#dossier,https://www.wis-tns.org/object/2025amzg,,,,,,,
AT2025amzh,SIDEREAL,61.181252861226,-48.679692851223,2000.0,cd4037d0-ab5d-42ae-838a-a9f637ec5f7e,48.21,Unclassified,electromagnetic,https://jackmcguireastro.github.io/ctas.html?event=cd4037d0-ab5d-42ae-838a-a9f637ec5f7e#dossier,https://www.wis-tns.org/object/2025amzh,,,,,,,
AT2025amzi,SIDEREAL,51.892808988191,-28.092407713102,2000.0,4cfe90ea-52f7-4edd-b2d9-bb39c7db0271,47.45,Unclassified,electromagnetic,https://jackmcguireastro.github.io/ctas.html?event=4cfe90ea-52f7-4edd-b2d9-bb39c7db0271#dossier,https://www.wis-tns.org/object/2025amzi,,,,,,,
AT2025amzj,SIDEREAL,225.56253755324,-38.237030737065,2000.0,015d287b-8137-4801-a81d-59fa0bca5dce,55.7,Unclassified,electromagnetic,https://jackmcguireastro.github.io/ctas.html?event=015d287b-8137-4801-a81d-59fa0bca5dce#dossier,https://www.wis-tns.org/object/2025amzj,,,,,,,
AT2025amzk,SIDEREAL,223.87116294734,-38.622831022194,2000.0,caadcd87-e071-478b-8c75-a7029231c219,51.95,Unclassified,electromagnetic,https://jackmcguireastro.github.io/ctas.html?event=caadcd87-e071-478b-8c75-a7029231c219#dossier,https://www.wis-tns.org/object/2025amzk,,,,,,,
AT2025amzl,SIDEREAL,9.1795916715923,-42.811450849336,2000.0,64b9ae56-8dc8-4203-8fe9-2f3a1c80445f,51.14,Unclassified,electromagnetic,https://jackmcguireastro.github.io/ctas.html?event=64b9ae56-8dc8-4203-8fe9-2f3a1c80445f#dossier,https://www.wis-tns.org/object/2025amzl,,,,,,,
AT2025amzm,SIDEREAL,10.238415434597,-45.379294737784,2000.0,7adb5c42-c22f-4a5c-b635-03a5dc93cf5c,52.32,Unclassified,electromagnetic,https://jackmcguireastro.github.io/ctas.html?event=7adb5c42-c22f-4a5c-b635-03a5dc93cf5c#dossier,https://www.wis-tns.org/object/2025amzm,,,,,,,
AT2025amzn,SIDEREAL,227.05791176664,-39.187654750769,2000.0,91909462-0c46-450a-99c1-0d5d9cc0e6e8,51.3,Unclassified,electromagnetic,https://jackmcguireastro.github.io/ctas.html?event=91909462-0c46-450a-99c1-0d5d9cc0e6e8#dossier,https://www.wis-tns.org/object/2025amzn,,,,,,,
AT2025amzo,SIDEREAL,224.75917734173,-37.532985133786,2000.0,1ac99081-e554-436d-88f9-4a5640a62019,49.09,Unclassified,electromagnetic,https://jackmcguireastro.github.io/ctas.html?event=1ac99081-e554-436d-88f9-4a5640a62019#dossier,https://www.wis-tns.org/object/2025amzo,,,,,,,
AT2025amzp,SIDEREAL,9.3012156577131,-44.910932374634,2000.0,d5aa4303-d796-49ab-b718-42fdb7f78049,53.21,Unclassified,electromagnetic,https://jackmcguireastro.github.io/ctas.html?event=d5aa4303-d796-49ab-b718-42fdb7f78049#dossier,https://www.wis-tns.org/object/2025amzp,,,,,,,
AT2025amzq,SIDEREAL,10.341895851333,-45.145210958755,2000.0,73e25fd8-06f3-4c68-b5dd-6a656c380cef,52.29,Unclassified,electromagnetic,https://jackmcguireastro.github.io/ctas.html?event=73e25fd8-06f3-4c68-b5dd-6a656c380cef#dossier,https://www.wis-tns.org/object/2025amzq,,,,,,,
AT2025amzr,SIDEREAL,8.5180114594924,-44.408973306793,2000.0,9117dff4-7e08-4d17-9701-a65f383ff5de,55.8,Unclassified,electromagnetic,https://jackmcguireastro.github.io/ctas.html?event=9117dff4-7e08-4d17-9701-a65f383ff5de#dossier,https://www.wis-tns.org/object/2025amzr,,,,,,,
AT2025amzs,SIDEREAL,9.0193613049813,-44.542743358028,2000.0,6a004fb3-1b00-4aff-a492-4891bce33326,47.19,Unclassified,electromagnetic,https://jackmcguireastro.github.io/ctas.html?event=6a004fb3-1b00-4aff-a492-4891bce33326#dossier,https://www.wis-tns.org/object/2025amzs,,,,,,,
AT2025amzt,SIDEREAL,11.009096165378,-44.564621769359,2000.0,8aca34be-0cf4-492f-9b0a-b1d3ff2ad8f1,50.69,Unclassified,electromagnetic,https://jackmcguireastro.github.io/ctas.html?event=8aca34be-0cf4-492f-9b0a-b1d3ff2ad8f1#dossier,https://www.wis-tns.org/object/2025amzt,,,,,,,
AT2026xrv,SIDEREAL,76.0798769,-0.413247,2000.0,ce6be565-67f6-4d13-b421-ef06a997a194,59.72,Unclassified,electromagnetic,https://jackmcguireastro.github.io/ctas.html?event=ce6be565-67f6-4d13-b421-ef06a997a194#dossier,https://www.wis-tns.org/object/2026xrv,,,,,,,
AT2026yxp,SIDEREAL,264.474496667,29.99304,2000.0,56cb6d25-3140-4b6d-bbe6-332b39d1cce6,57.22,Unclassified,electromagnetic,https://jackmcguireastro.github.io/ctas.html?event=56cb6d25-3140-4b6d-bbe6-332b39d1cce6#dossier,https://www.wis-tns.org/object/2026yxp,,,,,,,
AT2026yxc,SIDEREAL,217.69938728,24.7031543504,2000.0,010c05c9-c6c3-4a43-b39c-11cbe78f1fd3,77.07,Unclassified,electromagnetic,https://jackmcguireastro.github.io/ctas.html?event=010c05c9-c6c3-4a43-b39c-11cbe78f1fd3#dossier,https://www.wis-tns.org/object/2026yxc,,,,,,,
AT2026yxe,SIDEREAL,352.46785,44.8885633333,2000.0,2b6f9478-f9b7-497c-834a-d7f8d87ad656,60.54,Unclassified,electromagnetic,https://jackmcguireastro.github.io/ctas.html?event=2b6f9478-f9b7-497c-834a-d7f8d87ad656#dossier,https://www.wis-tns.org/object/2026yxe,,,,,,,
AT2026yxh,SIDEREAL,304.7403425,-57.4490775,2000.0,3732c647-522d-423b-ae12-9b54e1a0b08f,76.93,Unclassified,electromagnetic,https://jackmcguireastro.github.io/ctas.html?event=3732c647-522d-423b-ae12-9b54e1a0b08f#dossier,https://www.wis-tns.org/object/2026yxh,,,,,,,
AT2026yxl,SIDEREAL,211.927392,-42.849814,2000.0,96316251-f9e4-4e4d-ba4d-95b436c818e8,58.62,Unclassified,electromagnetic,https://jackmcguireastro.github.io/ctas.html?event=96316251-f9e4-4e4d-ba4d-95b436c818e8#dossier,https://www.wis-tns.org/object/2026yxl,,,,,,,
AT2026yxm,SIDEREAL,79.88998555,3.6076229,2000.0,ebe109a8-b145-4c96-a591-642ae69c674a,58.31,Unclassified,electromagnetic,https://jackmcguireastro.github.io/ctas.html?event=ebe109a8-b145-4c96-a591-642ae69c674a#dossier,https://www.wis-tns.org/object/2026yxm,,,,,,,
AT2026yxn,SIDEREAL,39.4335108333,40.4510945833,2000.0,4eb1f896-8a57-43db-975e-8a4a94f8b1a8,60.05,Unclassified,electromagnetic,https://jackmcguireastro.github.io/ctas.html?event=4eb1f896-8a57-43db-975e-8a4a94f8b1a8#dossier,https://www.wis-tns.org/object/2026yxn,,,,,,,
AT2026yxo,SIDEREAL,47.3547233333,-42.7924766667,2000.0,d55980ab-4215-473b-91ed-8c915710a8fd,78.61,Unclassified,electromagnetic,https://jackmcguireastro.github.io/ctas.html?event=d55980ab-4215-473b-91ed-8c915710a8fd#dossier,https://www.wis-tns.org/object/2026yxo,,,,,,,
AT2026yxa,SIDEREAL,277.2930537,8.2160926,2000.0,9c82ebc3-1bfc-40e2-9e9e-ab16d3c1e6e3,62.66,Unclassified,electromagnetic,https://jackmcguireastro.github.io/ctas.html?event=9c82ebc3-1bfc-40e2-9e9e-ab16d3c1e6e3#dossier,https://www.wis-tns.org/object/2026yxa,,,,,,,
AT2026ywp,SIDEREAL,17.7528875,-68.597393,2000.0,83144d9c-56b1-4cf2-a679-b01d250a61ee,79.28,Unclassified,electromagnetic,https://jackmcguireastro.github.io/ctas.html?event=83144d9c-56b1-4cf2-a679-b01d250a61ee#dossier,https://www.wis-tns.org/object/2026ywp,ATLAS26jzk,,,,,,
Einstein Probe-01709279838,SIDEREAL,340.106,-49.512,2000.0,a050c06b-2f4b-4b53-9807-f513f175d353,81.97,Unclassified,x-ray,https://jackmcguireastro.github.io/ctas.html?event=a050c06b-2f4b-4b53-9807-f513f175d353#dossier,,01709279838,,,,,,
AT2026ywo,SIDEREAL,10.590195,-50.520830625,2000.0,932c187b-58e7-4622-bb4d-861e632f18d4,79.07,Unclassified,electromagnetic,https://jackmcguireastro.github.io/ctas.html?event=932c187b-58e7-4622-bb4d-861e632f18d4#dossier,https://www.wis-tns.org/object/2026ywo,ATLAS26jzj,,,,,,
AT2026ywr,SIDEREAL,54.9642807692,-32.6882761538,2000.0,bcef4b34-170f-4e9d-9fed-eae30914d979,70.23,Unclassified,electromagnetic,https://jackmcguireastro.github.io/ctas.html?event=bcef4b34-170f-4e9d-9fed-eae30914d979#dossier,https://www.wis-tns.org/object/2026ywr,,,,,,,
AT2026ywt,SIDEREAL,26.5803387738,-4.58433316157,2000.0,2a1fdefd-828d-4772-9bbd-9e46a49e951a,58.6,Unclassified,electromagnetic,https://jackmcguireastro.github.io/ctas.html?event=2a1fdefd-828d-4772-9bbd-9e46a49e951a#dossier,https://www.wis-tns.org/object/2026ywt,,,,,,,
AT2026ywu,SIDEREAL,44.84812,-33.742126,2000.0,659e8e71-a669-4b03-9e7e-65462f04f1ea,66.53,Unclassified,electromagnetic,https://jackmcguireastro.github.io/ctas.html?event=659e8e71-a669-4b03-9e7e-65462f04f1ea#dossier,https://www.wis-tns.org/object/2026ywu,,,,,,,
AT2026ywv,SIDEREAL,312.322793333,-49.48601,2000.0,6754d4eb-cd35-4059-9ab2-6fd832dceabc,77.62,Unclassified,electromagnetic,https://jackmcguireastro.github.io/ctas.html?event=6754d4eb-cd35-4059-9ab2-6fd832dceabc#dossier,https://www.wis-tns.org/object/2026ywv,,,,,,,
AT2026ywx,SIDEREAL,9.50371875,23.467435,2000.0,a2a939bd-71e3-4b54-a1e6-8941b2c8f91c,57.7,Unclassified,electromagnetic,https://jackmcguireastro.github.io/ctas.html?event=a2a939bd-71e3-4b54-a1e6-8941b2c8f91c#dossier,https://www.wis-tns.org/object/2026ywx,,,,,,,
AT2026ywy,SIDEREAL,13.3500566667,-23.0268966667,2000.0,d3a6e92c-50f0-4497-909f-a1ec0141810c,67.06,Unclassified,electromagnetic,https://jackmcguireastro.github.io/ctas.html?event=d3a6e92c-50f0-4497-909f-a1ec0141810c#dossier,https://www.wis-tns.org/object/2026ywy,,,,,,,
AT2026ywz,SIDEREAL,79.480535,-47.02136,2000.0,c4f9817f-900e-4de2-9fed-c72cd61174a1,79.17,Unclassified,electromagnetic,https://jackmcguireastro.github.io/ctas.html?event=c4f9817f-900e-4de2-9fed-c72cd61174a1#dossier,https://www.wis-tns.org/object/2026ywz,,,,,,,
AT2026xco,SIDEREAL,1.8645041666666664,-17.583463888888886,2000.0,d04e0f69-c958-4072-a4cd-9fcf035503c8,57.55,Unclassified,electromagnetic,https://jackmcguireastro.github.io/ctas.html?event=d04e0f69-c958-4072-a4cd-9fcf035503c8#dossier,https://www.wis-tns.org/object/2026xco,2026xco,SN2026xco,,,,,
AT2026ywd,SIDEREAL,22.8598604762,-20.882882381,2000.0,5f7ad25a-b4d6-41bc-9cd0-19669d59f6fd,60.18,Unclassified,electromagnetic,https://jackmcguireastro.github.io/ctas.html?event=5f7ad25a-b4d6-41bc-9cd0-19669d59f6fd#dossier,https://www.wis-tns.org/object/2026ywd,,,,,,,
AT2026ywe,SIDEREAL,223.905036471,9.57755647059,2000.0,609e20f4-80a7-4490-bfc0-c0c983f87301,71.8,Unclassified,electromagnetic,https://jackmcguireastro.github.io/ctas.html?event=609e20f4-80a7-4490-bfc0-c0c983f87301#dossier,https://www.wis-tns.org/object/2026ywe,,,,,,,
AT2026ywh,SIDEREAL,51.438706,-55.007903,2000.0,f001331c-e444-44d2-8533-ef08b7b0275c,81.33,Unclassified,electromagnetic,https://jackmcguireastro.github.io/ctas.html?event=f001331c-e444-44d2-8533-ef08b7b0275c#dossier,https://www.wis-tns.org/object/2026ywh,,,,,,,
AT2026ywi,SIDEREAL,216.828926667,33.3649833333,2000.0,1d1d5c74-f9b4-4a6d-a27e-de3bd3f40071,72.63,Unclassified,electromagnetic,https://jackmcguireastro.github.io/ctas.html?event=1d1d5c74-f9b4-4a6d-a27e-de3bd3f40071#dossier,https://www.wis-tns.org/object/2026ywi,,,,,,,
AT2026ywj,SIDEREAL,15.848294,-65.272738,2000.0,c2ea075d-557e-4e51-bcc5-5943120318bb,79.33,Unclassified,electromagnetic,https://jackmcguireastro.github.io/ctas.html?event=c2ea075d-557e-4e51-bcc5-5943120318bb#dossier,https://www.wis-tns.org/object/2026ywj,,,,,,,
AT2026ywk,SIDEREAL,353.684222222,-67.6006633333,2000.0,ead1be60-a449-4946-9d13-ec0ca252d6bb,81.78,Unclassified,electromagnetic,https://jackmcguireastro.github.io/ctas.html?event=ead1be60-a449-4946-9d13-ec0ca252d6bb#dossier,https://www.wis-tns.org/object/2026ywk,,,,,,,
AT2026ywl,SIDEREAL,37.462172,-64.009248,2000.0,d7ac9e20-bb49-43ff-afba-bca5af5aad84,79.51,Unclassified,electromagnetic,https://jackmcguireastro.github.io/ctas.html?event=d7ac9e20-bb49-43ff-afba-bca5af5aad84#dossier,https://www.wis-tns.org/object/2026ywl,,,,,,,
AT2026ywm,SIDEREAL,332.7782925,-47.7925425,2000.0,20c95d9b-6e4b-4db9-b3e7-fdb4e0dc1d31,78.14,Unclassified,electromagnetic,https://jackmcguireastro.github.io/ctas.html?event=20c95d9b-6e4b-4db9-b3e7-fdb4e0dc1d31#dossier,https://www.wis-tns.org/object/2026ywm,,,,,,,
AT2026ywn,SIDEREAL,234.852126842,28.1236978947,2000.0,bd80885a-2bd8-49af-b181-9e9751d6b8ef,65.57,Unclassified,electromagnetic,https://jackmcguireastro.github.io/ctas.html?event=bd80885a-2bd8-49af-b181-9e9751d6b8ef#dossier,https://www.wis-tns.org/object/2026ywn,,,,,,,
AT2026ywb,SIDEREAL,314.374863,-3.538469,2000.0,512871d6-47ce-486f-968f-ba0ccdc35c01,57.0,Unclassified,electromagnetic,https://jackmcguireastro.github.io/ctas.html?event=512871d6-47ce-486f-968f-ba0ccdc35c01#dossier,https://www.wis-tns.org/object/2026ywb,,,,,,,
AT2026wiu,SIDEREAL,341.05535,-52.4362475,2000.0,948593b8-4308-4d0f-a44c-14c363519496,55.3,Unclassified,electromagnetic,https://jackmcguireastro.github.io/ctas.html?event=948593b8-4308-4d0f-a44c-14c363519496#dossier,https://www.wis-tns.org/object/2026wiu,,,,,,,
AT2026umf,SIDEREAL,338.942883333,8.15957333333,2000.0,5edd32e9-e3dc-4122-8881-4c77ec1aea40,58.8,Unclassified,electromagnetic,https://jackmcguireastro.github.io/ctas.html?event=5edd32e9-e3dc-4122-8881-4c77ec1aea40#dossier,https://www.wis-tns.org/object/2026umf,,,,,,,
AT2026wub,SIDEREAL,322.08758381,-26.7895857143,2000.0,0cc0641b-c88d-4c3f-87e0-6d978c9105d8,58.7,Unclassified,electromagnetic,https://jackmcguireastro.github.io/ctas.html?event=0cc0641b-c88d-4c3f-87e0-6d978c9105d8#dossier,https://www.wis-tns.org/object/2026wub,,,,,,,
AT2026wlq,SIDEREAL,286.598871667,-61.7968783333,2000.0,6b2c879a-ca0a-4778-a9f8-2a4304c5f0c6,59.05,Unclassified,electromagnetic,https://jackmcguireastro.github.io/ctas.html?event=6b2c879a-ca0a-4778-a9f8-2a4304c5f0c6#dossier,https://www.wis-tns.org/object/2026wlq,,,,,,,
AT2026ywc,SIDEREAL,7.227624,21.991829,2000.0,5e86ba0e-279c-4576-a316-3501dcde8482,56.9,Unclassified,electromagnetic,https://jackmcguireastro.github.io/ctas.html?event=5e86ba0e-279c-4576-a316-3501dcde8482#dossier,https://www.wis-tns.org/object/2026ywc,,,,,,,
AT2026xrb,SIDEREAL,58.1274233333,-41.1612783333,2000.0,36c1c0d9-5165-48d1-b915-a812449c28ee,56.62,Unclassified,electromagnetic,https://jackmcguireastro.github.io/ctas.html?event=36c1c0d9-5165-48d1-b915-a812449c28ee#dossier,https://www.wis-tns.org/object/2026xrb,,,,,,,
AT2026vgo,SIDEREAL,36.7444028571,-62.5881428571,2000.0,980921bc-c801-4a8a-909e-e95f5b138dd3,57.3,Unclassified,electromagnetic,https://jackmcguireastro.github.io/ctas.html?event=980921bc-c801-4a8a-909e-e95f5b138dd3#dossier,https://www.wis-tns.org/object/2026vgo,,,,,,,
Chime-1173573062,SIDEREAL,324.5025504,45.3183633,2000.0,1450b68d-a86e-4a84-aef8-cc1809b6016d,70.0,high-importance,radio,https://jackmcguireastro.github.io/ctas.html?event=1450b68d-a86e-4a84-aef8-cc1809b6016d#dossier,,1173573062,,,,,,
AT2026yvu,SIDEREAL,30.9646605073,-2.88962932146,2000.0,023863f9-96ef-41b4-b97b-b6d48a05bb90,74.83,Unclassified,electromagnetic,https://jackmcguireastro.github.io/ctas.html?event=023863f9-96ef-41b4-b97b-b6d48a05bb90#dossier,https://www.wis-tns.org/object/2026yvu,PS26hje,,,,,,
AT2026yvw,SIDEREAL,89.8078915,53.6594298,2000.0,4485c49c-9ed4-4b5b-8ac9-fad0025f35c9,77.43,Unclassified,electromagnetic,https://jackmcguireastro.github.io/ctas.html?event=4485c49c-9ed4-4b5b-8ac9-fad0025f35c9#dossier,https://www.wis-tns.org/object/2026yvw,,,,,,,
AT2026yje,SIDEREAL,218.28027,41.8511485714,2000.0,393a093d-02eb-4df5-ac0a-782dcdec1bc5,57.4,Unclassified,electromagnetic,https://jackmcguireastro.github.io/ctas.html?event=393a093d-02eb-4df5-ac0a-782dcdec1bc5#dossier,https://www.wis-tns.org/object/2026yje,GOTO26ibd,,,,,,
AT2026yjx,SIDEREAL,40.0829614286,6.40414285714,2000.0,530c08b4-25ed-4f9e-b79d-cbac29a2529e,58.68,Unclassified,electromagnetic,https://jackmcguireastro.github.io/ctas.html?event=530c08b4-25ed-4f9e-b79d-cbac29a2529e#dossier,https://www.wis-tns.org/object/2026yjx,,,,,,,
AT2026xqv,SIDEREAL,35.0719281818,-24.3868918182,2000.0,78ac7ba0-6f0e-468c-941e-81db32ec719e,58.02,Unclassified,electromagnetic,https://jackmcguireastro.github.io/ctas.html?event=78ac7ba0-6f0e-468c-941e-81db32ec719e#dossier,https://www.wis-tns.org/object/2026xqv,,,,,,,
AT2026wze,SIDEREAL,36.9014273822,-2.87702718688,2000.0,563a3b48-11f4-48cb-8588-4b4b198b69e5,57.3,Unclassified,electromagnetic,https://jackmcguireastro.github.io/ctas.html?event=563a3b48-11f4-48cb-8588-4b4b198b69e5#dossier,https://www.wis-tns.org/object/2026wze,,,,,,,
AT2026xzr,SIDEREAL,10.4893107908,1.62476279014,2000.0,970920bf-44a5-4445-ba5f-aef5733fb6d9,58.38,Unclassified,electromagnetic,https://jackmcguireastro.github.io/ctas.html?event=970920bf-44a5-4445-ba5f-aef5733fb6d9#dossier,https://www.wis-tns.org/object/2026xzr,,,,,,,
AT2026orh,SIDEREAL,17.6285721598,-15.7005616329,2000.0,0345ac2d-ea28-4697-83ba-953e9a4545c7,59.51,Unclassified,electromagnetic,https://jackmcguireastro.github.io/ctas.html?event=0345ac2d-ea28-4697-83ba-953e9a4545c7#dossier,https://www.wis-tns.org/object/2026orh,,,,,,,
AT2026yvv,SIDEREAL,53.3601146296,-1.78207705206,2000.0,d9bfadbf-d126-455f-8542-dd6e0f73586b,55.45,Unclassified,electromagnetic,https://jackmcguireastro.github.io/ctas.html?event=d9bfadbf-d126-455f-8542-dd6e0f73586b#dossier,https://www.wis-tns.org/object/2026yvv,,,,,,,
Chime-1173469870,SIDEREAL,64.105647,68.2104291,2000.0,5a0ed804-7a4f-4941-ac3f-a24ac5314346,70.0,high-importance,radio,https://jackmcguireastro.github.io/ctas.html?event=5a0ed804-7a4f-4941-ac3f-a24ac5314346#dossier,,1173469870,,,,,,
AT2026yup,SIDEREAL,22.105792,-0.558611,2000.0,31232815-899f-4fd9-952f-2532b40a913b,50.9,Unclassified,electromagnetic,https://jackmcguireastro.github.io/ctas.html?event=31232815-899f-4fd9-952f-2532b40a913b#dossier,https://www.wis-tns.org/object/2026yup,,,,,,,
AT2026yur,SIDEREAL,347.8435,3.579189,2000.0,b1d87d36-5dd0-4a5b-85f3-95d7e15b5a07,51.12,Unclassified,electromagnetic,https://jackmcguireastro.github.io/ctas.html?event=b1d87d36-5dd0-4a5b-85f3-95d7e15b5a07#dossier,https://www.wis-tns.org/object/2026yur,,,,,,,
AT2026yus,SIDEREAL,353.602458,0.995114,2000.0,a8ac4718-d131-4ee8-a2c2-0faf3489e22f,50.85,Unclassified,electromagnetic,https://jackmcguireastro.github.io/ctas.html?event=a8ac4718-d131-4ee8-a2c2-0faf3489e22f#dossier,https://www.wis-tns.org/object/2026yus,,,,,,,
AT2026yut,SIDEREAL,354.991625,3.364111,2000.0,d32c8aa8-52a1-4908-b0ae-a73304885906,51.25,Unclassified,electromagnetic,https://jackmcguireastro.github.io/ctas.html?event=d32c8aa8-52a1-4908-b0ae-a73304885906#dossier,https://www.wis-tns.org/object/2026yut,,,,,,,
AT2026yuu,SIDEREAL,345.204625,5.544181,2000.0,b710f417-07f0-4033-8adc-6cd8ef30943b,50.57,Unclassified,electromagnetic,https://jackmcguireastro.github.io/ctas.html?event=b710f417-07f0-4033-8adc-6cd8ef30943b#dossier,https://www.wis-tns.org/object/2026yuu,,,,,,,
AT2026yuv,SIDEREAL,15.275833,-1.393628,2000.0,cb36e756-3cce-4c15-91f2-04ebb04a14f8,52.9,Unclassified,electromagnetic,https://jackmcguireastro.github.io/ctas.html?event=cb36e756-3cce-4c15-91f2-04ebb04a14f8#dossier,https://www.wis-tns.org/object/2026yuv,,,,,,,
AT2026yuw,SIDEREAL,15.8215,1.921319,2000.0,fd4cc671-302c-468e-82d6-bf0a8691c432,52.05,Unclassified,electromagnetic,https://jackmcguireastro.github.io/ctas.html?event=fd4cc671-302c-468e-82d6-bf0a8691c432#dossier,https://www.wis-tns.org/object/2026yuw,,,,,,,
AT2026yux,SIDEREAL,19.248375,5.036097,2000.0,0fde0d0d-f16d-4be3-8720-e5efcb0881a4,51.07,Unclassified,electromagnetic,https://jackmcguireastro.github.io/ctas.html?event=0fde0d0d-f16d-4be3-8720-e5efcb0881a4#dossier,https://www.wis-tns.org/object/2026yux,,,,,,,
AT2026yuy,SIDEREAL,17.099458,2.930925,2000.0,0e5a92fe-1917-4b50-b530-68276816b4dd,51.82,Unclassified,electromagnetic,https://jackmcguireastro.github.io/ctas.html?event=0e5a92fe-1917-4b50-b530-68276816b4dd#dossier,https://www.wis-tns.org/object/2026yuy,,,,,,,
AT2026yuz,SIDEREAL,17.107375,0.855042,2000.0,33abe1f7-1ff7-44b3-a214-29f870d0e3dd,51.73,Unclassified,electromagnetic,https://jackmcguireastro.github.io/ctas.html?event=33abe1f7-1ff7-44b3-a214-29f870d0e3dd#dossier,https://www.wis-tns.org/object/2026yuz,,,,,,,
AT2026yva,SIDEREAL,32.859792,0.258114,2000.0,76a9e7e1-84e8-4b83-b399-2259b0d5e75f,52.15,Unclassified,electromagnetic,https://jackmcguireastro.github.io/ctas.html?event=76a9e7e1-84e8-4b83-b399-2259b0d5e75f#dossier,https://www.wis-tns.org/object/2026yva,,,,,,,
AT2026yvb,SIDEREAL,37.488625,5.406186,2000.0,57465fb9-4b81-41ac-adb5-ef9fac846648,52.7,Unclassified,electromagnetic,https://jackmcguireastro.github.io/ctas.html?event=57465fb9-4b81-41ac-adb5-ef9fac846648#dossier,https://www.wis-tns.org/object/2026yvb,,,,,,,
AT2026yvc,SIDEREAL,20.564958,4.052878,2000.0,6ff2057f-5dfe-4ed8-ac24-226958bfcb13,51.62,Unclassified,electromagnetic,https://jackmcguireastro.github.io/ctas.html?event=6ff2057f-5dfe-4ed8-ac24-226958bfcb13#dossier,https://www.wis-tns.org/object/2026yvc,,,,,,,
AT2026yvd,SIDEREAL,28.01825,0.510747,2000.0,679a83e1-de77-46d0-9c74-983f58e54815,51.93,Unclassified,electromagnetic,https://jackmcguireastro.github.io/ctas.html?event=679a83e1-de77-46d0-9c74-983f58e54815#dossier,https://www.wis-tns.org/object/2026yvd,,,,,,,
AT2026yve,SIDEREAL,36.984458,1.070992,2000.0,884304a2-117a-4aa0-a7b1-ab00306bdc07,50.9,Unclassified,electromagnetic,https://jackmcguireastro.github.io/ctas.html?event=884304a2-117a-4aa0-a7b1-ab00306bdc07#dossier,https://www.wis-tns.org/object/2026yve,,,,,,,
AT2026yvf,SIDEREAL,25.804917,1.390325,2000.0,cc28ad08-0516-4636-9afe-05f3f46385c3,50.42,Unclassified,electromagnetic,https://jackmcguireastro.github.io/ctas.html?event=cc28ad08-0516-4636-9afe-05f3f46385c3#dossier,https://www.wis-tns.org/object/2026yvf,,,,,,,
AT2026yvg,SIDEREAL,32.8275,2.380281,2000.0,3d7321e2-87c9-48a7-a408-0b985c6d6404,51.23,Unclassified,electromagnetic,https://jackmcguireastro.github.io/ctas.html?event=3d7321e2-87c9-48a7-a408-0b985c6d6404#dossier,https://www.wis-tns.org/object/2026yvg,,,,,,,
AT2026yvh,SIDEREAL,241.5895,21.702881,2000.0,6c354a98-58d4-4298-99ed-54c98bd7db82,53.3,Unclassified,electromagnetic,https://jackmcguireastro.github.io/ctas.html?event=6c354a98-58d4-4298-99ed-54c98bd7db82#dossier,https://www.wis-tns.org/object/2026yvh,,,,,,,
AT2026yvi,SIDEREAL,248.098792,19.621056,2000.0,b95ad12e-3e39-41b1-9bd3-d0b6bbf624b3,52.65,Unclassified,electromagnetic,https://jackmcguireastro.github.io/ctas.html?event=b95ad12e-3e39-41b1-9bd3-d0b6bbf624b3#dossier,https://www.wis-tns.org/object/2026yvi,,,,,,,
AT2026yvj,SIDEREAL,344.320375,27.041061,2000.0,68dacc56-a214-4d7b-8d18-f24cc32a2980,56.12,Unclassified,electromagnetic,https://jackmcguireastro.github.io/ctas.html?event=68dacc56-a214-4d7b-8d18-f24cc32a2980#dossier,https://www.wis-tns.org/object/2026yvj,,,,,,,
AT2026yvk,SIDEREAL,351.025042,34.963547,2000.0,27a60caa-aef1-4d87-8676-a99a5aade44c,54.7,Unclassified,electromagnetic,https://jackmcguireastro.github.io/ctas.html?event=27a60caa-aef1-4d87-8676-a99a5aade44c#dossier,https://www.wis-tns.org/object/2026yvk,,,,,,,
AT2026yvl,SIDEREAL,337.721667,36.967533,2000.0,53dbf75e-6715-4b48-961c-f99d84ca7662,53.15,Unclassified,electromagnetic,https://jackmcguireastro.github.io/ctas.html?event=53dbf75e-6715-4b48-961c-f99d84ca7662#dossier,https://www.wis-tns.org/object/2026yvl,,,,,,,
AT2026yvm,SIDEREAL,232.735083,56.148047,2000.0,90693b93-296a-4fd7-a08d-d60d7d37b450,54.15,Unclassified,electromagnetic,https://jackmcguireastro.github.io/ctas.html?event=90693b93-296a-4fd7-a08d-d60d7d37b450#dossier,https://www.wis-tns.org/object/2026yvm,,,,,,,
AT2026yvn,SIDEREAL,242.4865,48.131378,2000.0,edc621e0-e926-4d69-a0b2-05013c858ace,54.85,Unclassified,electromagnetic,https://jackmcguireastro.github.io/ctas.html?event=edc621e0-e926-4d69-a0b2-05013c858ace#dossier,https://www.wis-tns.org/object/2026yvn,,,,,,,
AT2026yvo,SIDEREAL,340.086833,23.948514,2000.0,917949e2-6527-40fc-9f51-0e1bb63f53ae,52.6,Unclassified,electromagnetic,https://jackmcguireastro.github.io/ctas.html?event=917949e2-6527-40fc-9f51-0e1bb63f53ae#dossier,https://www.wis-tns.org/object/2026yvo,,,,,,,
AT2026yvp,SIDEREAL,341.475542,24.350756,2000.0,d781a1c5-b8df-496b-99a0-af7979b4b43d,52.8,Unclassified,electromagnetic,https://jackmcguireastro.github.io/ctas.html?event=d781a1c5-b8df-496b-99a0-af7979b4b43d#dossier,https://www.wis-tns.org/object/2026yvp,,,,,,,
AT2026yvr,SIDEREAL,348.17375,21.233044,2000.0,12e4a982-91dc-4433-9cd0-01cc2f58725c,55.3,Unclassified,electromagnetic,https://jackmcguireastro.github.io/ctas.html?event=12e4a982-91dc-4433-9cd0-01cc2f58725c#dossier,https://www.wis-tns.org/object/2026yvr,,,,,,,
AT2026yoj,SIDEREAL,341.04825,16.774514,2000.0,11e86380-1c55-4c39-89f1-d8b82c1a185b,56.25,Unclassified,electromagnetic,https://jackmcguireastro.github.io/ctas.html?event=11e86380-1c55-4c39-89f1-d8b82c1a185b#dossier,https://www.wis-tns.org/object/2026yoj,,,,,,,
AT2026yvs,SIDEREAL,243.598792,26.175328,2000.0,97bdfc28-7d71-40e8-a069-561405f22659,53.55,Unclassified,electromagnetic,https://jackmcguireastro.github.io/ctas.html?event=97bdfc28-7d71-40e8-a069-561405f22659#dossier,https://www.wis-tns.org/object/2026yvs,,,,,,,
AT2026yvt,SIDEREAL,240.796542,47.837889,2000.0,7fd961d8-d728-45ad-b8fd-1b1d2003dbd8,54.5,Unclassified,electromagnetic,https://jackmcguireastro.github.io/ctas.html?event=7fd961d8-d728-45ad-b8fd-1b1d2003dbd8#dossier,https://www.wis-tns.org/object/2026yvt,,,,,,,
AT2026yuo,SIDEREAL,94.9447197,50.9586245,2000.0,d46fefeb-276d-4379-8474-72d3e5f60303,80.78,Unclassified,electromagnetic,https://jackmcguireastro.github.io/ctas.html?event=d46fefeb-276d-4379-8474-72d3e5f60303#dossier,https://www.wis-tns.org/object/2026yuo,,,,,,,
SN2026ymb,SIDEREAL,47.0749932,11.9132533,2000.0,db8c803a-4af5-41a4-aa88-447c49b7da3e,46.15,SN Ia,electromagnetic,https://jackmcguireastro.github.io/ctas.html?event=db8c803a-4af5-41a4-aa88-447c49b7da3e#dossier,https://www.wis-tns.org/object/2026ymb,,,,,,,
Chime-1173448304,SIDEREAL,192.4413769,72.3407009,2000.0,9f235f95-e6a1-4ad5-891e-a33d3dd9de94,70.0,high-importance,radio,https://jackmcguireastro.github.io/ctas.html?event=9f235f95-e6a1-4ad5-891e-a33d3dd9de94#dossier,,1173448304,,,,,,
Chime-1173398858,SIDEREAL,191.5794847,42.8510581,2000.0,cd48e12b-bd04-44a2-946e-59a8375148b3,0.0,high-importance,radio,https://jackmcguireastro.github.io/ctas.html?event=cd48e12b-bd04-44a2-946e-59a8375148b3#dossier,,1173398858,,,,,,
Chime-1173391353,SIDEREAL,150.6205972,3.6620089,2000.0,09dd312c-4adc-48bc-8abe-a9cb0bd35d3d,0.0,high-importance,radio,https://jackmcguireastro.github.io/ctas.html?event=09dd312c-4adc-48bc-8abe-a9cb0bd35d3d#dossier,,1173391353,,,,,,
Chime-1173371798,SIDEREAL,216.7252301,0.1805138,2000.0,e59cdf8c-8281-45a6-a1cd-e64a43a776cb,0.0,high-importance,radio,https://jackmcguireastro.github.io/ctas.html?event=e59cdf8c-8281-45a6-a1cd-e64a43a776cb#dossier,,1173371798,,,,,,
AT2026uxl,SIDEREAL,285.83465576172,46.503017425537,2000.0,f8abd49f-681a-4283-a7c6-6e19303677d3,56.9,Unclassified,electromagnetic,https://jackmcguireastro.github.io/ctas.html?event=f8abd49f-681a-4283-a7c6-6e19303677d3#dossier,https://www.wis-tns.org/object/2026uxl,,,,,,,
AT2026yul,SIDEREAL,330.70693969727,-13.091774940491,2000.0,c1689f1c-108d-410b-927d-9a0ce2ad7289,79.24,Unclassified,electromagnetic,https://jackmcguireastro.github.io/ctas.html?event=c1689f1c-108d-410b-927d-9a0ce2ad7289#dossier,https://www.wis-tns.org/object/2026yul,,,,,,,
probable new transient MAXI J1750-327,SIDEREAL,267.194,-32.63,2000.0,d1ac69ca-0313-4ead-b7b9-faf3afd682de,80.59,Unclassified,x-ray,https://jackmcguireastro.github.io/ctas.html?event=d1ac69ca-0313-4ead-b7b9-faf3afd682de#dossier,,SLX 1746-331,1265175470,,,,,
AT2026rey,SIDEREAL,278.90427916666664,24.90648333333333,2000.0,48ae4a94-18a0-4bac-8590-9c6b56fbcda6,54.0,Unclassified,electromagnetic,https://jackmcguireastro.github.io/ctas.html?event=48ae4a94-18a0-4bac-8590-9c6b56fbcda6#dossier,,2026rey,SN2026rey,,,,,
AT2026yqj,SIDEREAL,264.91311249999995,56.37892222222222,2000.0,b211fc4b-5ec8-4fa8-ba1c-f35e23b8cf01,54.33,Unclassified,electromagnetic,https://jackmcguireastro.github.io/ctas.html?event=b211fc4b-5ec8-4fa8-ba1c-f35e23b8cf01#dossier,https://www.wis-tns.org/object/2026yqj,2026yqj,SN2026yqj,,,,,
AT2026ypy,SIDEREAL,322.520865,2.642765,2000.0,a8f77c94-e0e2-4ad5-86ad-cb83a5e3fff1,55.97,Unclassified,electromagnetic,https://jackmcguireastro.github.io/ctas.html?event=a8f77c94-e0e2-4ad5-86ad-cb83a5e3fff1#dossier,https://www.wis-tns.org/object/2026ypy,,,,,,,
AT2026xlg,SIDEREAL,321.1025725,-8.6447075,2000.0,4e4ffd53-d852-42c2-8c9e-d70c80c55ac8,58.1,Unclassified,electromagnetic,https://jackmcguireastro.github.io/ctas.html?event=4e4ffd53-d852-42c2-8c9e-d70c80c55ac8#dossier,https://www.wis-tns.org/object/2026xlg,,,,,,,
AT2026wmk,SIDEREAL,54.2852233333,-33.16636,2000.0,49254c3a-3545-4445-b5ee-7a405cc1aebd,56.95,Unclassified,electromagnetic,https://jackmcguireastro.github.io/ctas.html?event=49254c3a-3545-4445-b5ee-7a405cc1aebd#dossier,https://www.wis-tns.org/object/2026wmk,,,,,,,
Chime-1173437827,SIDEREAL,330.1534039,17.3399662,2000.0,bb29640e-479b-4b73-9859-cdd90ae4ff3e,70.0,high-importance,radio,https://jackmcguireastro.github.io/ctas.html?event=bb29640e-479b-4b73-9859-cdd90ae4ff3e#dossier,,1173437827,,,,,,
AT2026yui,SIDEREAL,357.55606079102,20.887453079224,2000.0,43885ebd-2f1b-4c52-8cf8-29fe607c09d7,78.71,Unclassified,electromagnetic,https://jackmcguireastro.github.io/ctas.html?event=43885ebd-2f1b-4c52-8cf8-29fe607c09d7#dossier,https://www.wis-tns.org/object/2026yui,,,,,,,
AT2026yuj,SIDEREAL,15.698434829712,-6.984787940979,2000.0,7a7cd7d0-9942-45f5-9762-36bbe5536389,80.12,Unclassified,electromagnetic,https://jackmcguireastro.github.io/ctas.html?event=7a7cd7d0-9942-45f5-9762-36bbe5536389#dossier,https://www.wis-tns.org/object/2026yuj,,,,,,,
AT2026yuk,SIDEREAL,326.46212768555,-4.142101764679,2000.0,6112f046-1931-4d7d-86a8-2b1b5c486441,78.4,Unclassified,electromagnetic,https://jackmcguireastro.github.io/ctas.html?event=6112f046-1931-4d7d-86a8-2b1b5c486441#dossier,https://www.wis-tns.org/object/2026yuk,,,,,,,
AT2026ozw,SIDEREAL,276.567725,32.303675,2000.0,02e1b97e-eea4-4b2c-83ec-0b96cc35e640,56.08,Unclassified,electromagnetic,https://jackmcguireastro.github.io/ctas.html?event=02e1b97e-eea4-4b2c-83ec-0b96cc35e640#dossier,,2026ozw,SN2026ozw,ATLAS26hea,GOTO26gho,PS26dyx,WFST260606spdx,ZTF26abackhg
SN2026mxl,SIDEREAL,193.039325,-21.861205555555557,2000.0,01f2d92a-acaf-4461-accb-5185fc0f4753,40.07,SN Ia-91bg-like,electromagnetic,https://jackmcguireastro.github.io/ctas.html?event=01f2d92a-acaf-4461-accb-5185fc0f4753#dossier,,AT2026mxl,2026mxl,ATLAS26fuo,BGEM J125209.45-215140.2,GOTO26fdq,PS26bld,ZTF26aayhntm
AT2026yuf,SIDEREAL,334.68993320004,-9.3971357,2000.0,b0181a94-5f12-46aa-9fef-7867133ea054,54.7,Unclassified,electromagnetic,https://jackmcguireastro.github.io/ctas.html?event=b0181a94-5f12-46aa-9fef-7867133ea054#dossier,https://www.wis-tns.org/object/2026yuf,,,,,,,
AT2026yug,SIDEREAL,15.979689299895,-10.676554355349,2000.0,3965329b-d010-4546-8699-034e1b7d56fe,58.52,Unclassified,electromagnetic,https://jackmcguireastro.github.io/ctas.html?event=3965329b-d010-4546-8699-034e1b7d56fe#dossier,https://www.wis-tns.org/object/2026yug,,,,,,,
AT2026yuh,SIDEREAL,343.3440608,-18.0146156,2000.0,344a9b2d-120c-4afd-8f1a-e3fdd439cf93,77.14,Unclassified,electromagnetic,https://jackmcguireastro.github.io/ctas.html?event=344a9b2d-120c-4afd-8f1a-e3fdd439cf93#dossier,https://www.wis-tns.org/object/2026yuh,,,,,,,
AT2026yuc,SIDEREAL,329.59893227,-28.9575421031,2000.0,6ccbfe62-2044-48b9-8e89-677df49f692e,65.15,Unclassified,electromagnetic,https://jackmcguireastro.github.io/ctas.html?event=6ccbfe62-2044-48b9-8e89-677df49f692e#dossier,https://www.wis-tns.org/object/2026yuc,,,,,,,
AT2026yud,SIDEREAL,314.856072962,10.8894211251,2000.0,ea510083-d328-40fb-9034-61153ce6910f,63.47,Unclassified,electromagnetic,https://jackmcguireastro.github.io/ctas.html?event=ea510083-d328-40fb-9034-61153ce6910f#dossier,https://www.wis-tns.org/object/2026yud,,,,,,,
Einstein Probe-01709278129,SIDEREAL,307.783,-9.857,2000.0,34019ed4-8129-40c8-8634-59d01c9a9c59,81.96,Unclassified,x-ray,https://jackmcguireastro.github.io/ctas.html?event=34019ed4-8129-40c8-8634-59d01c9a9c59#dossier,,01709278129,,,,,,
AT2020nlb,SIDEREAL,186.35075416666666,18.203477777777778,2000.0,0cef8253-fa70-4d0f-8c51-132f863be200,54.0,Unclassified,electromagnetic,https://jackmcguireastro.github.io/ctas.html?event=0cef8253-fa70-4d0f-8c51-132f863be200#dossier,,2020nlb,SN2020nlb,,,,,
AT1987A,SIDEREAL,83.86662083333331,-69.26986111111111,2000.0,bcf01271-9fd8-4c96-97be-343fe421dbad,54.0,Unclassified,electromagnetic,https://jackmcguireastro.github.io/ctas.html?event=bcf01271-9fd8-4c96-97be-343fe421dbad#dossier,,1987A,SN1987A,,,,,
AT2019xis,SIDEREAL,84.05708333333331,-69.27352777777777,2000.0,66fe3c7b-9df8-4401-91ae-164829689401,54.0,Unclassified,electromagnetic,https://jackmcguireastro.github.io/ctas.html?event=66fe3c7b-9df8-4401-91ae-164829689401#dossier,,2019xis,SN2019xis,,,,,
AT2023ixf,SIDEREAL,210.91068333333334,54.31167222222222,2000.0,b5113a9e-4e82-4fd4-a16a-a205830c78b9,54.0,Unclassified,electromagnetic,https://jackmcguireastro.github.io/ctas.html?event=b5113a9e-4e82-4fd4-a16a-a205830c78b9#dossier,,2023ixf,SN2023ixf,,,,,
AT2026yua,SIDEREAL,356.947102,17.46296,2000.0,05b4aea2-99a1-453b-a737-7d3f9bbb76f1,56.58,Unclassified,electromagnetic,https://jackmcguireastro.github.io/ctas.html?event=05b4aea2-99a1-453b-a737-7d3f9bbb76f1#dossier,https://www.wis-tns.org/object/2026yua,,,,,,,
AT2026yub,SIDEREAL,3.104932,-1.415345,2000.0,ba7fba95-8038-4dfa-8ca5-7c49dff4fa52,56.15,Unclassified,electromagnetic,https://jackmcguireastro.github.io/ctas.html?event=ba7fba95-8038-4dfa-8ca5-7c49dff4fa52#dossier,https://www.wis-tns.org/object/2026yub,,,,,,,
AT2020hvp,SIDEREAL,245.439125,-2.289236111111111,2000.0,f239c4a5-b2fc-4e6a-aaf4-d1e27e2c7c0f,54.0,Unclassified,electromagnetic,https://jackmcguireastro.github.io/ctas.html?event=f239c4a5-b2fc-4e6a-aaf4-d1e27e2c7c0f#dossier,,2020hvp,SN2020hvp,,,,,
AT2023tyk,SIDEREAL,143.79808333333332,83.9734611111111,2000.0,877c89f6-a20c-4dcf-b03a-85f23ff4629e,54.0,Unclassified,electromagnetic,https://jackmcguireastro.github.io/ctas.html?event=877c89f6-a20c-4dcf-b03a-85f23ff4629e#dossier,,2023tyk,SN2023tyk,,,,,
AT2020jfo,SIDEREAL,185.46032916666664,4.481705555555556,2000.0,5b8bde90-a0a8-46e2-b0bc-96a1203c0d32,54.0,Unclassified,electromagnetic,https://jackmcguireastro.github.io/ctas.html?event=5b8bde90-a0a8-46e2-b0bc-96a1203c0d32#dossier,,2020jfo,SN2020jfo,,,,,
AT2022owj,SIDEREAL,214.87512499999997,52.86666666666667,2000.0,43c341f8-6275-4329-8af5-f86d7624dde1,54.0,Unclassified,electromagnetic,https://jackmcguireastro.github.io/ctas.html?event=43c341f8-6275-4329-8af5-f86d7624dde1#dossier,,2022owj,SN2022owj,,,,,
AT2026pjn,SIDEREAL,175.09058749999997,-2.7036583333333337,2000.0,42d0fcc8-1e0c-4bea-be7d-4ed18ad75f07,54.0,Unclassified,electromagnetic,https://jackmcguireastro.github.io/ctas.html?event=42d0fcc8-1e0c-4bea-be7d-4ed18ad75f07#dossier,,2026pjn,SN2026pjn,,,,,
AT2026oxt,SIDEREAL,240.04323749999995,22.153038888888887,2000.0,7deaf389-67b9-4f1e-91d3-e01e0f39ce38,54.0,Unclassified,electromagnetic,https://jackmcguireastro.github.io/ctas.html?event=7deaf389-67b9-4f1e-91d3-e01e0f39ce38#dossier,,2026oxt,SN2026oxt,,,,,
AT2026owx,SIDEREAL,269.50942083333325,28.247091666666666,2000.0,7023a80f-e298-4335-9b67-bc3f57c875c5,54.0,Unclassified,electromagnetic,https://jackmcguireastro.github.io/ctas.html?event=7023a80f-e298-4335-9b67-bc3f57c875c5#dossier,,2026owx,SN2026owx,,,,,
AT2026owd,SIDEREAL,306.9902125,12.172794444444444,2000.0,1da45e51-3470-4a47-bb3d-ca290d0aca01,54.0,Unclassified,electromagnetic,https://jackmcguireastro.github.io/ctas.html?event=1da45e51-3470-4a47-bb3d-ca290d0aca01#dossier,,2026owd,SN2026owd,,,,,
AT2026our,SIDEREAL,284.00933749999996,35.95019444444445,2000.0,febba66d-e0d8-4bd7-b87d-1f86e87dbf6b,54.0,Unclassified,electromagnetic,https://jackmcguireastro.github.io/ctas.html?event=febba66d-e0d8-4bd7-b87d-1f86e87dbf6b#dossier,,2026our,SN2026our,,,,,
AT2026osq,SIDEREAL,317.8554708333333,14.241788888888887,2000.0,4dd17c77-ebd2-4342-a9d5-f90961d6e825,54.0,Unclassified,electromagnetic,https://jackmcguireastro.github.io/ctas.html?event=4dd17c77-ebd2-4342-a9d5-f90961d6e825#dossier,,2026osq,SN2026osq,,,,,
AT2026pky,SIDEREAL,346.8561708333333,32.37975,2000.0,6b2af08c-be0f-4645-a693-5519c24a0932,54.0,Unclassified,electromagnetic,https://jackmcguireastro.github.io/ctas.html?event=6b2af08c-be0f-4645-a693-5519c24a0932#dossier,,2026pky,SN2026pky,,,,,
AT2020nbs,SIDEREAL,318.59391666666664,-8.994344444444444,2000.0,02b3971b-831a-4375-91a8-c02d0200cac8,60.4,Unclassified,electromagnetic,https://jackmcguireastro.github.io/ctas.html?event=02b3971b-831a-4375-91a8-c02d0200cac8#dossier,,2020nbs,SN2020nbs,ATLAS20qba,ZTF18acgxjuy,,,
AT2026osc,SIDEREAL,325.68757083333327,13.89466111111111,2000.0,9c2391ed-01f4-482d-86a8-0d6ef2eabd1f,54.0,Unclassified,electromagnetic,https://jackmcguireastro.github.io/ctas.html?event=9c2391ed-01f4-482d-86a8-0d6ef2eabd1f#dossier,,2026osc,SN2026osc,,,,,
AT2026ogd,SIDEREAL,273.88318749999996,33.120875,2000.0,d43b14ac-8da9-49a4-bf4e-6558ea8dc5a4,54.0,Unclassified,electromagnetic,https://jackmcguireastro.github.io/ctas.html?event=d43b14ac-8da9-49a4-bf4e-6558ea8dc5a4#dossier,,2026ogd,SN2026ogd,,,,,
AT2026ong,SIDEREAL,314.46862083333326,34.27740277777778,2000.0,b6d379b0-49cd-4268-b25d-c594cd3810ba,54.0,Unclassified,electromagnetic,https://jackmcguireastro.github.io/ctas.html?event=b6d379b0-49cd-4268-b25d-c594cd3810ba#dossier,,2026ong,SN2026ong,,,,,
AT2026ous,SIDEREAL,296.59105,40.96505277777778,2000.0,0bb1bc11-beb4-4d8a-861e-3e5c3e47dadc,54.0,Unclassified,electromagnetic,https://jackmcguireastro.github.io/ctas.html?event=0bb1bc11-beb4-4d8a-861e-3e5c3e47dadc#dossier,,2026ous,SN2026ous,,,,,
AT2026paj,SIDEREAL,267.1073083333333,32.00248333333333,2000.0,22664a2e-84e5-488b-93d7-4988fb9cc41c,54.0,Unclassified,electromagnetic,https://jackmcguireastro.github.io/ctas.html?event=22664a2e-84e5-488b-93d7-4988fb9cc41c#dossier,,2026paj,SN2026paj,,,,,
AT2023aew,SIDEREAL,265.2140416666667,66.20631944444445,2000.0,60e3178d-5ec3-407c-8b89-6011a6d64b8c,54.0,Unclassified,electromagnetic,https://jackmcguireastro.github.io/ctas.html?event=60e3178d-5ec3-407c-8b89-6011a6d64b8c#dossier,,2023aew,SN2023aew,,,,,
AT2025amdo,SIDEREAL,159.31235416666667,30.624747222222222,2000.0,3d95be05-d014-4587-a03b-4f186ef2e4a6,54.0,Unclassified,electromagnetic,https://jackmcguireastro.github.io/ctas.html?event=3d95be05-d014-4587-a03b-4f186ef2e4a6#dossier,,2025amdo,SN2025amdo,,,,,
AT2026pil,SIDEREAL,337.8461458333333,-19.579630555555557,2000.0,cde42331-e113-41cb-8def-d41560615491,54.0,Unclassified,electromagnetic,https://jackmcguireastro.github.io/ctas.html?event=cde42331-e113-41cb-8def-d41560615491#dossier,,2026pil,SN2026pil,,,,,
AT2026pnc,SIDEREAL,322.8564833333333,-49.31536388888889,2000.0,f1d848fb-4c92-44d0-aded-469124810bda,54.0,Unclassified,electromagnetic,https://jackmcguireastro.github.io/ctas.html?event=f1d848fb-4c92-44d0-aded-469124810bda#dossier,,2026pnc,SN2026pnc,,,,,
AT2026pmo,SIDEREAL,159.41696249999998,15.455433333333332,2000.0,15b6e501-e30c-445c-94c5-a28f660f850c,54.0,Unclassified,electromagnetic,https://jackmcguireastro.github.io/ctas.html?event=15b6e501-e30c-445c-94c5-a28f660f850c#dossier,,2026pmo,SN2026pmo,,,,,
AT2026pkg,SIDEREAL,205.88058333333333,-28.95368611111111,2000.0,788c1a58-b6b6-4084-b1a5-3552271e87ec,54.0,Unclassified,electromagnetic,https://jackmcguireastro.github.io/ctas.html?event=788c1a58-b6b6-4084-b1a5-3552271e87ec#dossier,,2026pkg,SN2026pkg,,,,,
AT2026pmv,SIDEREAL,315.51604166666664,-43.335300000000004,2000.0,6cc408a6-0303-4ca8-84c7-26e84bcec01d,54.0,Unclassified,electromagnetic,https://jackmcguireastro.github.io/ctas.html?event=6cc408a6-0303-4ca8-84c7-26e84bcec01d#dossier,,2026pmv,SN2026pmv,,,,,
AT2026pkz,SIDEREAL,190.316275,-31.33843333333333,2000.0,2b039314-c87b-431c-b75e-050c6e67f832,54.0,Unclassified,electromagnetic,https://jackmcguireastro.github.io/ctas.html?event=2b039314-c87b-431c-b75e-050c6e67f832#dossier,,2026pkz,SN2026pkz,,,,,
AT2026obc,SIDEREAL,16.955970833333332,41.99538611111111,2000.0,b2d60dc0-0516-4483-9501-f4a42b5fa05a,54.0,Unclassified,electromagnetic,https://jackmcguireastro.github.io/ctas.html?event=b2d60dc0-0516-4483-9501-f4a42b5fa05a#dossier,,2026obc,SN2026obc,,,,,
AT2026qbk,SIDEREAL,29.88969583333333,-56.356430555555555,2000.0,3cecc924-872d-466f-89bb-b09e5c6916a4,54.0,Unclassified,electromagnetic,https://jackmcguireastro.github.io/ctas.html?event=3cecc924-872d-466f-89bb-b09e5c6916a4#dossier,,2026qbk,SN2026qbk,,,,,
AT2026qbu,SIDEREAL,210.76931666666664,8.948069444444444,2000.0,10a85618-c1ef-4ec0-b87a-06fc58109685,54.0,Unclassified,electromagnetic,https://jackmcguireastro.github.io/ctas.html?event=10a85618-c1ef-4ec0-b87a-06fc58109685#dossier,,2026qbu,SN2026qbu,,,,,
AT2026puh,SIDEREAL,294.66234166666663,-39.663694444444445,2000.0,8dd1555f-5f6f-458b-baf7-b863016424e8,54.0,Unclassified,electromagnetic,https://jackmcguireastro.github.io/ctas.html?event=8dd1555f-5f6f-458b-baf7-b863016424e8#dossier,,2026puh,SN2026puh,,,,,
AT2024lwa,SIDEREAL,338.1960708333333,-9.447008333333333,2000.0,545bb5e7-6f38-4406-88f0-9ee2d13aad6b,54.0,Unclassified,electromagnetic,https://jackmcguireastro.github.io/ctas.html?event=545bb5e7-6f38-4406-88f0-9ee2d13aad6b#dossier,,2024lwa,SN2024lwa,,,,,
AT2026qqg,SIDEREAL,166.7307958333333,-4.117977777777777,2000.0,0d4ed47a-b129-44cd-b9d2-0f7b278aa5bf,54.0,Unclassified,electromagnetic,https://jackmcguireastro.github.io/ctas.html?event=0d4ed47a-b129-44cd-b9d2-0f7b278aa5bf#dossier,,2026qqg,SN2026qqg,,,,,
AT2026qdn,SIDEREAL,180.8952875,-6.743719444444444,2000.0,d61c6e2c-f6cd-402f-99fb-fcaf4eb38a54,54.0,Unclassified,electromagnetic,https://jackmcguireastro.github.io/ctas.html?event=d61c6e2c-f6cd-402f-99fb-fcaf4eb38a54#dossier,,2026qdn,SN2026qdn,,,,,
AT2026qdr,SIDEREAL,252.5416666666666,-18.46286111111111,2000.0,7d492bbb-d729-422d-a1f6-374e0027579e,54.0,Unclassified,electromagnetic,https://jackmcguireastro.github.io/ctas.html?event=7d492bbb-d729-422d-a1f6-374e0027579e#dossier,,2026qdr,SN2026qdr,,,,,
AT2026pla,SIDEREAL,203.00012916666665,-27.026727777777776,2000.0,1e190b83-004c-4069-9da4-9c847abf7cc9,54.0,Unclassified,electromagnetic,https://jackmcguireastro.github.io/ctas.html?event=1e190b83-004c-4069-9da4-9c847abf7cc9#dossier,,2026pla,SN2026pla,,,,,
AT2026qad,SIDEREAL,244.7708208333333,-61.299775,2000.0,7deac282-02df-4949-a843-692b366ddef5,54.0,Unclassified,electromagnetic,https://jackmcguireastro.github.io/ctas.html?event=7deac282-02df-4949-a843-692b366ddef5#dossier,,2026qad,SN2026qad,,,,,
AT2026ojj,SIDEREAL,213.08841249999995,-29.099113888888887,2000.0,9323f33a-083d-4249-a800-9fd7c3cfeb2f,54.0,Unclassified,electromagnetic,https://jackmcguireastro.github.io/ctas.html?event=9323f33a-083d-4249-a800-9fd7c3cfeb2f#dossier,,2026ojj,SN2026ojj,,,,,
AT2026ofr,SIDEREAL,200.46874166666663,-36.63542777777778,2000.0,a0e365fe-d77e-4142-9e8c-48bcb31aeecb,54.0,Unclassified,electromagnetic,https://jackmcguireastro.github.io/ctas.html?event=a0e365fe-d77e-4142-9e8c-48bcb31aeecb#dossier,,2026ofr,SN2026ofr,,,,,
AT2026noc,SIDEREAL,176.13797916666664,-68.80915,2000.0,03999e38-1a1a-4006-b743-7070cee5b102,54.0,Unclassified,electromagnetic,https://jackmcguireastro.github.io/ctas.html?event=03999e38-1a1a-4006-b743-7070cee5b102#dossier,,2026noc,SN2026noc,,,,,
AT2026nmo,SIDEREAL,215.98594166666663,-58.62965,2000.0,64e93336-cba5-489e-aa88-90c24e7b57a4,54.0,Unclassified,electromagnetic,https://jackmcguireastro.github.io/ctas.html?event=64e93336-cba5-489e-aa88-90c24e7b57a4#dossier,,2026nmo,SN2026nmo,,,,,
AT2026nco,SIDEREAL,251.24250416666663,-12.020586111111111,2000.0,699ffa55-abbd-47b2-8f8f-e7846fe34100,54.0,Unclassified,electromagnetic,https://jackmcguireastro.github.io/ctas.html?event=699ffa55-abbd-47b2-8f8f-e7846fe34100#dossier,,2026nco,SN2026nco,,,,,
AT2026mqo,SIDEREAL,203.21225416666664,-27.052902777777778,2000.0,ac05d288-1138-4962-b559-940bc3959f6a,54.0,Unclassified,electromagnetic,https://jackmcguireastro.github.io/ctas.html?event=ac05d288-1138-4962-b559-940bc3959f6a#dossier,,2026mqo,SN2026mqo,,,,,
AT2026qui,SIDEREAL,239.90435833333328,7.8503694444444445,2000.0,d58781ad-6fb3-466d-84f4-4b7ae1ac4869,54.0,Unclassified,electromagnetic,https://jackmcguireastro.github.io/ctas.html?event=d58781ad-6fb3-466d-84f4-4b7ae1ac4869#dossier,,2026qui,SN2026qui,,,,,
AT2026qco,SIDEREAL,246.43002916666669,46.24285833333333,2000.0,5604b44e-746e-4081-854a-c26f62e6a225,54.0,Unclassified,electromagnetic,https://jackmcguireastro.github.io/ctas.html?event=5604b44e-746e-4081-854a-c26f62e6a225#dossier,,2026qco,SN2026qco,,,,,
AT2026nwx,SIDEREAL,232.48511249999996,61.267383333333335,2000.0,ddd691a8-27d6-4c96-a715-08a934054c0d,54.0,Unclassified,electromagnetic,https://jackmcguireastro.github.io/ctas.html?event=ddd691a8-27d6-4c96-a715-08a934054c0d#dossier,,2026nwx,SN2026nwx,,,,,
AT2026nux,SIDEREAL,174.87655416666664,55.94310833333333,2000.0,2d796e39-f5d1-4b52-911e-dcb7622e99bb,54.0,Unclassified,electromagnetic,https://jackmcguireastro.github.io/ctas.html?event=2d796e39-f5d1-4b52-911e-dcb7622e99bb#dossier,,2026nux,SN2026nux,,,,,
AT2026nuj,SIDEREAL,242.2329708333333,32.69275833333333,2000.0,86fbf07a-91c4-4247-9fa1-8db77e7fb199,54.0,Unclassified,electromagnetic,https://jackmcguireastro.github.io/ctas.html?event=86fbf07a-91c4-4247-9fa1-8db77e7fb199#dossier,,2026nuj,SN2026nuj,,,,,
AT2026nth,SIDEREAL,247.61974999999995,53.88090833333333,2000.0,0cef50c0-518a-4c37-93f5-9cf0cf94f004,54.0,Unclassified,electromagnetic,https://jackmcguireastro.github.io/ctas.html?event=0cef50c0-518a-4c37-93f5-9cf0cf94f004#dossier,,2026nth,SN2026nth,,,,,
AT2026qfd,SIDEREAL,329.9326875,-20.022330555555556,2000.0,43bd8dae-b1fa-4e81-a99a-cf479b460e98,54.0,Unclassified,electromagnetic,https://jackmcguireastro.github.io/ctas.html?event=43bd8dae-b1fa-4e81-a99a-cf479b460e98#dossier,,2026qfd,SN2026qfd,,,,,
AT2026pxz,SIDEREAL,208.5817875,-31.440780555555556,2000.0,3936211c-863d-40b9-a782-dd036dcd3904,54.0,Unclassified,electromagnetic,https://jackmcguireastro.github.io/ctas.html?event=3936211c-863d-40b9-a782-dd036dcd3904#dossier,,2026pxz,SN2026pxz,,,,,
AT2026yeu,SIDEREAL,32.3389075,-21.407275,2000.0,c6d4de25-23df-4740-9e09-404bcdd7b7b2,56.05,Unclassified,electromagnetic,https://jackmcguireastro.github.io/ctas.html?event=c6d4de25-23df-4740-9e09-404bcdd7b7b2#dossier,https://www.wis-tns.org/object/2026yeu,,,,,,,
AT2026yfd,SIDEREAL,72.1044125,-18.0697275,2000.0,e13d79fd-7653-48e0-a40b-309284d6f357,58.4,Unclassified,electromagnetic,https://jackmcguireastro.github.io/ctas.html?event=e13d79fd-7653-48e0-a40b-309284d6f357#dossier,https://www.wis-tns.org/object/2026yfd,,,,,,,
AT2020aboe,SIDEREAL,5.634387499999999,23.69214722222222,2000.0,3644049f-585e-4562-8905-fdfe220bb109,54.0,Unclassified,electromagnetic,https://jackmcguireastro.github.io/ctas.html?event=3644049f-585e-4562-8905-fdfe220bb109#dossier,,2020aboe,SN2020aboe,,,,,
AT2026rsp,SIDEREAL,335.64971249999996,4.738269444444445,2000.0,c9b9f7c5-fa90-4ed5-b53f-c0861e0e42db,54.0,Unclassified,electromagnetic,https://jackmcguireastro.github.io/ctas.html?event=c9b9f7c5-fa90-4ed5-b53f-c0861e0e42db#dossier,,2026rsp,SN2026rsp,,,,,
AT2026sun,SIDEREAL,60.86292499999999,-57.72976666666667,2000.0,a2a08acd-007b-4bfe-a1f8-1c0905f94e18,48.69,SN II,electromagnetic,https://jackmcguireastro.github.io/ctas.html?event=a2a08acd-007b-4bfe-a1f8-1c0905f94e18#dossier,https://www.wis-tns.org/object/2026sun,SN2026sun,2026sun,,,,,
AT2026tim,SIDEREAL,301.92088333333334,-29.576947222222223,2000.0,9f01be86-15d3-4fb9-891e-0b5ed52fb932,54.0,Unclassified,electromagnetic,https://jackmcguireastro.github.io/ctas.html?event=9f01be86-15d3-4fb9-891e-0b5ed52fb932#dossier,,2026tim,SN2026tim,,,,,
AT2021syi,SIDEREAL,221.70560416666666,15.772022222222223,2000.0,9f6c6e52-a13f-4aeb-9ed5-84032e65ad06,54.0,Unclassified,electromagnetic,https://jackmcguireastro.github.io/ctas.html?event=9f6c6e52-a13f-4aeb-9ed5-84032e65ad06#dossier,,2021syi,SN2021syi,,,,,
AT2018jir,SIDEREAL,139.3318625,11.628497222222222,2000.0,e980a5ce-e5c3-481e-9bfe-d907fb7440dc,54.0,Unclassified,electromagnetic,https://jackmcguireastro.github.io/ctas.html?event=e980a5ce-e5c3-481e-9bfe-d907fb7440dc#dossier,,2018jir,SN2018jir,,,,,
AT2021ahvo,SIDEREAL,150.80749166666666,28.662369444444444,2000.0,d0fb34c3-ebb4-4254-8263-59c5cf8ab4ac,54.0,Unclassified,electromagnetic,https://jackmcguireastro.github.io/ctas.html?event=d0fb34c3-ebb4-4254-8263-59c5cf8ab4ac#dossier,,2021ahvo,SN2021ahvo,,,,,
AT2020xmt,SIDEREAL,136.81136666666666,16.62253611111111,2000.0,dc5f34f1-3473-479a-bedc-40f1414f4570,54.0,Unclassified,electromagnetic,https://jackmcguireastro.github.io/ctas.html?event=dc5f34f1-3473-479a-bedc-40f1414f4570#dossier,,2020xmt,SN2020xmt,,,,,
AT2020vdq,SIDEREAL,152.22266666666664,42.71673055555556,2000.0,655cbccd-d957-44a6-9450-f79ce66aa2ac,54.0,Unclassified,electromagnetic,https://jackmcguireastro.github.io/ctas.html?event=655cbccd-d957-44a6-9450-f79ce66aa2ac#dossier,,2020vdq,SN2020vdq,,,,,
AT2026sqf,SIDEREAL,159.69983749999997,53.50947222222222,2000.0,94fd2abb-1dc5-4c1a-b48d-288abb3859f9,54.0,Unclassified,electromagnetic,https://jackmcguireastro.github.io/ctas.html?event=94fd2abb-1dc5-4c1a-b48d-288abb3859f9#dossier,,2026sqf,SN2026sqf,,,,,
AT2026rcy,SIDEREAL,325.687575,-17.686422222222223,2000.0,9fefbd61-2e06-47c4-b0b6-5f8fb18f479d,54.0,Unclassified,electromagnetic,https://jackmcguireastro.github.io/ctas.html?event=9fefbd61-2e06-47c4-b0b6-5f8fb18f479d#dossier,,2026rcy,SN2026rcy,,,,,
AT2026qzl,SIDEREAL,347.3461208333333,1.0029166666666667,2000.0,2c747e31-d739-45dd-a778-de3acb498de5,54.0,Unclassified,electromagnetic,https://jackmcguireastro.github.io/ctas.html?event=2c747e31-d739-45dd-a778-de3acb498de5#dossier,,2026qzl,SN2026qzl,,,,,
AT2026srw,SIDEREAL,337.6532375,-0.11015,2000.0,1bb35627-96e2-4450-b838-f1be563f67db,54.0,Unclassified,electromagnetic,https://jackmcguireastro.github.io/ctas.html?event=1bb35627-96e2-4450-b838-f1be563f67db#dossier,,2026srw,SN2026srw,,,,,
AT2025imk,SIDEREAL,213.6140583333333,13.610222222222221,2000.0,81cd8c54-a84f-4fa4-bb63-cbc58bf96a48,54.0,Unclassified,electromagnetic,https://jackmcguireastro.github.io/ctas.html?event=81cd8c54-a84f-4fa4-bb63-cbc58bf96a48#dossier,,2025imk,SN2025imk,,,,,
AT2025ikg,SIDEREAL,228.25632499999998,34.6658,2000.0,524dda24-8339-457d-ad5b-a591063d3db4,54.0,Unclassified,electromagnetic,https://jackmcguireastro.github.io/ctas.html?event=524dda24-8339-457d-ad5b-a591063d3db4#dossier,,2025ikg,SN2025ikg,,,,,
AT2025ijv,SIDEREAL,259.4081,25.916155555555555,2000.0,6e6e0295-36c0-4da8-8368-17977403e80d,54.0,Unclassified,electromagnetic,https://jackmcguireastro.github.io/ctas.html?event=6e6e0295-36c0-4da8-8368-17977403e80d#dossier,,2025ijv,SN2025ijv,,,,,
AT2025iiv,SIDEREAL,171.83054999999996,22.049875,2000.0,60c6f8f5-3ba5-4126-89d5-76822f0475a5,54.0,Unclassified,electromagnetic,https://jackmcguireastro.github.io/ctas.html?event=60c6f8f5-3ba5-4126-89d5-76822f0475a5#dossier,,2025iiv,SN2025iiv,,,,,
AT2025iit,SIDEREAL,194.89724166666662,15.048466666666666,2000.0,4193c04f-6df9-4497-a270-fb25408d4ed4,54.0,Unclassified,electromagnetic,https://jackmcguireastro.github.io/ctas.html?event=4193c04f-6df9-4497-a270-fb25408d4ed4#dossier,,2025iit,SN2025iit,,,,,
AT2025iil,SIDEREAL,229.8068708333333,6.130069444444444,2000.0,e5988551-9fde-48bc-99bb-7564f37cc97e,54.0,Unclassified,electromagnetic,https://jackmcguireastro.github.io/ctas.html?event=e5988551-9fde-48bc-99bb-7564f37cc97e#dossier,,2025iil,SN2025iil,,,,,
AT2025iif,SIDEREAL,240.0861458333333,28.333377777777777,2000.0,5243eacf-0ea6-4c36-bd6a-196defe2eb59,54.0,Unclassified,electromagnetic,https://jackmcguireastro.github.io/ctas.html?event=5243eacf-0ea6-4c36-bd6a-196defe2eb59#dossier,,2025iif,SN2025iif,,,,,
AT2025iic,SIDEREAL,277.52653749999996,28.324638888888888,2000.0,241f5393-7011-4fcf-9c90-07289d1ceeb1,54.0,Unclassified,electromagnetic,https://jackmcguireastro.github.io/ctas.html?event=241f5393-7011-4fcf-9c90-07289d1ceeb1#dossier,,2025iic,SN2025iic,,,,,
AT2025ihj,SIDEREAL,292.19738749999993,41.90839166666667,2000.0,eb6c438b-a2f2-48f6-8ac6-3944d2cd231e,54.0,Unclassified,electromagnetic,https://jackmcguireastro.github.io/ctas.html?event=eb6c438b-a2f2-48f6-8ac6-3944d2cd231e#dossier,,2025ihj,SN2025ihj,,,,,
AT2025idt,SIDEREAL,192.3417458333333,26.630761111111113,2000.0,8fac2504-9dcf-429a-b4b1-5d3591680f81,54.0,Unclassified,electromagnetic,https://jackmcguireastro.github.io/ctas.html?event=8fac2504-9dcf-429a-b4b1-5d3591680f81#dossier,,2025idt,SN2025idt,,,,,
AT2025ico,SIDEREAL,235.1287958333333,34.154091666666666,2000.0,ab781386-7bca-4315-804f-cfe3ab73c515,54.0,Unclassified,electromagnetic,https://jackmcguireastro.github.io/ctas.html?event=ab781386-7bca-4315-804f-cfe3ab73c515#dossier,,2025ico,SN2025ico,,,,,
AT2025icd,SIDEREAL,240.75449583333332,44.57928611111112,2000.0,9e1acb73-b811-42bd-819d-c585e3068703,54.0,Unclassified,electromagnetic,https://jackmcguireastro.github.io/ctas.html?event=9e1acb73-b811-42bd-819d-c585e3068703#dossier,,2025icd,SN2025icd,,,,,
AT2025iau,SIDEREAL,207.6872125,49.34155555555556,2000.0,bf34d2cb-dc42-4ff4-a37b-2d9a5c6f08a9,54.0,Unclassified,electromagnetic,https://jackmcguireastro.github.io/ctas.html?event=bf34d2cb-dc42-4ff4-a37b-2d9a5c6f08a9#dossier,,2025iau,SN2025iau,,,,,
AT2025hzp,SIDEREAL,207.63377916666667,23.35365277777778,2000.0,243a6e72-1214-4835-b804-7c1e793efe12,54.0,Unclassified,electromagnetic,https://jackmcguireastro.github.io/ctas.html?event=243a6e72-1214-4835-b804-7c1e793efe12#dossier,,2025hzp,SN2025hzp,,,,,
AT2025hym,SIDEREAL,218.85729583333332,26.670933333333334,2000.0,8f13c501-36f8-4fa8-ab51-c60d6fedbff7,54.0,Unclassified,electromagnetic,https://jackmcguireastro.github.io/ctas.html?event=8f13c501-36f8-4fa8-ab51-c60d6fedbff7#dossier,,2025hym,SN2025hym,,,,,
AT2025hxf,SIDEREAL,238.27086666666665,20.635702777777777,2000.0,d1c53ad0-5555-4d80-8863-2ea31a9c78a6,54.0,Unclassified,electromagnetic,https://jackmcguireastro.github.io/ctas.html?event=d1c53ad0-5555-4d80-8863-2ea31a9c78a6#dossier,,2025hxf,SN2025hxf,,,,,
AT2025hvq,SIDEREAL,172.86054583333333,15.727652777777777,2000.0,389fc8c0-82c3-441c-ae82-d752273a6926,54.0,Unclassified,electromagnetic,https://jackmcguireastro.github.io/ctas.html?event=389fc8c0-82c3-441c-ae82-d752273a6926#dossier,,2025hvq,SN2025hvq,,,,,
AT2025hoq,SIDEREAL,240.43321666666665,31.474352777777778,2000.0,53533fb4-50ec-46cb-ae07-61cc9f906042,54.0,Unclassified,electromagnetic,https://jackmcguireastro.github.io/ctas.html?event=53533fb4-50ec-46cb-ae07-61cc9f906042#dossier,,2025hoq,SN2025hoq,,,,,
AT2025hnv,SIDEREAL,219.49973749999998,14.454863888888887,2000.0,f9b01d51-2567-4079-ac70-a2c2b5ac5ca6,54.0,Unclassified,electromagnetic,https://jackmcguireastro.github.io/ctas.html?event=f9b01d51-2567-4079-ac70-a2c2b5ac5ca6#dossier,,2025hnv,SN2025hnv,,,,,
AT2025hmf,SIDEREAL,295.90583749999996,48.39855,2000.0,49a1dc84-e5d2-4e39-90eb-41f6a069662f,54.0,Unclassified,electromagnetic,https://jackmcguireastro.github.io/ctas.html?event=49a1dc84-e5d2-4e39-90eb-41f6a069662f#dossier,,2025hmf,SN2025hmf,,,,,
AT2025hkd,SIDEREAL,194.51250416666664,9.723347222222221,2000.0,5459a135-8c7c-448f-99cc-84b5000c1072,54.0,Unclassified,electromagnetic,https://jackmcguireastro.github.io/ctas.html?event=5459a135-8c7c-448f-99cc-84b5000c1072#dossier,,2025hkd,SN2025hkd,,,,,
AT2025hes,SIDEREAL,255.44928749999997,24.707302777777777,2000.0,65b9e681-6c0f-43e7-a912-18d04db1140b,54.0,Unclassified,electromagnetic,https://jackmcguireastro.github.io/ctas.html?event=65b9e681-6c0f-43e7-a912-18d04db1140b#dossier,,2025hes,SN2025hes,,,,,
AT2025heg,SIDEREAL,275.1923083333333,19.625227777777777,2000.0,2d4689f1-9903-4e5d-9b3a-609a9063a621,54.0,Unclassified,electromagnetic,https://jackmcguireastro.github.io/ctas.html?event=2d4689f1-9903-4e5d-9b3a-609a9063a621#dossier,,2025heg,SN2025heg,,,,,
AT2025hcw,SIDEREAL,167.65528749999996,35.42536388888889,2000.0,5a002a68-243d-4995-b6e3-0b265ec53312,54.0,Unclassified,electromagnetic,https://jackmcguireastro.github.io/ctas.html?event=5a002a68-243d-4995-b6e3-0b265ec53312#dossier,,2025hcw,SN2025hcw,,,,,
AT2026tzm,SIDEREAL,356.9910333333333,0.1935361111111111,2000.0,3ec9a8b5-7e38-461f-8e79-6dc1c949f155,54.0,Unclassified,electromagnetic,https://jackmcguireastro.github.io/ctas.html?event=3ec9a8b5-7e38-461f-8e79-6dc1c949f155#dossier,,2026tzm,SN2026tzm,,,,,
AT2026rcf,SIDEREAL,356.9895625,0.19355,2000.0,f9ea10ad-bf1f-4e58-8470-a6bbfa45cdd5,54.0,Unclassified,electromagnetic,https://jackmcguireastro.github.io/ctas.html?event=f9ea10ad-bf1f-4e58-8470-a6bbfa45cdd5#dossier,,2026rcf,SN2026rcf,,,,,
AT2026pwc,SIDEREAL,197.83570416666663,79.32667222222221,2000.0,37a0ad02-9dc6-45fe-8ca2-7d95d544e8f6,54.0,Unclassified,electromagnetic,https://jackmcguireastro.github.io/ctas.html?event=37a0ad02-9dc6-45fe-8ca2-7d95d544e8f6#dossier,,2026pwc,SN2026pwc,,,,,
AT2026vbh,SIDEREAL,20.365929166666664,-10.618080555555556,2000.0,b2185fff-488e-49d5-8eb8-850e4f0c896c,54.0,Unclassified,electromagnetic,https://jackmcguireastro.github.io/ctas.html?event=b2185fff-488e-49d5-8eb8-850e4f0c896c#dossier,,2026vbh,SN2026vbh,,,,,
AT2026vec,SIDEREAL,180.84655833333332,20.01909722222222,2000.0,f1dfc6f8-30de-4969-8b99-517ce865bcd1,54.0,Unclassified,electromagnetic,https://jackmcguireastro.github.io/ctas.html?event=f1dfc6f8-30de-4969-8b99-517ce865bcd1#dossier,,2026vec,SN2026vec,,,,,
AT2026vqn,SIDEREAL,346.749505,-32.875955,2000.0,4ccd24ac-140d-4291-ab99-a342b07dfc8d,55.83,Unclassified,electromagnetic,https://jackmcguireastro.github.io/ctas.html?event=4ccd24ac-140d-4291-ab99-a342b07dfc8d#dossier,https://www.wis-tns.org/object/2026vqn,,,,,,,
AT2026ytu,SIDEREAL,6.6664171,0.5572838,2000.0,20694da7-f32b-45a1-ab71-522e5afe730b,70.2,Unclassified,electromagnetic,https://jackmcguireastro.github.io/ctas.html?event=20694da7-f32b-45a1-ab71-522e5afe730b#dossier,https://www.wis-tns.org/object/2026ytu,,,,,,,
AT2026ytv,SIDEREAL,111.856536,39.6101641,2000.0,4089ac9c-0ceb-4d38-8636-a4723697a5c8,73.26,Unclassified,electromagnetic,https://jackmcguireastro.github.io/ctas.html?event=4089ac9c-0ceb-4d38-8636-a4723697a5c8#dossier,https://www.wis-tns.org/object/2026ytv,,,,,,,
AT2026ytw,SIDEREAL,110.3924524,48.1050673,2000.0,f17ab118-052d-46a1-a962-1bb5b96599a7,72.44,Unclassified,electromagnetic,https://jackmcguireastro.github.io/ctas.html?event=f17ab118-052d-46a1-a962-1bb5b96599a7#dossier,https://www.wis-tns.org/object/2026ytw,,,,,,,
SN2026oot,SIDEREAL,28.1653191873,-17.2004232252,2000.0,e5159385-5d3d-4155-9dba-74f6a0c8cbd4,49.25,SN Ic-BL,electromagnetic,https://jackmcguireastro.github.io/ctas.html?event=e5159385-5d3d-4155-9dba-74f6a0c8cbd4#dossier,https://www.wis-tns.org/object/2026oot,,,,,,,
AT2026vfa,SIDEREAL,345.823251664,-7.99637344217,2000.0,42901d14-a3e8-439c-b808-4a43d84afa1f,57.58,Unclassified,electromagnetic,https://jackmcguireastro.github.io/ctas.html?event=42901d14-a3e8-439c-b808-4a43d84afa1f#dossier,https://www.wis-tns.org/object/2026vfa,,,,,,,
AT2026ygi,SIDEREAL,346.814975915,13.7462177848,2000.0,e19e7446-e70c-451f-8a78-610d3a7f1d35,54.88,Unclassified,electromagnetic,https://jackmcguireastro.github.io/ctas.html?event=e19e7446-e70c-451f-8a78-610d3a7f1d35#dossier,https://www.wis-tns.org/object/2026ygi,,,,,,,
AT2026yis,SIDEREAL,262.723891764,0.746189890829,2000.0,3bbd13d9-4b15-437f-b4d4-6c1134d94bcc,55.75,Unclassified,electromagnetic,https://jackmcguireastro.github.io/ctas.html?event=3bbd13d9-4b15-437f-b4d4-6c1134d94bcc#dossier,https://www.wis-tns.org/object/2026yis,,,,,,,
AT2026yty,SIDEREAL,254.612744942,18.3600785041,2000.0,086c8625-3485-4bd1-9eb1-a221dc6a40dc,66.91,Unclassified,electromagnetic,https://jackmcguireastro.github.io/ctas.html?event=086c8625-3485-4bd1-9eb1-a221dc6a40dc#dossier,https://www.wis-tns.org/object/2026yty,,,,,,,
AT2026yto,SIDEREAL,263.32333055,3.47722390825,2000.0,a1c5d23e-6f6a-4ec9-b95a-7928ee0456f9,66.8,Unclassified,electromagnetic,https://jackmcguireastro.github.io/ctas.html?event=a1c5d23e-6f6a-4ec9-b95a-7928ee0456f9#dossier,https://www.wis-tns.org/object/2026yto,,,,,,,
AT2026ytr,SIDEREAL,41.4827995,10.5839665,2000.0,ce194062-3455-491b-9cd1-95424716c75e,56.79,Unclassified,electromagnetic,https://jackmcguireastro.github.io/ctas.html?event=ce194062-3455-491b-9cd1-95424716c75e#dossier,https://www.wis-tns.org/object/2026ytr,,,,,,,
AT2026yts,SIDEREAL,32.012429448,-1.56405632711,2000.0,62f3aa48-e557-47b3-a3c4-1fd81a8dad94,78.27,Unclassified,electromagnetic,https://jackmcguireastro.github.io/ctas.html?event=62f3aa48-e557-47b3-a3c4-1fd81a8dad94#dossier,https://www.wis-tns.org/object/2026yts,,,,,,,
AT2026ytt,SIDEREAL,41.9591274687,-3.24897454983,2000.0,524eaba1-c08d-405d-bf2f-41e5f5ae36b5,77.35,Unclassified,electromagnetic,https://jackmcguireastro.github.io/ctas.html?event=524eaba1-c08d-405d-bf2f-41e5f5ae36b5#dossier,https://www.wis-tns.org/object/2026ytt,,,,,,,
SN2021zon,SIDEREAL,7.462212499999999,-6.473461111111111,2000.0,0eade9bd-24ea-4ebf-a95f-4e6e7e1cf73c,36.8,SN IIb,electromagnetic,https://jackmcguireastro.github.io/ctas.html?event=0eade9bd-24ea-4ebf-a95f-4e6e7e1cf73c#dossier,,AT2021zon,2021zon,ATLAS21bjix,PS21kiy,ZTF21acdupol,,
AT2026ytj,SIDEREAL,29.341375,27.9365897,2000.0,6a99e846-5179-4861-a98f-19ccafd5c573,55.78,Unclassified,electromagnetic,https://jackmcguireastro.github.io/ctas.html?event=6a99e846-5179-4861-a98f-19ccafd5c573#dossier,https://www.wis-tns.org/object/2026ytj,,,,,,,
AT2026ytk,SIDEREAL,37.9726236,18.6894397,2000.0,e85fb779-36bf-4e48-bb73-feac914b47c4,55.92,Unclassified,electromagnetic,https://jackmcguireastro.github.io/ctas.html?event=e85fb779-36bf-4e48-bb73-feac914b47c4#dossier,https://www.wis-tns.org/object/2026ytk,,,,,,,
AT2026ytl,SIDEREAL,34.5500573,29.0507074,2000.0,e8a40578-01d3-4ebc-a619-44519f5f9027,55.6,Unclassified,electromagnetic,https://jackmcguireastro.github.io/ctas.html?event=e8a40578-01d3-4ebc-a619-44519f5f9027#dossier,https://www.wis-tns.org/object/2026ytl,,,,,,,
AT2026ytm,SIDEREAL,335.8598371,2.847235,2000.0,8c76f3fd-4b69-43f1-9fc0-0dd33b9f2d08,55.98,Unclassified,electromagnetic,https://jackmcguireastro.github.io/ctas.html?event=8c76f3fd-4b69-43f1-9fc0-0dd33b9f2d08#dossier,https://www.wis-tns.org/object/2026ytm,,,,,,,
AT2026ytn,SIDEREAL,345.4848021,-10.2118728,2000.0,83e7b6c4-4ccc-412a-bafb-eeac77d40688,56.26,Unclassified,electromagnetic,https://jackmcguireastro.github.io/ctas.html?event=83e7b6c4-4ccc-412a-bafb-eeac77d40688#dossier,https://www.wis-tns.org/object/2026ytn,,,,,,,
AT2026ytp,SIDEREAL,267.9763584,16.1169187,2000.0,5437ad0d-f85a-4114-bea6-93dba21b0b7d,54.18,Unclassified,electromagnetic,https://jackmcguireastro.github.io/ctas.html?event=5437ad0d-f85a-4114-bea6-93dba21b0b7d#dossier,https://www.wis-tns.org/object/2026ytp,,,,,,,
AT2026ytq,SIDEREAL,238.4063622,1.3211355,2000.0,b0072450-6c2a-4d73-83f5-77993b60c608,55.48,Unclassified,electromagnetic,https://jackmcguireastro.github.io/ctas.html?event=b0072450-6c2a-4d73-83f5-77993b60c608#dossier,https://www.wis-tns.org/object/2026ytq,,,,,,,
AT2024aijt,SIDEREAL,213.0916689,6.404121,2000.0,088176ac-9419-4a14-885f-7109a50a0e18,56.16,Unclassified,electromagnetic,https://jackmcguireastro.github.io/ctas.html?event=088176ac-9419-4a14-885f-7109a50a0e18#dossier,https://www.wis-tns.org/object/2024aijt,,,,,,,
AT2026ytd,SIDEREAL,80.2669961,2.6108324,2000.0,86698665-ada0-4f89-a0b6-488099b04120,58.49,Unclassified,electromagnetic,https://jackmcguireastro.github.io/ctas.html?event=86698665-ada0-4f89-a0b6-488099b04120#dossier,https://www.wis-tns.org/object/2026ytd,,,,,,,
AT2026vsr,SIDEREAL,36.9681206,-10.4001534,2000.0,2657fafc-4c28-40ce-aa46-b27cfb56629e,60.62,Unclassified,electromagnetic,https://jackmcguireastro.github.io/ctas.html?event=2657fafc-4c28-40ce-aa46-b27cfb56629e#dossier,https://www.wis-tns.org/object/2026vsr,,,,,,,
AT2026ytf,SIDEREAL,78.6518949,7.2468899,2000.0,44dd1aa1-1ed1-4efc-91fc-a3feae73c261,56.94,Unclassified,electromagnetic,https://jackmcguireastro.github.io/ctas.html?event=44dd1aa1-1ed1-4efc-91fc-a3feae73c261#dossier,https://www.wis-tns.org/object/2026ytf,,,,,,,
AT2026ypw,SIDEREAL,39.3010684,15.344343,2000.0,fdbe5b6d-64fc-4e01-8543-d2311c762798,76.67,Unclassified,electromagnetic,https://jackmcguireastro.github.io/ctas.html?event=fdbe5b6d-64fc-4e01-8543-d2311c762798#dossier,https://www.wis-tns.org/object/2026ypw,,,,,,,
AT2026ytg,SIDEREAL,354.51855,13.1904181,2000.0,88a22fe1-f524-4166-be59-07245f2e6b98,54.97,Unclassified,electromagnetic,https://jackmcguireastro.github.io/ctas.html?event=88a22fe1-f524-4166-be59-07245f2e6b98#dossier,https://www.wis-tns.org/object/2026ytg,,,,,,,
AT2026yth,SIDEREAL,29.7589797,41.668656,2000.0,435aca82-5591-4b02-80bb-882623290935,58.65,Unclassified,electromagnetic,https://jackmcguireastro.github.io/ctas.html?event=435aca82-5591-4b02-80bb-882623290935#dossier,https://www.wis-tns.org/object/2026yth,,,,,,,
AT2026yti,SIDEREAL,287.8349241,-8.4306381,2000.0,28523107-815f-487f-9452-51b18f2cac36,55.53,Unclassified,electromagnetic,https://jackmcguireastro.github.io/ctas.html?event=28523107-815f-487f-9452-51b18f2cac36#dossier,https://www.wis-tns.org/object/2026yti,,,,,,,
AT2026yqm,SIDEREAL,18.519542,3.919797,2000.0,469b4298-2e4f-42e9-bfbd-8d742efbe5ff,53.85,Unclassified,electromagnetic,https://jackmcguireastro.github.io/ctas.html?event=469b4298-2e4f-42e9-bfbd-8d742efbe5ff#dossier,https://www.wis-tns.org/object/2026yqm,,,,,,,
AT2026yqn,SIDEREAL,31.061458,4.684164,2000.0,e802c10e-dd45-4222-8b57-cde3b3682281,51.05,Unclassified,electromagnetic,https://jackmcguireastro.github.io/ctas.html?event=e802c10e-dd45-4222-8b57-cde3b3682281#dossier,https://www.wis-tns.org/object/2026yqn,,,,,,,
AT2026yqo,SIDEREAL,353.710083,2.620375,2000.0,9e48a3a7-9fa1-471b-8076-0072c1ee953c,52.65,Unclassified,electromagnetic,https://jackmcguireastro.github.io/ctas.html?event=9e48a3a7-9fa1-471b-8076-0072c1ee953c#dossier,https://www.wis-tns.org/object/2026yqo,,,,,,,
AT2026yqp,SIDEREAL,353.9175,5.997408,2000.0,cfde7d14-c751-4e96-97ee-084966dc2f71,52.45,Unclassified,electromagnetic,https://jackmcguireastro.github.io/ctas.html?event=cfde7d14-c751-4e96-97ee-084966dc2f71#dossier,https://www.wis-tns.org/object/2026yqp,,,,,,,
AT2026yqq,SIDEREAL,5.178667,-0.073486,2000.0,1853c9e2-3636-4fec-85bc-2e921fd27d23,51.85,Unclassified,electromagnetic,https://jackmcguireastro.github.io/ctas.html?event=1853c9e2-3636-4fec-85bc-2e921fd27d23#dossier,https://www.wis-tns.org/object/2026yqq,,,,,,,
AT2026yqr,SIDEREAL,355.040917,4.882058,2000.0,14c18fef-ddfa-4453-bf0c-a181e19bba4d,52.2,Unclassified,electromagnetic,https://jackmcguireastro.github.io/ctas.html?event=14c18fef-ddfa-4453-bf0c-a181e19bba4d#dossier,https://www.wis-tns.org/object/2026yqr,,,,,,,
AT2026yqs,SIDEREAL,15.1485,-0.713867,2000.0,4dc5f706-b6f6-402d-9375-6a7165dd7a0f,51.88,Unclassified,electromagnetic,https://jackmcguireastro.github.io/ctas.html?event=4dc5f706-b6f6-402d-9375-6a7165dd7a0f#dossier,https://www.wis-tns.org/object/2026yqs,,,,,,,
AT2026yqt,SIDEREAL,23.188292,5.766817,2000.0,a0f11b24-75f7-44e4-9b2a-bba720a9bd72,51.67,Unclassified,electromagnetic,https://jackmcguireastro.github.io/ctas.html?event=a0f11b24-75f7-44e4-9b2a-bba720a9bd72#dossier,https://www.wis-tns.org/object/2026yqt,,,,,,,
AT2026yqu,SIDEREAL,22.770667,5.274081,2000.0,9e493517-852f-42ce-9882-5e665e0d2ce9,51.3,Unclassified,electromagnetic,https://jackmcguireastro.github.io/ctas.html?event=9e493517-852f-42ce-9882-5e665e0d2ce9#dossier,https://www.wis-tns.org/object/2026yqu,,,,,,,
AT2026yqv,SIDEREAL,25.7,1.672761,2000.0,c28d29d4-9765-4003-b111-c531845b733d,52.52,Unclassified,electromagnetic,https://jackmcguireastro.github.io/ctas.html?event=c28d29d4-9765-4003-b111-c531845b733d#dossier,https://www.wis-tns.org/object/2026yqv,,,,,,,
AT2026yqw,SIDEREAL,14.349833,0.886314,2000.0,c88c81b4-bfe8-4ac0-aac3-b392e2a0f4ff,51.8,Unclassified,electromagnetic,https://jackmcguireastro.github.io/ctas.html?event=c88c81b4-bfe8-4ac0-aac3-b392e2a0f4ff#dossier,https://www.wis-tns.org/object/2026yqw,,,,,,,
AT2026yqx,SIDEREAL,27.832167,5.276661,2000.0,460f4930-afc4-4409-b462-4a827440fa14,51.8,Unclassified,electromagnetic,https://jackmcguireastro.github.io/ctas.html?event=460f4930-afc4-4409-b462-4a827440fa14#dossier,https://www.wis-tns.org/object/2026yqx,,,,,,,
AT2026yqy,SIDEREAL,20.869292,-0.608714,2000.0,3967a96c-92d2-4202-a08e-7b5188f6f9d3,52.17,Unclassified,electromagnetic,https://jackmcguireastro.github.io/ctas.html?event=3967a96c-92d2-4202-a08e-7b5188f6f9d3#dossier,https://www.wis-tns.org/object/2026yqy,,,,,,,
AT2026yqz,SIDEREAL,22.382542,0.410956,2000.0,0591d94b-7529-46fd-90c4-34491eb72f30,52.8,Unclassified,electromagnetic,https://jackmcguireastro.github.io/ctas.html?event=0591d94b-7529-46fd-90c4-34491eb72f30#dossier,https://www.wis-tns.org/object/2026yqz,,,,,,,
AT2026yra,SIDEREAL,25.505292,5.417869,2000.0,8fc0c8c5-8529-4c6f-91c8-edf0098bb5a0,50.78,Unclassified,electromagnetic,https://jackmcguireastro.github.io/ctas.html?event=8fc0c8c5-8529-4c6f-91c8-edf0098bb5a0#dossier,https://www.wis-tns.org/object/2026yra,,,,,,,
AT2026yrb,SIDEREAL,36.943,6.465286,2000.0,0599e370-7733-4644-8bfd-0862919a6c79,51.73,Unclassified,electromagnetic,https://jackmcguireastro.github.io/ctas.html?event=0599e370-7733-4644-8bfd-0862919a6c79#dossier,https://www.wis-tns.org/object/2026yrb,,,,,,,
AT2026yrc,SIDEREAL,350.897708,1.855317,2000.0,8f14c5dc-79f4-4a41-a649-9cf408c03bf3,53.41,Unclassified,electromagnetic,https://jackmcguireastro.github.io/ctas.html?event=8f14c5dc-79f4-4a41-a649-9cf408c03bf3#dossier,https://www.wis-tns.org/object/2026yrc,,,,,,,
AT2026yrd,SIDEREAL,349.52075,-0.042506,2000.0,cb4d6d69-b5dc-4194-a668-b8ff9f4fb444,51.69,Unclassified,electromagnetic,https://jackmcguireastro.github.io/ctas.html?event=cb4d6d69-b5dc-4194-a668-b8ff9f4fb444#dossier,https://www.wis-tns.org/object/2026yrd,,,,,,,
AT2026yre,SIDEREAL,354.509958,0.244592,2000.0,628278f2-2df8-4dd3-9189-0393de721f0f,53.18,Unclassified,electromagnetic,https://jackmcguireastro.github.io/ctas.html?event=628278f2-2df8-4dd3-9189-0393de721f0f#dossier,https://www.wis-tns.org/object/2026yre,,,,,,,
AT2026yrf,SIDEREAL,353.509708,5.600061,2000.0,fd52d66a-0256-43ba-97c2-15a4a7a4c77d,52.42,Unclassified,electromagnetic,https://jackmcguireastro.github.io/ctas.html?event=fd52d66a-0256-43ba-97c2-15a4a7a4c77d#dossier,https://www.wis-tns.org/object/2026yrf,,,,,,,
AT2026yrg,SIDEREAL,356.382,4.207197,2000.0,a597f2a1-292d-44c0-ab56-4c6c4b26bbf5,52.95,Unclassified,electromagnetic,https://jackmcguireastro.github.io/ctas.html?event=a597f2a1-292d-44c0-ab56-4c6c4b26bbf5#dossier,https://www.wis-tns.org/object/2026yrg,,,,,,,
AT2026yrh,SIDEREAL,356.564417,4.999506,2000.0,286b9fd6-4914-43ad-8423-b303cc3e73fa,51.58,Unclassified,electromagnetic,https://jackmcguireastro.github.io/ctas.html?event=286b9fd6-4914-43ad-8423-b303cc3e73fa#dossier,https://www.wis-tns.org/object/2026yrh,,,,,,,
AT2026yri,SIDEREAL,3.574167,5.431922,2000.0,207273eb-edac-4e1e-b9fb-bee436e22f88,53.05,Unclassified,electromagnetic,https://jackmcguireastro.github.io/ctas.html?event=207273eb-edac-4e1e-b9fb-bee436e22f88#dossier,https://www.wis-tns.org/object/2026yri,,,,,,,
AT2026yrj,SIDEREAL,20.385875,-1.264156,2000.0,03e73a4e-4d49-45b2-bd3f-1ab1e6489076,54.15,Unclassified,electromagnetic,https://jackmcguireastro.github.io/ctas.html?event=03e73a4e-4d49-45b2-bd3f-1ab1e6489076#dossier,https://www.wis-tns.org/object/2026yrj,,,,,,,
AT2026yrk,SIDEREAL,25.681583,0.783328,2000.0,a9f550b5-19d8-4fa5-b6aa-3b250d3fb0ab,53.21,Unclassified,electromagnetic,https://jackmcguireastro.github.io/ctas.html?event=a9f550b5-19d8-4fa5-b6aa-3b250d3fb0ab#dossier,https://www.wis-tns.org/object/2026yrk,,,,,,,
AT2026yrl,SIDEREAL,25.488375,6.293608,2000.0,2e4ff1e9-2109-4d4c-a7ba-9d448242cf3d,53.23,Unclassified,electromagnetic,https://jackmcguireastro.github.io/ctas.html?event=2e4ff1e9-2109-4d4c-a7ba-9d448242cf3d#dossier,https://www.wis-tns.org/object/2026yrl,,,,,,,
AT2026yrm,SIDEREAL,30.306,5.196303,2000.0,45d4895d-e26b-4cf0-8882-361bd6305bc0,53.87,Unclassified,electromagnetic,https://jackmcguireastro.github.io/ctas.html?event=45d4895d-e26b-4cf0-8882-361bd6305bc0#dossier,https://www.wis-tns.org/object/2026yrm,,,,,,,
AT2026yrn,SIDEREAL,31.897333,5.378236,2000.0,03c46dd3-be13-46dc-88f7-af01989f88c6,52.6,Unclassified,electromagnetic,https://jackmcguireastro.github.io/ctas.html?event=03c46dd3-be13-46dc-88f7-af01989f88c6#dossier,https://www.wis-tns.org/object/2026yrn,,,,,,,
AT2026yro,SIDEREAL,347.722292,1.080772,2000.0,285413c6-5dd1-47ff-9757-3b0e8d2aee09,53.68,Unclassified,electromagnetic,https://jackmcguireastro.github.io/ctas.html?event=285413c6-5dd1-47ff-9757-3b0e8d2aee09#dossier,https://www.wis-tns.org/object/2026yro,,,,,,,
AT2026yrp,SIDEREAL,348.630625,0.593881,2000.0,89b198c9-55f0-4812-96a6-1b9c1d856225,59.38,Unclassified,electromagnetic,https://jackmcguireastro.github.io/ctas.html?event=89b198c9-55f0-4812-96a6-1b9c1d856225#dossier,https://www.wis-tns.org/object/2026yrp,,,,,,,
AT2026yrq,SIDEREAL,356.0,4.960261,2000.0,e0f9a505-393a-4c67-a65a-97a618afafc1,59.63,Unclassified,electromagnetic,https://jackmcguireastro.github.io/ctas.html?event=e0f9a505-393a-4c67-a65a-97a618afafc1#dossier,https://www.wis-tns.org/object/2026yrq,,,,,,,
AT2026yrr,SIDEREAL,359.366,3.052306,2000.0,5e2b8f13-b66a-44f9-83f1-814327200f31,60.22,Unclassified,electromagnetic,https://jackmcguireastro.github.io/ctas.html?event=5e2b8f13-b66a-44f9-83f1-814327200f31#dossier,https://www.wis-tns.org/object/2026yrr,,,,,,,
AT2026yrs,SIDEREAL,4.414792,0.772444,2000.0,d102cd33-548e-4da5-8c00-a8784727153a,59.49,Unclassified,electromagnetic,https://jackmcguireastro.github.io/ctas.html?event=d102cd33-548e-4da5-8c00-a8784727153a#dossier,https://www.wis-tns.org/object/2026yrs,,,,,,,
AT2026yrt,SIDEREAL,344.44175,3.635064,2000.0,1004ed38-d17e-42b6-8062-fabe1737b63d,61.33,Unclassified,electromagnetic,https://jackmcguireastro.github.io/ctas.html?event=1004ed38-d17e-42b6-8062-fabe1737b63d#dossier,https://www.wis-tns.org/object/2026yrt,,,,,,,
AT2026yru,SIDEREAL,1.243583,1.898947,2000.0,852e9517-6f29-4dba-80b2-4cf82f874b38,61.04,Unclassified,electromagnetic,https://jackmcguireastro.github.io/ctas.html?event=852e9517-6f29-4dba-80b2-4cf82f874b38#dossier,https://www.wis-tns.org/object/2026yru,,,,,,,
AT2026yrv,SIDEREAL,14.294875,5.526806,2000.0,1a3aff32-d0f1-45f1-8e75-5861e6d1dd1c,62.27,Unclassified,electromagnetic,https://jackmcguireastro.github.io/ctas.html?event=1a3aff32-d0f1-45f1-8e75-5861e6d1dd1c#dossier,https://www.wis-tns.org/object/2026yrv,,,,,,,
AT2026yrw,SIDEREAL,19.120917,1.6622,2000.0,6f780223-f37d-41b2-8b87-8e213f2b0b43,62.36,Unclassified,electromagnetic,https://jackmcguireastro.github.io/ctas.html?event=6f780223-f37d-41b2-8b87-8e213f2b0b43#dossier,https://www.wis-tns.org/object/2026yrw,,,,,,,
AT2026yrx,SIDEREAL,17.819958,-0.540061,2000.0,50b2f47c-2664-42c3-837e-40fb01a5a4a7,60.84,Unclassified,electromagnetic,https://jackmcguireastro.github.io/ctas.html?event=50b2f47c-2664-42c3-837e-40fb01a5a4a7#dossier,https://www.wis-tns.org/object/2026yrx,,,,,,,
AT2026yry,SIDEREAL,19.718833,1.430917,2000.0,01b38cb0-b1d2-495a-8423-c8008b2d3f7b,64.34,Unclassified,electromagnetic,https://jackmcguireastro.github.io/ctas.html?event=01b38cb0-b1d2-495a-8423-c8008b2d3f7b#dossier,https://www.wis-tns.org/object/2026yry,,,,,,,
AT2026yrz,SIDEREAL,23.790208,6.498797,2000.0,718a11fb-50d6-4e51-93e2-d12fac89e1d4,62.08,Unclassified,electromagnetic,https://jackmcguireastro.github.io/ctas.html?event=718a11fb-50d6-4e51-93e2-d12fac89e1d4#dossier,https://www.wis-tns.org/object/2026yrz,,,,,,,
AT2026ysb,SIDEREAL,23.796125,0.344592,2000.0,446c0dfb-334b-454f-80a3-61eac5e5a051,60.7,Unclassified,electromagnetic,https://jackmcguireastro.github.io/ctas.html?event=446c0dfb-334b-454f-80a3-61eac5e5a051#dossier,https://www.wis-tns.org/object/2026ysb,,,,,,,
AT2026ysa,SIDEREAL,22.547,2.320008,2000.0,32ce0eb2-9ea0-4895-8b40-ebab3d0acad8,61.26,Unclassified,electromagnetic,https://jackmcguireastro.github.io/ctas.html?event=32ce0eb2-9ea0-4895-8b40-ebab3d0acad8#dossier,https://www.wis-tns.org/object/2026ysa,,,,,,,
AT2026ysc,SIDEREAL,25.502208,2.147914,2000.0,fca7ce27-7ab4-47c9-b842-3e549e9319ce,60.61,Unclassified,electromagnetic,https://jackmcguireastro.github.io/ctas.html?event=fca7ce27-7ab4-47c9-b842-3e549e9319ce#dossier,https://www.wis-tns.org/object/2026ysc,,,,,,,
AT2026ysd,SIDEREAL,27.089333,3.408856,2000.0,aa316618-c4fb-4487-9c84-156ffbbb56a8,62.34,Unclassified,electromagnetic,https://jackmcguireastro.github.io/ctas.html?event=aa316618-c4fb-4487-9c84-156ffbbb56a8#dossier,https://www.wis-tns.org/object/2026ysd,,,,,,,
AT2026yse,SIDEREAL,30.549542,1.922814,2000.0,e328cde6-29bd-4fa7-a40a-f1d79e5c51c7,61.59,Unclassified,electromagnetic,https://jackmcguireastro.github.io/ctas.html?event=e328cde6-29bd-4fa7-a40a-f1d79e5c51c7#dossier,https://www.wis-tns.org/object/2026yse,,,,,,,
AT2026ysf,SIDEREAL,37.959625,-0.470364,2000.0,d11d62a8-8ce6-405b-a348-dd54f176343d,61.78,Unclassified,electromagnetic,https://jackmcguireastro.github.io/ctas.html?event=d11d62a8-8ce6-405b-a348-dd54f176343d#dossier,https://www.wis-tns.org/object/2026ysf,,,,,,,
AT2026ysg,SIDEREAL,20.065333,-0.514756,2000.0,d4fdf439-b780-4a72-ba34-fae51aab9c8b,52.92,Unclassified,electromagnetic,https://jackmcguireastro.github.io/ctas.html?event=d4fdf439-b780-4a72-ba34-fae51aab9c8b#dossier,https://www.wis-tns.org/object/2026ysg,,,,,,,
AT2026ysh,SIDEREAL,212.262458,1.36715,2000.0,9739ac4d-2af0-4ce0-896f-0f657ec85782,50.73,Unclassified,electromagnetic,https://jackmcguireastro.github.io/ctas.html?event=9739ac4d-2af0-4ce0-896f-0f657ec85782#dossier,https://www.wis-tns.org/object/2026ysh,,,,,,,
AT2026ysi,SIDEREAL,218.872625,-1.485808,2000.0,2cc3e3f3-7f8b-4d96-832b-29c8827a0863,50.15,Unclassified,electromagnetic,https://jackmcguireastro.github.io/ctas.html?event=2cc3e3f3-7f8b-4d96-832b-29c8827a0863#dossier,https://www.wis-tns.org/object/2026ysi,,,,,,,
AT2026ysj,SIDEREAL,346.33275,-0.609528,2000.0,46eb1d7b-1a58-4d14-87e9-ec50ac38abdf,50.55,Unclassified,electromagnetic,https://jackmcguireastro.github.io/ctas.html?event=46eb1d7b-1a58-4d14-87e9-ec50ac38abdf#dossier,https://www.wis-tns.org/object/2026ysj,,,,,,,
AT2026ysk,SIDEREAL,344.822,5.263658,2000.0,7e71c3a8-0085-4b8d-ba11-f967f58933c3,50.08,Unclassified,electromagnetic,https://jackmcguireastro.github.io/ctas.html?event=7e71c3a8-0085-4b8d-ba11-f967f58933c3#dossier,https://www.wis-tns.org/object/2026ysk,,,,,,,
AT2026ysl,SIDEREAL,355.293667,4.390919,2000.0,c33c5cf6-aba5-4621-ac2c-a841150fdea8,50.85,Unclassified,electromagnetic,https://jackmcguireastro.github.io/ctas.html?event=c33c5cf6-aba5-4621-ac2c-a841150fdea8#dossier,https://www.wis-tns.org/object/2026ysl,,,,,,,
AT2026ysm,SIDEREAL,37.957667,4.896222,2000.0,a0679b05-922b-4c0e-afe9-cdee5cd415db,52.38,Unclassified,electromagnetic,https://jackmcguireastro.github.io/ctas.html?event=a0679b05-922b-4c0e-afe9-cdee5cd415db#dossier,https://www.wis-tns.org/object/2026ysm,,,,,,,
AT2026ysn,SIDEREAL,341.685875,-1.020047,2000.0,4c8aea6c-dd42-4c9a-930d-62d368bfc709,51.27,Unclassified,electromagnetic,https://jackmcguireastro.github.io/ctas.html?event=4c8aea6c-dd42-4c9a-930d-62d368bfc709#dossier,https://www.wis-tns.org/object/2026ysn,,,,,,,
AT2026yso,SIDEREAL,355.43275,1.476683,2000.0,b77c7e09-0a6b-4cd4-93f9-ba987e937788,54.33,Unclassified,electromagnetic,https://jackmcguireastro.github.io/ctas.html?event=b77c7e09-0a6b-4cd4-93f9-ba987e937788#dossier,https://www.wis-tns.org/object/2026yso,,,,,,,
AT2026ysp,SIDEREAL,342.491458,3.880789,2000.0,968e59d8-87fe-4910-be6a-f9ff5e49375b,60.65,Unclassified,electromagnetic,https://jackmcguireastro.github.io/ctas.html?event=968e59d8-87fe-4910-be6a-f9ff5e49375b#dossier,https://www.wis-tns.org/object/2026ysp,,,,,,,
AT2026ysq,SIDEREAL,341.276333,4.775256,2000.0,bdc91e69-f9d3-42e2-aa0e-98af3b1f8bfd,62.31,Unclassified,electromagnetic,https://jackmcguireastro.github.io/ctas.html?event=bdc91e69-f9d3-42e2-aa0e-98af3b1f8bfd#dossier,https://www.wis-tns.org/object/2026ysq,,,,,,,
AT2026ysr,SIDEREAL,359.606625,0.018481,2000.0,01b55151-0830-4265-a176-01a3a2c36f91,61.52,Unclassified,electromagnetic,https://jackmcguireastro.github.io/ctas.html?event=01b55151-0830-4265-a176-01a3a2c36f91#dossier,https://www.wis-tns.org/object/2026ysr,,,,,,,
AT2026yss,SIDEREAL,228.852417,31.743628,2000.0,a780d130-c59d-41be-965f-7ed2c330021c,55.78,Unclassified,electromagnetic,https://jackmcguireastro.github.io/ctas.html?event=a780d130-c59d-41be-965f-7ed2c330021c#dossier,https://www.wis-tns.org/object/2026yss,,,,,,,
AT2026yst,SIDEREAL,345.299708,28.472819,2000.0,300bfe33-875e-493e-838c-7957ead6d5f8,55.12,Unclassified,electromagnetic,https://jackmcguireastro.github.io/ctas.html?event=300bfe33-875e-493e-838c-7957ead6d5f8#dossier,https://www.wis-tns.org/object/2026yst,,,,,,,
AT2026ysu,SIDEREAL,349.035083,32.359847,2000.0,bd6cb520-6633-40bc-b7ea-b5b9e00e5385,56.3,Unclassified,electromagnetic,https://jackmcguireastro.github.io/ctas.html?event=bd6cb520-6633-40bc-b7ea-b5b9e00e5385#dossier,https://www.wis-tns.org/object/2026ysu,,,,,,,
AT2026ysv,SIDEREAL,336.826333,35.606192,2000.0,79da221d-9442-49b5-8f01-db4b7bb927e3,53.97,Unclassified,electromagnetic,https://jackmcguireastro.github.io/ctas.html?event=79da221d-9442-49b5-8f01-db4b7bb927e3#dossier,https://www.wis-tns.org/object/2026ysv,,,,,,,
AT2026ysw,SIDEREAL,239.169833,29.826025,2000.0,fdbd1ad9-ccc1-4c55-847c-f2f739f96e35,53.35,Unclassified,electromagnetic,https://jackmcguireastro.github.io/ctas.html?event=fdbd1ad9-ccc1-4c55-847c-f2f739f96e35#dossier,https://www.wis-tns.org/object/2026ysw,,,,,,,
AT2026ysx,SIDEREAL,241.41525,19.895836,2000.0,ce756567-1935-4ae4-a03a-7a568e956900,52.65,Unclassified,electromagnetic,https://jackmcguireastro.github.io/ctas.html?event=ce756567-1935-4ae4-a03a-7a568e956900#dossier,https://www.wis-tns.org/object/2026ysx,,,,,,,
AT2026ysy,SIDEREAL,253.054417,21.456625,2000.0,73cd9bab-edac-4c0c-93c6-8afcb00d76dc,52.9,Unclassified,electromagnetic,https://jackmcguireastro.github.io/ctas.html?event=73cd9bab-edac-4c0c-93c6-8afcb00d76dc#dossier,https://www.wis-tns.org/object/2026ysy,,,,,,,
AT2026ysz,SIDEREAL,241.75225,26.746975,2000.0,78ca20eb-2d74-459e-bce8-bd66c1aef5d4,52.75,Unclassified,electromagnetic,https://jackmcguireastro.github.io/ctas.html?event=78ca20eb-2d74-459e-bce8-bd66c1aef5d4#dossier,https://www.wis-tns.org/object/2026ysz,,,,,,,
AT2026wmj,SIDEREAL,58.90777,-0.990746666667,2000.0,db1662d7-1845-4734-b626-c279b607da0a,58.1,Unclassified,electromagnetic,https://jackmcguireastro.github.io/ctas.html?event=db1662d7-1845-4734-b626-c279b607da0a#dossier,https://www.wis-tns.org/object/2026wmj,,,,,,,
AT2026ytb,SIDEREAL,206.089971875,55.855874375,2000.0,ca13c573-e5f6-4c4e-89a0-abd9360cc2ef,62.09,Unclassified,electromagnetic,https://jackmcguireastro.github.io/ctas.html?event=ca13c573-e5f6-4c4e-89a0-abd9360cc2ef#dossier,https://www.wis-tns.org/object/2026ytb,,,,,,,
AT2026ytc,SIDEREAL,23.83368125,47.70020625,2000.0,6f18c4ca-9d3e-44e4-929b-e084a11644d1,58.77,Unclassified,electromagnetic,https://jackmcguireastro.github.io/ctas.html?event=6f18c4ca-9d3e-44e4-929b-e084a11644d1#dossier,https://www.wis-tns.org/object/2026ytc,,,,,,,
SN2026ymd,SIDEREAL,41.1796668,19.4539755,2000.0,66e37251-c75d-4b79-8055-f115e4f5bd4c,49.62,SN Ia,electromagnetic,https://jackmcguireastro.github.io/ctas.html?event=66e37251-c75d-4b79-8055-f115e4f5bd4c#dossier,https://www.wis-tns.org/object/2026ymd,,,,,,,
AT2026yqk,SIDEREAL,45.7388714,25.6671821,2000.0,b3b877ac-2d80-445c-a3f0-4aa4d55fa274,56.7,Unclassified,electromagnetic,https://jackmcguireastro.github.io/ctas.html?event=b3b877ac-2d80-445c-a3f0-4aa4d55fa274#dossier,https://www.wis-tns.org/object/2026yqk,,,,,,,
AT2025amzd,SIDEREAL,29.2181033,-0.2061774,2000.0,423558e5-0c53-43ab-bd31-9ab86cb8de64,55.51,Unclassified,electromagnetic,https://jackmcguireastro.github.io/ctas.html?event=423558e5-0c53-43ab-bd31-9ab86cb8de64#dossier,https://www.wis-tns.org/object/2025amzd,,,,,,,
AT2026xrd,SIDEREAL,20.0238456,-6.1111325,2000.0,5be52a40-fa45-4a36-9cfd-3409a4845d5a,58.4,Unclassified,electromagnetic,https://jackmcguireastro.github.io/ctas.html?event=5be52a40-fa45-4a36-9cfd-3409a4845d5a#dossier,https://www.wis-tns.org/object/2026xrd,,,,,,,
AT2026yql,SIDEREAL,12.5324243,-15.9957136,2000.0,f6db3fe4-3324-4bd6-ac59-a22faef3a740,62.83,Unclassified,electromagnetic,https://jackmcguireastro.github.io/ctas.html?event=f6db3fe4-3324-4bd6-ac59-a22faef3a740#dossier,https://www.wis-tns.org/object/2026yql,,,,,,,
AT2026yqh,SIDEREAL,333.6625575,-12.4944731,2000.0,9b6ca88d-8ddc-4965-9a5f-551af2cb73eb,55.13,Unclassified,electromagnetic,https://jackmcguireastro.github.io/ctas.html?event=9b6ca88d-8ddc-4965-9a5f-551af2cb73eb#dossier,https://www.wis-tns.org/object/2026yqh,,,,,,,
AT2026xkl,SIDEREAL,347.13545512,-14.0101232999,2000.0,ecf4cce6-2b43-4c30-bbbe-15df119f0772,56.74,Unclassified,electromagnetic,https://jackmcguireastro.github.io/ctas.html?event=ecf4cce6-2b43-4c30-bbbe-15df119f0772#dossier,https://www.wis-tns.org/object/2026xkl,,,,,,,
AT2026vph,SIDEREAL,346.39287534,-13.8148188546,2000.0,52f40184-44fb-4823-b99e-e44f7e99a758,56.59,Unclassified,electromagnetic,https://jackmcguireastro.github.io/ctas.html?event=52f40184-44fb-4823-b99e-e44f7e99a758#dossier,https://www.wis-tns.org/object/2026vph,,,,,,,
AT2026vev,SIDEREAL,317.505496194,-39.9873589989,2000.0,f48d0d26-3198-4cb2-9af6-d2719723bf97,55.75,Unclassified,electromagnetic,https://jackmcguireastro.github.io/ctas.html?event=f48d0d26-3198-4cb2-9af6-d2719723bf97#dossier,https://www.wis-tns.org/object/2026vev,,,,,,,
AT2026yqi,SIDEREAL,358.262694258,-11.0793397075,2000.0,59e22eaf-53e9-404d-a271-208cc5474751,54.35,Unclassified,electromagnetic,https://jackmcguireastro.github.io/ctas.html?event=59e22eaf-53e9-404d-a271-208cc5474751#dossier,https://www.wis-tns.org/object/2026yqi,,,,,,,
AT2026wfs,SIDEREAL,17.1537632137,5.52281933095,2000.0,18c5a786-cd17-4689-84c7-a40023f0a4b2,57.22,Unclassified,electromagnetic,https://jackmcguireastro.github.io/ctas.html?event=18c5a786-cd17-4689-84c7-a40023f0a4b2#dossier,https://www.wis-tns.org/object/2026wfs,,,,,,,
Einstein Probe-01709278114,SIDEREAL,311.45,14.142,2000.0,d1764815-eb11-46ad-8afb-4d48c6494817,81.96,Unclassified,x-ray,https://jackmcguireastro.github.io/ctas.html?event=d1764815-eb11-46ad-8afb-4d48c6494817#dossier,,01709278114,,,,,,
SN2026yee,SIDEREAL,38.437971,13.3071389,2000.0,77735ccf-1671-42a9-9143-3989b5e0c1b3,46.69,SN Ia,electromagnetic,https://jackmcguireastro.github.io/ctas.html?event=77735ccf-1671-42a9-9143-3989b5e0c1b3#dossier,https://www.wis-tns.org/object/2026yee,,,,,,,
AT2026yqa,SIDEREAL,230.513434611,6.52048111516,2000.0,ff4db45e-952a-42fe-8f9c-d3ec2fb9c7b5,55.48,Unclassified,electromagnetic,https://jackmcguireastro.github.io/ctas.html?event=ff4db45e-952a-42fe-8f9c-d3ec2fb9c7b5#dossier,https://www.wis-tns.org/object/2026yqa,,,,,,,
AT2026ygh,SIDEREAL,19.9063134902,34.9581888019,2000.0,a90eb77b-0b77-4306-bb6c-4e15623ade2c,58.28,Unclassified,electromagnetic,https://jackmcguireastro.github.io/ctas.html?event=a90eb77b-0b77-4306-bb6c-4e15623ade2c#dossier,https://www.wis-tns.org/object/2026ygh,,,,,,,
AT2026yqb,SIDEREAL,349.421484304,-14.6609576015,2000.0,1f7529e0-6c7f-4e3a-916a-0dd318e7efda,56.52,Unclassified,electromagnetic,https://jackmcguireastro.github.io/ctas.html?event=1f7529e0-6c7f-4e3a-916a-0dd318e7efda#dossier,https://www.wis-tns.org/object/2026yqb,,,,,,,
AT2026yqc,SIDEREAL,15.5987194357,38.6115500325,2000.0,a5e0ab20-86e9-4591-bd1a-ca929e193370,56.88,Unclassified,electromagnetic,https://jackmcguireastro.github.io/ctas.html?event=a5e0ab20-86e9-4591-bd1a-ca929e193370#dossier,https://www.wis-tns.org/object/2026yqc,,,,,,,
AT2026yqd,SIDEREAL,354.910430447,1.43431221715,2000.0,74b67740-c46d-4ed1-835f-61957af56b00,55.21,Unclassified,electromagnetic,https://jackmcguireastro.github.io/ctas.html?event=74b67740-c46d-4ed1-835f-61957af56b00#dossier,https://www.wis-tns.org/object/2026yqd,,,,,,,
AT2026was,SIDEREAL,355.510702615,-4.25044426022,2000.0,aaab7254-196e-427a-ae60-4990b0a014c4,54.43,Unclassified,electromagnetic,https://jackmcguireastro.github.io/ctas.html?event=aaab7254-196e-427a-ae60-4990b0a014c4#dossier,https://www.wis-tns.org/object/2026was,,,,,,,
SN2026wov,SIDEREAL,270.163602204,51.7149961506,2000.0,c991d557-f332-45b1-ace8-91346a5f6889,41.77,SN Ia,electromagnetic,https://jackmcguireastro.github.io/ctas.html?event=c991d557-f332-45b1-ace8-91346a5f6889#dossier,https://www.wis-tns.org/object/2026wov,AT2026wov,,,,,,
SN2026wfn,SIDEREAL,353.632606093,-13.5967518963,2000.0,a268bc41-2f1c-4135-9ab7-6a9c8331b058,44.69,SN Ia,electromagnetic,https://jackmcguireastro.github.io/ctas.html?event=a268bc41-2f1c-4135-9ab7-6a9c8331b058#dossier,https://www.wis-tns.org/object/2026wfn,,,,,,,
SN2026wev,SIDEREAL,12.6748695171,9.2214266017,2000.0,84e799eb-b4eb-4aa7-afdf-ff509c50ba65,43.85,SN Ia,electromagnetic,https://jackmcguireastro.github.io/ctas.html?event=84e799eb-b4eb-4aa7-afdf-ff509c50ba65#dossier,https://www.wis-tns.org/object/2026wev,,,,,,,
AT2026wat,SIDEREAL,358.769168824,-2.8423606458,2000.0,3eeb7221-37ae-4992-a720-5d34eee55113,54.88,Unclassified,electromagnetic,https://jackmcguireastro.github.io/ctas.html?event=3eeb7221-37ae-4992-a720-5d34eee55113#dossier,https://www.wis-tns.org/object/2026wat,,,,,,,
AT2026yqe,SIDEREAL,273.202408044,57.0485629367,2000.0,3b08463a-9efb-4b2f-af0c-36d343c2ff75,54.55,Unclassified,electromagnetic,https://jackmcguireastro.github.io/ctas.html?event=3b08463a-9efb-4b2f-af0c-36d343c2ff75#dossier,https://www.wis-tns.org/object/2026yqe,,,,,,,
AT2026wpg,SIDEREAL,324.737291282,-14.7870549229,2000.0,82a4661c-b945-481e-aff7-0a07574477e1,56.91,Unclassified,electromagnetic,https://jackmcguireastro.github.io/ctas.html?event=82a4661c-b945-481e-aff7-0a07574477e1#dossier,https://www.wis-tns.org/object/2026wpg,,,,,,,
AT2026yqf,SIDEREAL,315.470957097,-30.3222243182,2000.0,8ee45c50-3570-4b12-8c54-9aaf4b71c19c,56.05,Unclassified,electromagnetic,https://jackmcguireastro.github.io/ctas.html?event=8ee45c50-3570-4b12-8c54-9aaf4b71c19c#dossier,https://www.wis-tns.org/object/2026yqf,,,,,,,
AT2026yfz,SIDEREAL,359.956234678,-11.5313907005,2000.0,2c6f6aac-66cf-4e7d-9357-99422255384c,54.7,Unclassified,electromagnetic,https://jackmcguireastro.github.io/ctas.html?event=2c6f6aac-66cf-4e7d-9357-99422255384c#dossier,https://www.wis-tns.org/object/2026yfz,,,,,,,
AT2026yqg,SIDEREAL,311.290141,16.8716769,2000.0,5999bbbf-48c6-4368-b3cf-389ef39156b4,54.55,Unclassified,electromagnetic,https://jackmcguireastro.github.io/ctas.html?event=5999bbbf-48c6-4368-b3cf-389ef39156b4#dossier,https://www.wis-tns.org/object/2026yqg,,,,,,,
SN2026wta,SIDEREAL,19.5428962409,5.90555037416,2000.0,18801c57-c080-4c8c-a9e5-3f6eef03e84e,47.02,SN II,electromagnetic,https://jackmcguireastro.github.io/ctas.html?event=18801c57-c080-4c8c-a9e5-3f6eef03e84e#dossier,https://www.wis-tns.org/object/2026wta,AT2026wta,,,,,,
AT2026yhi,SIDEREAL,356.54385293,17.6561113904,2000.0,1c9b7e43-9dfc-4072-b4f0-ef417104ef5f,57.62,Unclassified,electromagnetic,https://jackmcguireastro.github.io/ctas.html?event=1c9b7e43-9dfc-4072-b4f0-ef417104ef5f#dossier,https://www.wis-tns.org/object/2026yhi,,,,,,,
SN2026pun,SIDEREAL,348.654843243,-12.2422068239,2000.0,2dce8806-c927-4c8b-8c24-61bda0ab84f0,46.55,SN II,electromagnetic,https://jackmcguireastro.github.io/ctas.html?event=2dce8806-c927-4c8b-8c24-61bda0ab84f0#dossier,https://www.wis-tns.org/object/2026pun,,,,,,,
AT2026tmu,SIDEREAL,15.1608463327,8.90147384134,2000.0,3d70b7a5-b8a0-4d2b-8d08-d298752601f6,57.31,Unclassified,electromagnetic,https://jackmcguireastro.github.io/ctas.html?event=3d70b7a5-b8a0-4d2b-8d08-d298752601f6#dossier,https://www.wis-tns.org/object/2026tmu,,,,,,,
AT2026ybh,SIDEREAL,28.5060663954,6.3933438692,2000.0,8daa12de-4683-4758-8fc6-4c49d46953c9,53.4,Unclassified,electromagnetic,https://jackmcguireastro.github.io/ctas.html?event=8daa12de-4683-4758-8fc6-4c49d46953c9#dossier,https://www.wis-tns.org/object/2026ybh,,,,,,,
AT2026ypx,SIDEREAL,315.017447,-4.486442,2000.0,b57454ce-e662-4376-93e3-d5978f3565e8,69.28,Unclassified,electromagnetic,https://jackmcguireastro.github.io/ctas.html?event=b57454ce-e662-4376-93e3-d5978f3565e8#dossier,https://www.wis-tns.org/object/2026ypx,,,,,,,
AT2026ypz,SIDEREAL,8.527093,12.703864,2000.0,c89a3c05-7593-4e66-af95-9629da908f73,56.5,Unclassified,electromagnetic,https://jackmcguireastro.github.io/ctas.html?event=c89a3c05-7593-4e66-af95-9629da908f73#dossier,https://www.wis-tns.org/object/2026ypz,,,,,,,
SN2026yec,SIDEREAL,7.545233,35.3897979,2000.0,f92fadbe-46a3-448a-a250-cb05d636952d,48.12,SN Ia,electromagnetic,https://jackmcguireastro.github.io/ctas.html?event=f92fadbe-46a3-448a-a250-cb05d636952d#dossier,https://www.wis-tns.org/object/2026yec,,,,,,,
AT2026ypv,SIDEREAL,307.5892593,77.6959451,2000.0,d3a90a4c-8770-43fc-82ba-2af3a27bb83c,55.26,Unclassified,electromagnetic,https://jackmcguireastro.github.io/ctas.html?event=d3a90a4c-8770-43fc-82ba-2af3a27bb83c#dossier,https://www.wis-tns.org/object/2026ypv,,,,,,,
AT2026yog,SIDEREAL,262.8762119,33.5129554,2000.0,5a6ed065-c4c0-43a4-bd69-a5a1e4dadfc6,58.94,Unclassified,electromagnetic,https://jackmcguireastro.github.io/ctas.html?event=5a6ed065-c4c0-43a4-bd69-a5a1e4dadfc6#dossier,https://www.wis-tns.org/object/2026yog,,,,,,,
AT2026ypm,SIDEREAL,245.983688737,9.60644615599,2000.0,427f6309-0cd8-4b75-9540-c2b48d912a86,70.34,Unclassified,electromagnetic,https://jackmcguireastro.github.io/ctas.html?event=427f6309-0cd8-4b75-9540-c2b48d912a86#dossier,https://www.wis-tns.org/object/2026ypm,PS26hhp,,,,,,
AT2026ypr,SIDEREAL,357.92532348633,3.0742592811584,2000.0,9c99afb0-7311-4567-a5a0-493a808c0642,79.25,Unclassified,electromagnetic,https://jackmcguireastro.github.io/ctas.html?event=9c99afb0-7311-4567-a5a0-493a808c0642#dossier,https://www.wis-tns.org/object/2026ypr,,,,,,,
AT2026yps,SIDEREAL,264.9106445,44.2620048,2000.0,e49e62be-9ab0-41e6-ac79-c56ed6e42fde,54.21,Unclassified,electromagnetic,https://jackmcguireastro.github.io/ctas.html?event=e49e62be-9ab0-41e6-ac79-c56ed6e42fde#dossier,https://www.wis-tns.org/object/2026yps,,,,,,,
AT2026ypt,SIDEREAL,211.8119259,0.5183192,2000.0,49b55cb4-e7b6-486d-b3d6-004b8f5e6125,56.33,Unclassified,electromagnetic,https://jackmcguireastro.github.io/ctas.html?event=49b55cb4-e7b6-486d-b3d6-004b8f5e6125#dossier,https://www.wis-tns.org/object/2026ypt,,,,,,,
AT2026ypu,SIDEREAL,203.0341697,0.3620939,2000.0,a0572c09-2b77-4368-839a-1a85b4d1c464,57.28,Unclassified,electromagnetic,https://jackmcguireastro.github.io/ctas.html?event=a0572c09-2b77-4368-839a-1a85b4d1c464#dossier,https://www.wis-tns.org/object/2026ypu,,,,,,,
AT2026rjy,SIDEREAL,179.8563799,46.683695,2000.0,9227ce47-ceba-4ff0-8997-c4458f02adda,59.23,Unclassified,electromagnetic,https://jackmcguireastro.github.io/ctas.html?event=9227ce47-ceba-4ff0-8997-c4458f02adda#dossier,https://www.wis-tns.org/object/2026rjy,,,,,,,
SN2020jfv,SIDEREAL,346.6489583333333,0.612111111111111,2000.0,0d38518e-b5d1-4ed7-9e2a-3349ce705efe,51.58,SN IIb,electromagnetic,https://jackmcguireastro.github.io/ctas.html?event=0d38518e-b5d1-4ed7-9e2a-3349ce705efe#dossier,,AT2020jfv,2020jfv,ATLAS20lsf,Gaia20chn,PS20fyi,ZTF20abgbuly,
SN2020izc,SIDEREAL,1.2604583333333332,-7.100838888888888,2000.0,01c27a81-d4d0-46f9-a202-2e97d5106ae7,53.5,SN II,electromagnetic,https://jackmcguireastro.github.io/ctas.html?event=01c27a81-d4d0-46f9-a202-2e97d5106ae7#dossier,,AT2020izc,2020izc,ATLAS20ote,Gaia20cca,MASTER OT J000502.49-070602.6,PS20gdp,ZTF20ablqacl
AT2026ypn,SIDEREAL,215.316680366,25.2594382888,2000.0,c422083c-7d23-44f4-ab2b-016eb2d834a2,77.4,Unclassified,electromagnetic,https://jackmcguireastro.github.io/ctas.html?event=c422083c-7d23-44f4-ab2b-016eb2d834a2#dossier,https://www.wis-tns.org/object/2026ypn,PS26hhr,,,,,,
AT2026ypq,SIDEREAL,38.5661666667,40.5323233333,2000.0,50781d66-31e6-4461-9ada-0881b7f1d634,79.77,Unclassified,electromagnetic,https://jackmcguireastro.github.io/ctas.html?event=50781d66-31e6-4461-9ada-0881b7f1d634#dossier,https://www.wis-tns.org/object/2026ypq,ATLAS26jwd,,,,,,
Chime-1173371454,SIDEREAL,27.8475635,86.9237786,2000.0,d17917c6-38a8-4d1c-a2dc-5580a942d1ed,69.97,high-importance,radio,https://jackmcguireastro.github.io/ctas.html?event=d17917c6-38a8-4d1c-a2dc-5580a942d1ed#dossier,,1173371454,,,,,,
SN2026ymk,SIDEREAL,311.547531667,21.5637216667,2000.0,62c6b692-b67d-4f71-89b4-e9f3d3c67ddf,52.83,SN Ia-91T-like,electromagnetic,https://jackmcguireastro.github.io/ctas.html?event=62c6b692-b67d-4f71-89b4-e9f3d3c67ddf#dossier,https://www.wis-tns.org/object/2026ymk,,,,,,,
SN2026yjv,SIDEREAL,356.13814,17.7703118182,2000.0,17346c7f-5790-4619-bc1d-a4eb527c204b,49.59,SN II,electromagnetic,https://jackmcguireastro.github.io/ctas.html?event=17346c7f-5790-4619-bc1d-a4eb527c204b#dossier,https://www.wis-tns.org/object/2026yjv,,,,,,,
Chime-1173370563,SIDEREAL,193.9047314,4.7336616,2000.0,c3389a4e-2cb9-459a-a707-3cdbdac301f5,69.98,high-importance,radio,https://jackmcguireastro.github.io/ctas.html?event=c3389a4e-2cb9-459a-a707-3cdbdac301f5#dossier,,1173370563,,,,,,
AT2026xpz,SIDEREAL,328.997685607,7.08691013579,2000.0,f25edb16-a169-48b1-b3b9-64d73a5ff51e,56.84,Unclassified,electromagnetic,https://jackmcguireastro.github.io/ctas.html?event=f25edb16-a169-48b1-b3b9-64d73a5ff51e#dossier,https://www.wis-tns.org/object/2026xpz,,,,,,,
AT2026ypo,SIDEREAL,231.074802756,11.4420260989,2000.0,e8637de4-3da8-4307-acbe-1b8da1b598cc,73.23,Unclassified,electromagnetic,https://jackmcguireastro.github.io/ctas.html?event=e8637de4-3da8-4307-acbe-1b8da1b598cc#dossier,https://www.wis-tns.org/object/2026ypo,,,,,,,
AT2026ypp,SIDEREAL,234.53292392,6.02717767461,2000.0,6057de37-de98-4eb6-bc8b-c4327de32a25,74.37,Unclassified,electromagnetic,https://jackmcguireastro.github.io/ctas.html?event=6057de37-de98-4eb6-bc8b-c4327de32a25#dossier,https://www.wis-tns.org/object/2026ypp,,,,,,,
AT2026xqh,SIDEREAL,290.203755,-20.862005,2000.0,b314ab2b-e923-4c91-a031-df9208173c1b,55.4,Unclassified,electromagnetic,https://jackmcguireastro.github.io/ctas.html?event=b314ab2b-e923-4c91-a031-df9208173c1b#dossier,https://www.wis-tns.org/object/2026xqh,,,,,,,
SN2026ojk,SIDEREAL,268.887790827,6.19402907505,2000.0,00c9322f-0a86-4752-b0ca-297ab2f69ea3,47.8,SN II,electromagnetic,https://jackmcguireastro.github.io/ctas.html?event=00c9322f-0a86-4752-b0ca-297ab2f69ea3#dossier,https://www.wis-tns.org/object/2026ojk,,,,,,,
SN2026pws,SIDEREAL,281.326552747,49.8834474547,2000.0,04e322c0-b6f1-4f35-849b-d42742325f38,43.75,SN Ia-CSM,electromagnetic,https://jackmcguireastro.github.io/ctas.html?event=04e322c0-b6f1-4f35-849b-d42742325f38#dossier,https://www.wis-tns.org/object/2026pws,,,,,,,
AT2026ypb,SIDEREAL,109.6548288,43.7390136,2000.0,644932ca-3849-4905-b1ae-9a0f6a658d34,74.15,Unclassified,electromagnetic,https://jackmcguireastro.github.io/ctas.html?event=644932ca-3849-4905-b1ae-9a0f6a658d34#dossier,https://www.wis-tns.org/object/2026ypb,,,,,,,
AT2026ypc,SIDEREAL,79.0137848,5.8873211,2000.0,27231f73-d56b-4452-b306-96a96554b956,72.36,Unclassified,electromagnetic,https://jackmcguireastro.github.io/ctas.html?event=27231f73-d56b-4452-b306-96a96554b956#dossier,https://www.wis-tns.org/object/2026ypc,,,,,,,
AT2026ypd,SIDEREAL,27.1410059,-0.2958284,2000.0,0aea625b-e77b-4cb7-b395-bc705185439c,57.09,Unclassified,electromagnetic,https://jackmcguireastro.github.io/ctas.html?event=0aea625b-e77b-4cb7-b395-bc705185439c#dossier,https://www.wis-tns.org/object/2026ypd,,,,,,,
AT2026ype,SIDEREAL,27.9698159,12.602875,2000.0,121ecdf3-34de-44ce-bf63-ff2ad344f6f2,56.07,Unclassified,electromagnetic,https://jackmcguireastro.github.io/ctas.html?event=121ecdf3-34de-44ce-bf63-ff2ad344f6f2#dossier,https://www.wis-tns.org/object/2026ype,,,,,,,
AT2026ypf,SIDEREAL,357.9834282,7.1026297,2000.0,7ba99322-ce91-42dd-b04a-0bb1c474ff9b,54.04,Unclassified,electromagnetic,https://jackmcguireastro.github.io/ctas.html?event=7ba99322-ce91-42dd-b04a-0bb1c474ff9b#dossier,https://www.wis-tns.org/object/2026ypf,,,,,,,
AT2026ypg,SIDEREAL,12.2457187,17.4716051,2000.0,33b124d8-ee08-4faa-90ec-d36898595195,55.92,Unclassified,electromagnetic,https://jackmcguireastro.github.io/ctas.html?event=33b124d8-ee08-4faa-90ec-d36898595195#dossier,https://www.wis-tns.org/object/2026ypg,,,,,,,
AT2026yph,SIDEREAL,3.0881269,-17.4820678,2000.0,dcb1df26-cced-4b0f-b693-92e1a90d652a,55.49,Unclassified,electromagnetic,https://jackmcguireastro.github.io/ctas.html?event=dcb1df26-cced-4b0f-b693-92e1a90d652a#dossier,https://www.wis-tns.org/object/2026yph,,,,,,,
AT2026ypi,SIDEREAL,312.4453245,-6.6106657,2000.0,15961a73-00b0-4c0c-999d-3f9a5237b385,60.96,Unclassified,electromagnetic,https://jackmcguireastro.github.io/ctas.html?event=15961a73-00b0-4c0c-999d-3f9a5237b385#dossier,https://www.wis-tns.org/object/2026ypi,,,,,,,
AT2026ypk,SIDEREAL,10.1046758,24.4460623,2000.0,172fee5e-ca99-4baf-83d0-94170ec8e791,55.37,Unclassified,electromagnetic,https://jackmcguireastro.github.io/ctas.html?event=172fee5e-ca99-4baf-83d0-94170ec8e791#dossier,https://www.wis-tns.org/object/2026ypk,,,,,,,
AT2026vlu,SIDEREAL,306.1930041666666,19.98556388888889,2000.0,1df828ff-2c97-4b66-93e2-410cc2870259,65.38,Unclassified,electromagnetic,https://jackmcguireastro.github.io/ctas.html?event=1df828ff-2c97-4b66-93e2-410cc2870259#dossier,,2026vlu,GOTO26heu,ZTF26abhvdrr,,,,
AT2026wtq,SIDEREAL,217.8474401,64.3419612,2000.0,2f281761-35b9-4a30-8a1b-042c99dc4bd9,58.84,Unclassified,electromagnetic,https://jackmcguireastro.github.io/ctas.html?event=2f281761-35b9-4a30-8a1b-042c99dc4bd9#dossier,https://www.wis-tns.org/object/2026wtq,,,,,,,
AT2026yoh,SIDEREAL,224.7928915,36.5177472,2000.0,a653456c-0343-4e6b-9b14-2a873687e420,81.15,Unclassified,electromagnetic,https://jackmcguireastro.github.io/ctas.html?event=a653456c-0343-4e6b-9b14-2a873687e420#dossier,https://www.wis-tns.org/object/2026yoh,,,,,,,
SN2026vmv,SIDEREAL,283.2515583,28.9591915,2000.0,2b212d7e-5776-4f91-9be4-33b61ce34360,42.89,SN Ia,electromagnetic,https://jackmcguireastro.github.io/ctas.html?event=2b212d7e-5776-4f91-9be4-33b61ce34360#dossier,https://www.wis-tns.org/object/2026vmv,,,,,,,
SN2025vgt,SIDEREAL,310.3106791666666,-25.353533333333335,2000.0,0b0d12ed-a889-4c7f-a8a1-847d4786800f,40.22,SN II,electromagnetic,https://jackmcguireastro.github.io/ctas.html?event=0b0d12ed-a889-4c7f-a8a1-847d4786800f#dossier,,AT2025vgt,2025vgt,ATLAS25kmf,GOTO25grs,LSST-AP-DO-170591521779220723,PS25hmj,ZTF25ablihfx
Chime-1173287432,SIDEREAL,290.4959541,51.6923413,2000.0,87747ee3-9b94-4a45-a930-c8b75b5f8564,70.0,high-importance,radio,https://jackmcguireastro.github.io/ctas.html?event=87747ee3-9b94-4a45-a930-c8b75b5f8564#dossier,,1173287432,,,,,,
SN2026fgl,SIDEREAL,149.21816666666666,3.469919444444445,2000.0,27ba2cc9-5607-4649-98fd-69fd4df64faf,36.08,SN Ia,electromagnetic,https://jackmcguireastro.github.io/ctas.html?event=27ba2cc9-5607-4649-98fd-69fd4df64faf#dossier,,AT2026fgl,2026fgl,ATLAS26dcd,,,,
AT2026vhh,SIDEREAL,11.830625,-72.66794444444444,2000.0,ec1bb7e5-14f4-423b-a2cf-93f92a36c585,62.5,Unclassified,electromagnetic,https://jackmcguireastro.github.io/ctas.html?event=ec1bb7e5-14f4-423b-a2cf-93f92a36c585#dossier,,2026vhh,,,,,,
AT2026tqt,SIDEREAL,276.7296666666666,-17.54113888888889,2000.0,73a48fdc-5f35-447a-83dc-079bd7ebd53d,59.5,Unclassified,electromagnetic,https://jackmcguireastro.github.io/ctas.html?event=73a48fdc-5f35-447a-83dc-079bd7ebd53d#dossier,,2026tqt,,,,,,
AT2026roc,SIDEREAL,300.6641458333333,-25.564280555555555,2000.0,830ad243-7be0-4ca2-8145-e7f666985ebe,59.5,Unclassified,electromagnetic,https://jackmcguireastro.github.io/ctas.html?event=830ad243-7be0-4ca2-8145-e7f666985ebe#dossier,,2026roc,,,,,,
AT2026ris,SIDEREAL,238.45774999999995,-25.49488888888889,2000.0,bf375510-d5be-46b6-850e-6cfb891729c9,58.0,Unclassified,electromagnetic,https://jackmcguireastro.github.io/ctas.html?event=bf375510-d5be-46b6-850e-6cfb891729c9#dossier,,2026ris,,,,,,
AT2026ryu,SIDEREAL,294.4337,-5.595380555555555,2000.0,3a013fdd-2c66-4b2d-8791-d7e8c948e514,58.0,Unclassified,electromagnetic,https://jackmcguireastro.github.io/ctas.html?event=3a013fdd-2c66-4b2d-8791-d7e8c948e514#dossier,,2026ryu,,,,,,
AT2026wjs,SIDEREAL,356.9620791666666,49.48046666666667,2000.0,ec3f8f1f-6de3-400b-a3c0-1f600a713634,62.5,Unclassified,electromagnetic,https://jackmcguireastro.github.io/ctas.html?event=ec3f8f1f-6de3-400b-a3c0-1f600a713634#dossier,,2026wjs,,,,,,
AT2026wht,SIDEREAL,276.4785791666667,8.817872222222222,2000.0,90bb18c5-24b0-4a71-841b-95b2df5506a1,62.5,Unclassified,electromagnetic,https://jackmcguireastro.github.io/ctas.html?event=90bb18c5-24b0-4a71-841b-95b2df5506a1#dossier,,2026wht,,,,,,
AT2026wcb,SIDEREAL,244.41611666666662,29.690113888888888,2000.0,fa6e3f6c-ff20-4aef-8bfd-f5c381d3d64f,61.0,Unclassified,electromagnetic,https://jackmcguireastro.github.io/ctas.html?event=fa6e3f6c-ff20-4aef-8bfd-f5c381d3d64f#dossier,,2026wcb,,,,,,
SN2026wbo,SIDEREAL,234.28625,38.740722,2000.0,4d1fea28-ce17-4fdb-b23f-f8215369df87,54.74,SN Ia,electromagnetic,https://jackmcguireastro.github.io/ctas.html?event=4d1fea28-ce17-4fdb-b23f-f8215369df87#dossier,https://www.wis-tns.org/object/2026wbo,AT2026wbo,2026wbo,,,,,
AT2026rla,SIDEREAL,254.784575,40.44763611111111,2000.0,b6bde872-74bf-4e4d-a785-fc88afd0dbe1,63.0,Unclassified,electromagnetic,https://jackmcguireastro.github.io/ctas.html?event=b6bde872-74bf-4e4d-a785-fc88afd0dbe1#dossier,https://www.wis-tns.org/object/2026rla,2026rla,,,,,,
AT2026rhh,SIDEREAL,278.0982458333333,50.8406,2000.0,f5430b38-a093-4e51-ae2b-50f650797b31,61.0,Unclassified,electromagnetic,https://jackmcguireastro.github.io/ctas.html?event=f5430b38-a093-4e51-ae2b-50f650797b31#dossier,,2026rhh,,,,,,
AT2026yjk,SIDEREAL,317.57317916666665,9.050255555555557,2000.0,fd30287e-f888-4d02-b708-341604d0db50,64.92,Unclassified,electromagnetic,https://jackmcguireastro.github.io/ctas.html?event=fd30287e-f888-4d02-b708-341604d0db50#dossier,https://www.wis-tns.org/object/2026yjk,2026yjk,,,,,,
AT2026ygs,SIDEREAL,346.8086125,11.677780555555556,2000.0,0624896c-2d20-46f5-a5b6-5c94e177343d,55.66,Unclassified,electromagnetic,https://jackmcguireastro.github.io/ctas.html?event=0624896c-2d20-46f5-a5b6-5c94e177343d#dossier,https://www.wis-tns.org/object/2026ygs,2026ygs,,,,,,
AT2026yft,SIDEREAL,269.3245208333333,25.27151111111111,2000.0,c05df23d-332a-4d37-8ac4-98a663da5e6e,52.86,Unclassified,electromagnetic,https://jackmcguireastro.github.io/ctas.html?event=c05df23d-332a-4d37-8ac4-98a663da5e6e#dossier,,2026yft,,,,,,
AT2026yai,SIDEREAL,290.3391833333333,50.62013888888889,2000.0,fa6eccf1-b4d8-4e60-b62e-5763632d3c2b,56.61,Unclassified,electromagnetic,https://jackmcguireastro.github.io/ctas.html?event=fa6eccf1-b4d8-4e60-b62e-5763632d3c2b#dossier,,2026yai,,,,,,
AT2026xqg,SIDEREAL,356.57614583333327,27.887983333333334,2000.0,c9a0d480-ebfd-4018-bd02-39a42901c27c,56.39,Unclassified,electromagnetic,https://jackmcguireastro.github.io/ctas.html?event=c9a0d480-ebfd-4018-bd02-39a42901c27c#dossier,,2026xqg,,,,,,
AT2026xpx,SIDEREAL,250.6514458333333,57.327675000000006,2000.0,38028cd4-2c74-48d9-9279-4beefa51999c,61.52,Unclassified,electromagnetic,https://jackmcguireastro.github.io/ctas.html?event=38028cd4-2c74-48d9-9279-4beefa51999c#dossier,https://www.wis-tns.org/object/2026xpx,2026xpx,,,,,,
AT2026xcx,SIDEREAL,325.94351666666665,20.332633333333334,2000.0,71739483-c8ba-428a-8900-5168fb55cdcf,58.54,Unclassified,electromagnetic,https://jackmcguireastro.github.io/ctas.html?event=71739483-c8ba-428a-8900-5168fb55cdcf#dossier,https://www.wis-tns.org/object/2026xcx,2026xcx,,,,,,
AT2026sfn,SIDEREAL,322.1982916666666,20.517558333333334,2000.0,431dc58e-89a8-4bd7-b6f8-b5c6403ce3b5,54.0,Unclassified,electromagnetic,https://jackmcguireastro.github.io/ctas.html?event=431dc58e-89a8-4bd7-b6f8-b5c6403ce3b5#dossier,,2026sfn,,,,,,
AT2026pag,SIDEREAL,326.5239791666666,-8.97786111111111,2000.0,397466fc-ad4e-475e-b1d3-ee18dc0dfd15,54.0,Unclassified,electromagnetic,https://jackmcguireastro.github.io/ctas.html?event=397466fc-ad4e-475e-b1d3-ee18dc0dfd15#dossier,,2026pag,,,,,,
AT2026muw,SIDEREAL,320.87483749999996,-7.68028888888889,2000.0,8443ac38-d8d5-46fc-88b9-4967a149df7f,54.0,Unclassified,electromagnetic,https://jackmcguireastro.github.io/ctas.html?event=8443ac38-d8d5-46fc-88b9-4967a149df7f#dossier,,2026muw,,,,,,
AT2026gzf,SIDEREAL,149.92863333333332,0.4184388888888889,2000.0,e00527a8-0ac9-4b08-8bf8-9539d30facaa,54.0,Unclassified,electromagnetic,https://jackmcguireastro.github.io/ctas.html?event=e00527a8-0ac9-4b08-8bf8-9539d30facaa#dossier,,2026gzf,,,,,,
AT2026ejf,SIDEREAL,61.15741249999999,-48.50201388888889,2000.0,c36ac241-24aa-4588-ab5e-63e06763fc61,54.0,Unclassified,electromagnetic,https://jackmcguireastro.github.io/ctas.html?event=c36ac241-24aa-4588-ab5e-63e06763fc61#dossier,,2026ejf,,,,,,
AT2025uue,SIDEREAL,5.02115,8.51163611111111,2000.0,e289a89d-7f18-475c-b5ec-aebfc9831bae,54.0,Unclassified,electromagnetic,https://jackmcguireastro.github.io/ctas.html?event=e289a89d-7f18-475c-b5ec-aebfc9831bae#dossier,,2025uue,,,,,,
AT2025aawk,SIDEREAL,6.390325,2.2715472222222224,2000.0,42f16e43-7208-4d95-b2b2-3bd9f1545e6c,54.0,Unclassified,electromagnetic,https://jackmcguireastro.github.io/ctas.html?event=42f16e43-7208-4d95-b2b2-3bd9f1545e6c#dossier,,2025aawk,,,,,,
AT2024kce,SIDEREAL,187.45649999999998,8.213469444444444,2000.0,48a9b44c-460e-4813-9c4d-9858374d5310,54.0,Unclassified,electromagnetic,https://jackmcguireastro.github.io/ctas.html?event=48a9b44c-460e-4813-9c4d-9858374d5310#dossier,,2024kce,,,,,,
AT2023swf,SIDEREAL,316.49387499999995,-14.841761111111111,2000.0,9e3a3586-99ff-437e-86be-58440c02bc0a,54.0,Unclassified,electromagnetic,https://jackmcguireastro.github.io/ctas.html?event=9e3a3586-99ff-437e-86be-58440c02bc0a#dossier,,2023swf,,,,,,
AT2022rvy,SIDEREAL,4.397466666666666,-11.286238888888889,2000.0,425dfef7-46d4-4489-b054-cb68749c679d,54.0,Unclassified,electromagnetic,https://jackmcguireastro.github.io/ctas.html?event=425dfef7-46d4-4489-b054-cb68749c679d#dossier,,2022rvy,,,,,,
AT2022pul,SIDEREAL,186.70352499999998,8.4487,2000.0,47c6b243-36d6-4ef6-92bd-aad7487ed58e,54.0,Unclassified,electromagnetic,https://jackmcguireastro.github.io/ctas.html?event=47c6b243-36d6-4ef6-92bd-aad7487ed58e#dossier,,2022pul,,,,,,
AT2021qth,SIDEREAL,302.9121916666666,-21.160177777777776,2000.0,5f63a7e4-47d8-40a8-90d2-2b46f534caf6,54.0,Unclassified,electromagnetic,https://jackmcguireastro.github.io/ctas.html?event=5f63a7e4-47d8-40a8-90d2-2b46f534caf6#dossier,,2021qth,,,,,,
AT2020zso,SIDEREAL,335.571375,-7.266411111111111,2000.0,3bb7bd97-f729-404f-8f3c-9f8b48b41b25,54.0,Unclassified,electromagnetic,https://jackmcguireastro.github.io/ctas.html?event=3bb7bd97-f729-404f-8f3c-9f8b48b41b25#dossier,,2020zso,,,,,,
AT2020zpf,SIDEREAL,348.16868333333326,-11.933902777777778,2000.0,d98daa93-6ef9-46f2-b2a8-b8892ac55aa4,54.0,Unclassified,electromagnetic,https://jackmcguireastro.github.io/ctas.html?event=d98daa93-6ef9-46f2-b2a8-b8892ac55aa4#dossier,,2020zpf,,,,,,
AT2020usa,SIDEREAL,336.556625,-2.2685305555555555,2000.0,b41f4f80-f171-49d3-b5c2-88640f21db58,54.0,Unclassified,electromagnetic,https://jackmcguireastro.github.io/ctas.html?event=b41f4f80-f171-49d3-b5c2-88640f21db58#dossier,,2020usa,,,,,,
AT2019mav,SIDEREAL,342.07133749999997,-2.8186777777777774,2000.0,fb4aa4b8-e7f3-4518-8e0f-bc99b2011e9d,54.0,Unclassified,electromagnetic,https://jackmcguireastro.github.io/ctas.html?event=fb4aa4b8-e7f3-4518-8e0f-bc99b2011e9d#dossier,,2019mav,,,,,,
AT2019iid,SIDEREAL,185.13112083333334,6.030191666666666,2000.0,af3ef264-6268-43ca-8206-80ded724f9e7,54.0,Unclassified,electromagnetic,https://jackmcguireastro.github.io/ctas.html?event=af3ef264-6268-43ca-8206-80ded724f9e7#dossier,,2019iid,,,,,,
AT2017hcc,SIDEREAL,0.9607916666666666,-11.47461111111111,2000.0,de06357c-a51e-4c75-a403-ec658d838da4,54.0,Unclassified,electromagnetic,https://jackmcguireastro.github.io/ctas.html?event=de06357c-a51e-4c75-a403-ec658d838da4#dossier,,2017hcc,,,,,,
AT2026yid,SIDEREAL,305.63514166666664,-50.75398888888889,2000.0,84d26618-e4f7-4fdf-9159-caad7a49a9f0,54.0,Unclassified,electromagnetic,https://jackmcguireastro.github.io/ctas.html?event=84d26618-e4f7-4fdf-9159-caad7a49a9f0#dossier,,2026yid,,,,,,
AT2026ymp,SIDEREAL,344.324833,47.128278,2000.0,a18b1f0e-5b09-4cc2-8f23-73b6c0074e61,69.04,CV,electromagnetic,https://jackmcguireastro.github.io/ctas.html?event=a18b1f0e-5b09-4cc2-8f23-73b6c0074e61#dossier,https://www.wis-tns.org/object/2026ymp,,,,,,,
Chime-1173264500,SIDEREAL,156.2188135,47.1265119,2000.0,8fb76e54-1075-49d9-a986-f290c188473a,69.02,high-importance,radio,https://jackmcguireastro.github.io/ctas.html?event=8fb76e54-1075-49d9-a986-f290c188473a#dossier,,1173264500,,,,,,
Einstein Probe-01709278015,SIDEREAL,353.598,-15.513,2000.0,22881a74-65ee-4507-8bba-399a9aa6f057,76.8,Unclassified,x-ray,https://jackmcguireastro.github.io/ctas.html?event=22881a74-65ee-4507-8bba-399a9aa6f057#dossier,,01709278015,,,,,,
SN2026wwa,SIDEREAL,237.769564,-12.2864404,2000.0,8b7e3210-cedd-41c5-9ddd-94386d8743bf,45.41,SN Ia,electromagnetic,https://jackmcguireastro.github.io/ctas.html?event=8b7e3210-cedd-41c5-9ddd-94386d8743bf#dossier,https://www.wis-tns.org/object/2026wwa,AT2026wwa,,,,,,
SN2026wle,SIDEREAL,233.3166164,-14.3240164,2000.0,2859730c-bd75-4b0e-843f-93e13b2ba12d,45.05,SN Ia,electromagnetic,https://jackmcguireastro.github.io/ctas.html?event=2859730c-bd75-4b0e-843f-93e13b2ba12d#dossier,https://www.wis-tns.org/object/2026wle,AT2026wle,,,,,,
SN2026wds,SIDEREAL,19.9058333,8.1696026,2000.0,41786653-745a-40b2-97bf-c26e65e57928,43.88,SN II,electromagnetic,https://jackmcguireastro.github.io/ctas.html?event=41786653-745a-40b2-97bf-c26e65e57928#dossier,https://www.wis-tns.org/object/2026wds,,,,,,,
SN2026wdv,SIDEREAL,322.6574497,-0.0929444,2000.0,dc82b1b4-7792-4db0-bfdd-ad2a5b0f6476,43.42,SN Ia,electromagnetic,https://jackmcguireastro.github.io/ctas.html?event=dc82b1b4-7792-4db0-bfdd-ad2a5b0f6476#dossier,https://www.wis-tns.org/object/2026wdv,,,,,,,
SN2026vsq,SIDEREAL,21.5726971,0.8304741,2000.0,4df48ae0-0280-4472-804c-6bf9fcb4ec8b,48.59,SN Ia,electromagnetic,https://jackmcguireastro.github.io/ctas.html?event=4df48ae0-0280-4472-804c-6bf9fcb4ec8b#dossier,https://www.wis-tns.org/object/2026vsq,,,,,,,
SN2026wbs,SIDEREAL,332.898067318,-18.3180062427,2000.0,cf54204a-06ad-4616-bcf9-85805f067442,44.01,SN IIb,electromagnetic,https://jackmcguireastro.github.io/ctas.html?event=cf54204a-06ad-4616-bcf9-85805f067442#dossier,https://www.wis-tns.org/object/2026wbs,AT2026wbs,,,,,,
SN2026vcu,SIDEREAL,321.815732926,3.79799175287,2000.0,351cd417-a150-4aa0-89be-a49f75c8a77c,42.42,SN IIn,electromagnetic,https://jackmcguireastro.github.io/ctas.html?event=351cd417-a150-4aa0-89be-a49f75c8a77c#dossier,https://www.wis-tns.org/object/2026vcu,,,,,,,
SN2026vbm,SIDEREAL,251.2912662,3.0372848,2000.0,db6db394-f8f7-433b-97b2-777a6b0e4c79,42.14,SN Ia,electromagnetic,https://jackmcguireastro.github.io/ctas.html?event=db6db394-f8f7-433b-97b2-777a6b0e4c79#dossier,https://www.wis-tns.org/object/2026vbm,,,,,,,
SN2026vda,SIDEREAL,302.7186318,3.0070664,2000.0,307cb54f-45d5-43a5-beb9-e5faffab54e6,42.87,SN Ic,electromagnetic,https://jackmcguireastro.github.io/ctas.html?event=307cb54f-45d5-43a5-beb9-e5faffab54e6#dossier,https://www.wis-tns.org/object/2026vda,,,,,,,
SN2026uwo,SIDEREAL,314.5893941,-17.226508,2000.0,19241868-5621-42da-9d09-5b7caf9d34cb,43.01,SN Ia,electromagnetic,https://jackmcguireastro.github.io/ctas.html?event=19241868-5621-42da-9d09-5b7caf9d34cb#dossier,https://www.wis-tns.org/object/2026uwo,,,,,,,
SN2026roa,SIDEREAL,263.142578507,12.9152071063,2000.0,d7e59dc2-9a0d-4ac9-8dcf-e93542c842da,44.53,SN Ia,electromagnetic,https://jackmcguireastro.github.io/ctas.html?event=d7e59dc2-9a0d-4ac9-8dcf-e93542c842da#dossier,https://www.wis-tns.org/object/2026roa,,,,,,,
SN2026qif,SIDEREAL,353.96984350607,-10.094042965091,2000.0,6ac1f03a-a8e9-4642-87a1-133490954b43,44.93,SN II,electromagnetic,https://jackmcguireastro.github.io/ctas.html?event=6ac1f03a-a8e9-4642-87a1-133490954b43#dossier,https://www.wis-tns.org/object/2026qif,,,,,,,
SN2026qbr,SIDEREAL,29.3514601,29.4639422,2000.0,ddb0068c-15ad-4488-b313-e0c23ba13a90,46.27,SN II,electromagnetic,https://jackmcguireastro.github.io/ctas.html?event=ddb0068c-15ad-4488-b313-e0c23ba13a90#dossier,https://www.wis-tns.org/object/2026qbr,,,,,,,
SN2026oxz,SIDEREAL,9.58247880148,-5.25898346468,2000.0,20e79576-3ad9-46b0-8318-e35b7bc4cc28,45.49,SN Ic,electromagnetic,https://jackmcguireastro.github.io/ctas.html?event=20e79576-3ad9-46b0-8318-e35b7bc4cc28#dossier,https://www.wis-tns.org/object/2026oxz,,,,,,,
SN2026oti,SIDEREAL,27.920409954,18.3516074971,2000.0,a76afa99-24a0-44be-96b1-c3c9bc0c03f8,47.88,SN Ia,electromagnetic,https://jackmcguireastro.github.io/ctas.html?event=a76afa99-24a0-44be-96b1-c3c9bc0c03f8#dossier,https://www.wis-tns.org/object/2026oti,,,,,,,
SN2026olk,SIDEREAL,10.8598712,-3.8494951,2000.0,12b0b344-2c55-4f4a-8033-09d534a0a2c7,51.63,SN IIn,electromagnetic,https://jackmcguireastro.github.io/ctas.html?event=12b0b344-2c55-4f4a-8033-09d534a0a2c7#dossier,https://www.wis-tns.org/object/2026olk,,,,,,,
SN2026jrc,SIDEREAL,60.5741297,25.8133928,2000.0,44464b89-376c-48bc-ba39-e92ac83e93f6,51.13,SN II,electromagnetic,https://jackmcguireastro.github.io/ctas.html?event=44464b89-376c-48bc-ba39-e92ac83e93f6#dossier,https://www.wis-tns.org/object/2026jrc,,,,,,,
SN2026wsr,SIDEREAL,300.7297439,-20.6474077,2000.0,5817ce23-967d-475a-be1b-107f6fd8937c,46.0,SN Ia,electromagnetic,https://jackmcguireastro.github.io/ctas.html?event=5817ce23-967d-475a-be1b-107f6fd8937c#dossier,https://www.wis-tns.org/object/2026wsr,AT2026wsr,,,,,,
SN2026whl,SIDEREAL,1.82930911962,-20.7014157811,2000.0,b6ead7ae-1149-460f-8b5b-b34c7ac77888,44.82,SN Ia,electromagnetic,https://jackmcguireastro.github.io/ctas.html?event=b6ead7ae-1149-460f-8b5b-b34c7ac77888#dossier,https://www.wis-tns.org/object/2026whl,AT2026whl,,,,,,
SN2026pef,SIDEREAL,303.6255006,5.0977975,2000.0,6860c31f-0693-4f2f-b999-4eedc81cc7c3,43.4,SN Ib,electromagnetic,https://jackmcguireastro.github.io/ctas.html?event=6860c31f-0693-4f2f-b999-4eedc81cc7c3#dossier,https://www.wis-tns.org/object/2026pef,,,,,,,
SN2026vmw,SIDEREAL,329.7016171,27.7165527,2000.0,856cbd68-9edd-4e7c-ac76-2b2f2787c3fe,44.77,SN Ia,electromagnetic,https://jackmcguireastro.github.io/ctas.html?event=856cbd68-9edd-4e7c-ac76-2b2f2787c3fe#dossier,https://www.wis-tns.org/object/2026vmw,,,,,,,
SN2026vca,SIDEREAL,211.766690544,24.5035662414,2000.0,eb476287-d85c-4ad9-9f83-64f0335d9fac,46.98,SN Ia,electromagnetic,https://jackmcguireastro.github.io/ctas.html?event=eb476287-d85c-4ad9-9f83-64f0335d9fac#dossier,https://www.wis-tns.org/object/2026vca,,,,,,,
SN2026wgy,SIDEREAL,290.2830958,43.8842698,2000.0,28ae9157-970c-45de-a2f1-89df7a9de78e,47.94,SN Ia,electromagnetic,https://jackmcguireastro.github.io/ctas.html?event=28ae9157-970c-45de-a2f1-89df7a9de78e#dossier,https://www.wis-tns.org/object/2026wgy,AT2026wgy,,,,,,
AT2026xct,SIDEREAL,233.863917,45.904761,2000.0,a269195d-869b-47e3-abf2-2e84720dd849,59.11,Unclassified,electromagnetic,https://jackmcguireastro.github.io/ctas.html?event=a269195d-869b-47e3-abf2-2e84720dd849#dossier,https://www.wis-tns.org/object/2026xct,ATLAS26jne,WFST260625hqhr,,,,,
AT2026yma,SIDEREAL,17.216424942017,16.132852554321,2000.0,bf6be663-7ab0-419a-be39-9da39c401a3d,78.78,Unclassified,electromagnetic,https://jackmcguireastro.github.io/ctas.html?event=bf6be663-7ab0-419a-be39-9da39c401a3d#dossier,https://www.wis-tns.org/object/2026yma,,,,,,,
Chime-1173210801,SIDEREAL,266.0306158,70.1980238,2000.0,77396437-858e-4225-90c8-3c738a3d473f,70.0,high-importance,radio,https://jackmcguireastro.github.io/ctas.html?event=77396437-858e-4225-90c8-3c738a3d473f#dossier,,1173210801,,,,,,
SN2026xku,SIDEREAL,249.717378042,32.558313222,2000.0,b4323217-d15d-49fa-9b14-9eafbe5b3d53,48.14,SN Ia,electromagnetic,https://jackmcguireastro.github.io/ctas.html?event=b4323217-d15d-49fa-9b14-9eafbe5b3d53#dossier,https://www.wis-tns.org/object/2026xku,AT2026xku,,,,,,
AT2026ygp,SIDEREAL,265.71182250977,5.2268600463867,2000.0,8b373547-6bad-4b87-bdfb-70e33a195feb,59.6,Unclassified,electromagnetic,https://jackmcguireastro.github.io/ctas.html?event=8b373547-6bad-4b87-bdfb-70e33a195feb#dossier,https://www.wis-tns.org/object/2026ygp,,,,,,,
SN2026vjl,SIDEREAL,244.143913859,20.9208725043,2000.0,ee8a65e4-f61a-446c-8c75-b580ccb74fcf,42.17,SN Ia,electromagnetic,https://jackmcguireastro.github.io/ctas.html?event=ee8a65e4-f61a-446c-8c75-b580ccb74fcf#dossier,https://www.wis-tns.org/object/2026vjl,,,,,,,
AT2026ylz,SIDEREAL,245.402518195,21.4727405551,2000.0,0da9bfa2-4543-4cfe-b97a-f2a83ed1391e,67.99,Unclassified,electromagnetic,https://jackmcguireastro.github.io/ctas.html?event=0da9bfa2-4543-4cfe-b97a-f2a83ed1391e#dossier,https://www.wis-tns.org/object/2026ylz,,,,,,,
AT2026xqa,SIDEREAL,248.4824175,-21.6497606,2000.0,a6ce7921-a9f5-427c-b51f-fa6240706bf2,61.46,Unclassified,electromagnetic,https://jackmcguireastro.github.io/ctas.html?event=a6ce7921-a9f5-427c-b51f-fa6240706bf2#dossier,https://www.wis-tns.org/object/2026xqa,ZTF26abljgvi,,,,,,
AT2026xkm,SIDEREAL,358.9915643,-4.9307832,2000.0,4b7d14a2-dc88-4c4a-8fad-ff0a62cd0d9a,61.54,Unclassified,electromagnetic,https://jackmcguireastro.github.io/ctas.html?event=4b7d14a2-dc88-4c4a-8fad-ff0a62cd0d9a#dossier,https://www.wis-tns.org/object/2026xkm,ZTF26ablzrtw,,,,,,
Chime-1173196217,SIDEREAL,216.7771485,60.741257,2000.0,56032693-275a-4bd0-b3a6-008430331ad9,70.0,high-importance,radio,https://jackmcguireastro.github.io/ctas.html?event=56032693-275a-4bd0-b3a6-008430331ad9#dossier,,1173196217,,,,,,
AT2026ylt,SIDEREAL,349.910053383,-26.7493356977,2000.0,34904e7e-0987-4781-be55-1b3070a1e686,58.81,Unclassified,electromagnetic,https://jackmcguireastro.github.io/ctas.html?event=34904e7e-0987-4781-be55-1b3070a1e686#dossier,https://www.wis-tns.org/object/2026ylt,,,,,,,
AT2026ylu,SIDEREAL,357.345518485,-25.2124576403,2000.0,ce3fe2f9-3061-4e25-88d7-473d373965d5,58.17,Unclassified,electromagnetic,https://jackmcguireastro.github.io/ctas.html?event=ce3fe2f9-3061-4e25-88d7-473d373965d5#dossier,https://www.wis-tns.org/object/2026ylu,,,,,,,
AT2026ylv,SIDEREAL,7.02105580815,-22.6552513859,2000.0,d2242024-86da-4a1b-ba84-350f26d3320a,58.13,Unclassified,electromagnetic,https://jackmcguireastro.github.io/ctas.html?event=d2242024-86da-4a1b-ba84-350f26d3320a#dossier,https://www.wis-tns.org/object/2026ylv,,,,,,,
AT2026ylw,SIDEREAL,6.81694474311,-20.352026182,2000.0,84dc957a-7b81-44a8-8cd4-d2f952e98ea9,57.18,Unclassified,electromagnetic,https://jackmcguireastro.github.io/ctas.html?event=84dc957a-7b81-44a8-8cd4-d2f952e98ea9#dossier,https://www.wis-tns.org/object/2026ylw,,,,,,,
AT2026ylx,SIDEREAL,341.772315139,12.3096614731,2000.0,1387e993-6a7f-4a06-a279-2820d094ec86,57.52,Unclassified,electromagnetic,https://jackmcguireastro.github.io/ctas.html?event=1387e993-6a7f-4a06-a279-2820d094ec86#dossier,https://www.wis-tns.org/object/2026ylx,,,,,,,
SN2026xpf,SIDEREAL,262.6791445,62.8305769,2000.0,b944dd73-06dc-4585-8c3f-3117de0c58ac,47.4,SN Ia,electromagnetic,https://jackmcguireastro.github.io/ctas.html?event=b944dd73-06dc-4585-8c3f-3117de0c58ac#dossier,https://www.wis-tns.org/object/2026xpf,AT2026xpf,,,,,,
AT2026xzb,SIDEREAL,254.43902587891,-4.7354311943054,2000.0,a0218294-c82a-4893-be92-1aad874625ed,59.27,Unclassified,electromagnetic,https://jackmcguireastro.github.io/ctas.html?event=a0218294-c82a-4893-be92-1aad874625ed#dossier,https://www.wis-tns.org/object/2026xzb,,,,,,,
SN2026mim,SIDEREAL,346.775854723,-28.6127230279,2000.0,82a5b7cb-a439-4789-ba46-30c1804b50d9,50.33,SN Ia,electromagnetic,https://jackmcguireastro.github.io/ctas.html?event=82a5b7cb-a439-4789-ba46-30c1804b50d9#dossier,https://www.wis-tns.org/object/2026mim,,,,,,,
SN2026xby,SIDEREAL,9.71410824385,-16.1089638817,2000.0,0a354de0-a9c7-4e25-9625-41034ab35e57,49.06,SN I,electromagnetic,https://jackmcguireastro.github.io/ctas.html?event=0a354de0-a9c7-4e25-9625-41034ab35e57#dossier,https://www.wis-tns.org/object/2026xby,AT2026xby,ATLAS26joq,GOTO26hrl,ZTF26ablnnlb,,,
AT2026ykz,SIDEREAL,224.640244394,0.137845871161,2000.0,1c912328-ed4d-4460-adf1-0d0ea4648fe7,57.39,Unclassified,electromagnetic,https://jackmcguireastro.github.io/ctas.html?event=1c912328-ed4d-4460-adf1-0d0ea4648fe7#dossier,https://www.wis-tns.org/object/2026ykz,,,,,,,
AT2026yla,SIDEREAL,232.513932948,1.27278896,2000.0,762f0810-e0c1-4916-a5a8-21f447632830,57.67,Unclassified,electromagnetic,https://jackmcguireastro.github.io/ctas.html?event=762f0810-e0c1-4916-a5a8-21f447632830#dossier,https://www.wis-tns.org/object/2026yla,,,,,,,
SN2026xca,SIDEREAL,349.250964352,11.9388951277,2000.0,7bcb09ab-be53-4a64-b25a-89f254685d2f,46.84,SN Ia,electromagnetic,https://jackmcguireastro.github.io/ctas.html?event=7bcb09ab-be53-4a64-b25a-89f254685d2f#dossier,https://www.wis-tns.org/object/2026xca,AT2026xca,,,,,,
AT2026ygk,SIDEREAL,344.036080233,12.7891892714,2000.0,042447b3-deec-4f67-987f-cdf85bb2bb7b,64.79,Unclassified,electromagnetic,https://jackmcguireastro.github.io/ctas.html?event=042447b3-deec-4f67-987f-cdf85bb2bb7b#dossier,https://www.wis-tns.org/object/2026ygk,,,,,,,
AT2026xli,SIDEREAL,353.987094178,12.9000565905,2000.0,33e5a9fa-1307-484b-845f-ca0d34284415,54.41,Unclassified,electromagnetic,https://jackmcguireastro.github.io/ctas.html?event=33e5a9fa-1307-484b-845f-ca0d34284415#dossier,https://www.wis-tns.org/object/2026xli,,,,,,,
AT2026wbq,SIDEREAL,328.553308816,-20.1693027404,2000.0,accb573b-558b-49b0-83d7-d038fb49b1b8,56.8,Unclassified,electromagnetic,https://jackmcguireastro.github.io/ctas.html?event=accb573b-558b-49b0-83d7-d038fb49b1b8#dossier,https://www.wis-tns.org/object/2026wbq,,,,,,,
AT2026ylb,SIDEREAL,327.943453838,22.876343951,2000.0,d211b5c8-06db-422b-8594-bb5c8ce4e016,57.75,Unclassified,electromagnetic,https://jackmcguireastro.github.io/ctas.html?event=d211b5c8-06db-422b-8594-bb5c8ce4e016#dossier,https://www.wis-tns.org/object/2026ylb,,,,,,,
AT2026ydb,SIDEREAL,250.039631199,18.2658136168,2000.0,856ccb9f-4e06-4241-9a84-f0e1b05b43ed,53.88,Unclassified,electromagnetic,https://jackmcguireastro.github.io/ctas.html?event=856ccb9f-4e06-4241-9a84-f0e1b05b43ed#dossier,https://www.wis-tns.org/object/2026ydb,,,,,,,
AT2026xhb,SIDEREAL,236.793781249,3.7900356778,2000.0,efa2b774-c112-4226-a655-a581c9e14e21,55.51,Unclassified,electromagnetic,https://jackmcguireastro.github.io/ctas.html?event=efa2b774-c112-4226-a655-a581c9e14e21#dossier,https://www.wis-tns.org/object/2026xhb,,,,,,,
AT2026ylc,SIDEREAL,253.332885848,23.3479914362,2000.0,2196542f-1c47-43aa-85b8-6b371d8ad5ef,57.6,Unclassified,electromagnetic,https://jackmcguireastro.github.io/ctas.html?event=2196542f-1c47-43aa-85b8-6b371d8ad5ef#dossier,https://www.wis-tns.org/object/2026ylc,,,,,,,
AT2026yld,SIDEREAL,251.06639488,15.9733278685,2000.0,04f097c4-83a2-422a-9d5e-f8d33cac1e24,58.06,Unclassified,electromagnetic,https://jackmcguireastro.github.io/ctas.html?event=04f097c4-83a2-422a-9d5e-f8d33cac1e24#dossier,https://www.wis-tns.org/object/2026yld,,,,,,,
AT2026xqn,SIDEREAL,321.235792945,-20.8706727946,2000.0,52763d29-bf93-41b3-a0fd-2d2dde725495,56.65,Unclassified,electromagnetic,https://jackmcguireastro.github.io/ctas.html?event=52763d29-bf93-41b3-a0fd-2d2dde725495#dossier,https://www.wis-tns.org/object/2026xqn,,,,,,,
AT2026yle,SIDEREAL,228.279906497,4.56790116551,2000.0,828b8563-ee1d-4d3b-a621-34771a85b92e,57.0,Unclassified,electromagnetic,https://jackmcguireastro.github.io/ctas.html?event=828b8563-ee1d-4d3b-a621-34771a85b92e#dossier,https://www.wis-tns.org/object/2026yle,,,,,,,
AT2026ylf,SIDEREAL,230.542972211,2.61075089431,2000.0,036f885a-0a07-40e9-9bbf-96e8cedac4c1,56.84,Unclassified,electromagnetic,https://jackmcguireastro.github.io/ctas.html?event=036f885a-0a07-40e9-9bbf-96e8cedac4c1#dossier,https://www.wis-tns.org/object/2026ylf,,,,,,,
AT2026wfh,SIDEREAL,354.123238922,11.0824259977,2000.0,6256a652-9bf5-4f4b-bedf-084a3174ffea,55.12,Unclassified,electromagnetic,https://jackmcguireastro.github.io/ctas.html?event=6256a652-9bf5-4f4b-bedf-084a3174ffea#dossier,https://www.wis-tns.org/object/2026wfh,,,,,,,
AT2026ylg,SIDEREAL,339.452784072,14.5216145094,2000.0,2ecd13e5-01f5-4669-b8a3-6b25dbc81bc3,57.92,Unclassified,electromagnetic,https://jackmcguireastro.github.io/ctas.html?event=2ecd13e5-01f5-4669-b8a3-6b25dbc81bc3#dossier,https://www.wis-tns.org/object/2026ylg,,,,,,,
AT2026ygc,SIDEREAL,240.326249662,22.5431196571,2000.0,8c9ae410-ec08-46c1-a1b3-47193c51eceb,54.62,Unclassified,electromagnetic,https://jackmcguireastro.github.io/ctas.html?event=8c9ae410-ec08-46c1-a1b3-47193c51eceb#dossier,https://www.wis-tns.org/object/2026ygc,,,,,,,
AT2026ylh,SIDEREAL,313.212723286,-38.1727901459,2000.0,6fdcb94b-d576-4723-a286-ec469dec7e29,56.84,Unclassified,electromagnetic,https://jackmcguireastro.github.io/ctas.html?event=6fdcb94b-d576-4723-a286-ec469dec7e29#dossier,https://www.wis-tns.org/object/2026ylh,,,,,,,
AT2026yli,SIDEREAL,229.554422738,3.36315754093,2000.0,e864d75e-01f1-46ae-9f19-97762324c2ba,55.98,Unclassified,electromagnetic,https://jackmcguireastro.github.io/ctas.html?event=e864d75e-01f1-46ae-9f19-97762324c2ba#dossier,https://www.wis-tns.org/object/2026yli,,,,,,,
AT2026ylj,SIDEREAL,319.919149627,-20.2385202245,2000.0,84c4dcc4-48f8-4b97-98d5-2f1bfcb3b851,58.4,Unclassified,electromagnetic,https://jackmcguireastro.github.io/ctas.html?event=84c4dcc4-48f8-4b97-98d5-2f1bfcb3b851#dossier,https://www.wis-tns.org/object/2026ylj,,,,,,,
AT2026yll,SIDEREAL,237.246323861,2.66458975615,2000.0,2ed8cbf2-f0ce-4c9e-922e-d28cc17bfddd,57.68,Unclassified,electromagnetic,https://jackmcguireastro.github.io/ctas.html?event=2ed8cbf2-f0ce-4c9e-922e-d28cc17bfddd#dossier,https://www.wis-tns.org/object/2026yll,,,,,,,
AT2026ylm,SIDEREAL,4.84377648603,-22.7496762874,2000.0,431b06f9-68c3-4d0e-acd8-47fae1c3e2f5,59.58,Unclassified,electromagnetic,https://jackmcguireastro.github.io/ctas.html?event=431b06f9-68c3-4d0e-acd8-47fae1c3e2f5#dossier,https://www.wis-tns.org/object/2026ylm,,,,,,,
AT2026vmc,SIDEREAL,348.196775381,-24.2325540613,2000.0,ee86646d-e7d5-409c-8625-63221b7216d3,57.98,Unclassified,electromagnetic,https://jackmcguireastro.github.io/ctas.html?event=ee86646d-e7d5-409c-8625-63221b7216d3#dossier,https://www.wis-tns.org/object/2026vmc,,,,,,,
AT2026yln,SIDEREAL,313.153769089,-39.5654259031,2000.0,d6b93b03-87c0-4a49-9b72-4bfc8e03f0ef,58.94,Unclassified,electromagnetic,https://jackmcguireastro.github.io/ctas.html?event=d6b93b03-87c0-4a49-9b72-4bfc8e03f0ef#dossier,https://www.wis-tns.org/object/2026yln,,,,,,,
AT2026ylo,SIDEREAL,303.502802696,-38.2277098474,2000.0,8698a1cb-ebca-4be0-bdc3-65cc31fd75b3,57.63,Unclassified,electromagnetic,https://jackmcguireastro.github.io/ctas.html?event=8698a1cb-ebca-4be0-bdc3-65cc31fd75b3#dossier,https://www.wis-tns.org/object/2026ylo,,,,,,,
AT2026wlv,SIDEREAL,355.72376245,-32.8150071738,2000.0,ee0b8b9f-10ad-4b99-b261-3da30195d4c1,58.23,Unclassified,electromagnetic,https://jackmcguireastro.github.io/ctas.html?event=ee0b8b9f-10ad-4b99-b261-3da30195d4c1#dossier,https://www.wis-tns.org/object/2026wlv,,,,,,,
AT2026ylp,SIDEREAL,325.15263441,-18.3907142058,2000.0,7c10cf88-8511-44ea-99ee-3e8e9ed6e1a6,54.03,Unclassified,electromagnetic,https://jackmcguireastro.github.io/ctas.html?event=7c10cf88-8511-44ea-99ee-3e8e9ed6e1a6#dossier,https://www.wis-tns.org/object/2026ylp,,,,,,,
AT2026yjj,SIDEREAL,339.66350163,8.74931726765,2000.0,e4b7a7f4-dd75-4c02-897a-98621c9cf79c,56.74,Unclassified,electromagnetic,https://jackmcguireastro.github.io/ctas.html?event=e4b7a7f4-dd75-4c02-897a-98621c9cf79c#dossier,https://www.wis-tns.org/object/2026yjj,,,,,,,
AT2026xth,SIDEREAL,328.138553607,-17.9712322556,2000.0,4893779c-1a04-4e8f-a083-b57bfaffeea8,56.65,Unclassified,electromagnetic,https://jackmcguireastro.github.io/ctas.html?event=4893779c-1a04-4e8f-a083-b57bfaffeea8#dossier,https://www.wis-tns.org/object/2026xth,,,,,,,
AT2026ylq,SIDEREAL,356.297732279,-24.9130580255,2000.0,f26c89da-75d7-41cc-a9ca-609ceb769e85,56.84,Unclassified,electromagnetic,https://jackmcguireastro.github.io/ctas.html?event=f26c89da-75d7-41cc-a9ca-609ceb769e85#dossier,https://www.wis-tns.org/object/2026ylq,,,,,,,
AT2026ylr,SIDEREAL,347.824627921,-28.112562595,2000.0,fa8e3def-25b0-4a8f-ae71-5eeb1c0f3f1e,57.5,Unclassified,electromagnetic,https://jackmcguireastro.github.io/ctas.html?event=fa8e3def-25b0-4a8f-ae71-5eeb1c0f3f1e#dossier,https://www.wis-tns.org/object/2026ylr,,,,,,,
AT2026yls,SIDEREAL,8.35681063814,-18.2510954397,2000.0,b5226660-6bc3-41cb-9131-f029eb777b27,58.76,Unclassified,electromagnetic,https://jackmcguireastro.github.io/ctas.html?event=b5226660-6bc3-41cb-9131-f029eb777b27#dossier,https://www.wis-tns.org/object/2026yls,,,,,,,
Chime-1173165448,SIDEREAL,126.3472418,70.4168158,2000.0,53a86995-9fb7-4dfe-b1f4-1f0a24dcb58a,68.5,high-importance,radio,https://jackmcguireastro.github.io/ctas.html?event=53a86995-9fb7-4dfe-b1f4-1f0a24dcb58a#dossier,,1173165448,,,,,,
Chime-1173151940,SIDEREAL,97.208457,43.9051536,2000.0,d940f0e9-5a5a-4213-9745-bfee36e4e656,67.8,high-importance,radio,https://jackmcguireastro.github.io/ctas.html?event=d940f0e9-5a5a-4213-9745-bfee36e4e656#dossier,,1173151940,,,,,,
AT2026yjg,SIDEREAL,218.675903,29.426916,2000.0,56b23764-f1ea-4237-9696-81556f0d31c4,75.61,Unclassified,electromagnetic,https://jackmcguireastro.github.io/ctas.html?event=56b23764-f1ea-4237-9696-81556f0d31c4#dossier,https://www.wis-tns.org/object/2026yjg,GOTO26iax,,,,,,
AT2026yjh,SIDEREAL,211.210667,34.398052,2000.0,5810c0f1-e8c3-469a-b89f-42de6c62b474,74.22,Unclassified,electromagnetic,https://jackmcguireastro.github.io/ctas.html?event=5810c0f1-e8c3-469a-b89f-42de6c62b474#dossier,https://www.wis-tns.org/object/2026yjh,GOTO26ibf,,,,,,
AT2026wyi,SIDEREAL,261.960458,-18.085972,2000.0,48cb4037-7c41-4f35-b59a-e27c05942f37,53.49,Unclassified,electromagnetic,https://jackmcguireastro.github.io/ctas.html?event=48cb4037-7c41-4f35-b59a-e27c05942f37#dossier,https://www.wis-tns.org/object/2026wyi,KATS26P001,,,,,,
Chime-1173045844,SIDEREAL,142.587022,0.7644722,2000.0,e5e3d8e4-7212-4f5a-95cb-65862ac60f52,0.0,high-importance,radio,https://jackmcguireastro.github.io/ctas.html?event=e5e3d8e4-7212-4f5a-95cb-65862ac60f52#dossier,,1173045844,,,,,,
Chime-1172946392,SIDEREAL,290.8642404,33.9611176,2000.0,eec069b3-c3d6-4f3a-bc17-f8f5129fe18b,0.0,high-importance,radio,https://jackmcguireastro.github.io/ctas.html?event=eec069b3-c3d6-4f3a-bc17-f8f5129fe18b#dossier,,1172946392,,,,,,
AT2026yjo,SIDEREAL,344.44958496094,-11.774697303772,2000.0,1c0a69c6-a0c8-45ab-acf8-cdfeeaac96c4,80.22,Unclassified,electromagnetic,https://jackmcguireastro.github.io/ctas.html?event=1c0a69c6-a0c8-45ab-acf8-cdfeeaac96c4#dossier,https://www.wis-tns.org/object/2026yjo,,,,,,,
AT2026yjl,SIDEREAL,347.40805053711,7.1127285957336,2000.0,969e68ea-560f-4b5d-9b67-48eada5842b7,77.76,Unclassified,electromagnetic,https://jackmcguireastro.github.io/ctas.html?event=969e68ea-560f-4b5d-9b67-48eada5842b7#dossier,https://www.wis-tns.org/object/2026yjl,,,,,,,
AT2026yjm,SIDEREAL,7.791651725769,15.884471893311,2000.0,bda28e71-6135-4f85-9f5e-539e0a4f783b,79.06,Unclassified,electromagnetic,https://jackmcguireastro.github.io/ctas.html?event=bda28e71-6135-4f85-9f5e-539e0a4f783b#dossier,https://www.wis-tns.org/object/2026yjm,,,,,,,
AT2026yjn,SIDEREAL,344.26879882812,12.689133644104,2000.0,b1be1087-0ca6-48c8-be95-d00624e19d80,78.99,Unclassified,electromagnetic,https://jackmcguireastro.github.io/ctas.html?event=b1be1087-0ca6-48c8-be95-d00624e19d80#dossier,https://www.wis-tns.org/object/2026yjn,,,,,,,
AT2026yjp,SIDEREAL,4.3281078338623,6.9950933456421,2000.0,6e208856-4dd2-44d8-930c-27d72fa573bc,72.54,Unclassified,electromagnetic,https://jackmcguireastro.github.io/ctas.html?event=6e208856-4dd2-44d8-930c-27d72fa573bc#dossier,https://www.wis-tns.org/object/2026yjp,,,,,,,
AT2026wpf,SIDEREAL,159.68595,53.501467,2000.0,430a0335-75af-41fa-89c8-6a64c57a34f8,69.0,Unclassified,electromagnetic,https://jackmcguireastro.github.io/ctas.html?event=430a0335-75af-41fa-89c8-6a64c57a34f8#dossier,https://www.wis-tns.org/object/2026wpf,,,,,,,
Einstein Probe-01709277768,SIDEREAL,328.573,17.607,2000.0,458bb7de-1827-4c5b-8074-d805481e5419,81.66,Unclassified,x-ray,https://jackmcguireastro.github.io/ctas.html?event=458bb7de-1827-4c5b-8074-d805481e5419#dossier,,01709277768,,,,,,
AT2026yjb,SIDEREAL,211.436997,39.240063,2000.0,7354c000-a73f-4c5e-9078-106a763c0e74,79.54,Unclassified,electromagnetic,https://jackmcguireastro.github.io/ctas.html?event=7354c000-a73f-4c5e-9078-106a763c0e74#dossier,https://www.wis-tns.org/object/2026yjb,,,,,,,
AT2026yjc,SIDEREAL,100.2503163,52.9859907,2000.0,9ae893cd-27d9-4d70-b8b6-6cf737ad8b53,69.79,Unclassified,electromagnetic,https://jackmcguireastro.github.io/ctas.html?event=9ae893cd-27d9-4d70-b8b6-6cf737ad8b53#dossier,https://www.wis-tns.org/object/2026yjc,,,,,,,
AT2026yjd,SIDEREAL,101.1864644,51.9793211,2000.0,ed0582fb-865f-4383-b2f3-9815337fb8e3,57.6,Unclassified,electromagnetic,https://jackmcguireastro.github.io/ctas.html?event=ed0582fb-865f-4383-b2f3-9815337fb8e3#dossier,https://www.wis-tns.org/object/2026yjd,,,,,,,
AT2026yjf,SIDEREAL,80.0535832,5.835936,2000.0,b468424c-606c-47ac-a85b-6b889532ddb8,58.16,Unclassified,electromagnetic,https://jackmcguireastro.github.io/ctas.html?event=b468424c-606c-47ac-a85b-6b889532ddb8#dossier,https://www.wis-tns.org/object/2026yjf,,,,,,,
AT2026yji,SIDEREAL,212.460764,43.087629,2000.0,9fad6b97-26ee-4a5d-a55f-72526118cf6a,79.87,Unclassified,electromagnetic,https://jackmcguireastro.github.io/ctas.html?event=9fad6b97-26ee-4a5d-a55f-72526118cf6a#dossier,https://www.wis-tns.org/object/2026yji,,,,,,,
AT2026ygn,SIDEREAL,14.4751666667,43.707,2000.0,476c4456-8f75-42f0-915e-b0cb36311b3a,72.86,Unclassified,electromagnetic,https://jackmcguireastro.github.io/ctas.html?event=476c4456-8f75-42f0-915e-b0cb36311b3a#dossier,https://www.wis-tns.org/object/2026ygn,,,,,,,
SN2026wts,SIDEREAL,10.8838845,31.1874399,2000.0,3a9151dd-40e7-4c94-9205-caa9bb209105,47.75,SN Ia,electromagnetic,https://jackmcguireastro.github.io/ctas.html?event=3a9151dd-40e7-4c94-9205-caa9bb209105#dossier,https://www.wis-tns.org/object/2026wts,AT2026wts,,,,,,
AT2026yja,SIDEREAL,211.907832,31.995638,2000.0,d0ff0a77-a09f-40c9-b609-f723b978aee0,79.32,Unclassified,electromagnetic,https://jackmcguireastro.github.io/ctas.html?event=d0ff0a77-a09f-40c9-b609-f723b978aee0#dossier,https://www.wis-tns.org/object/2026yja,,,,,,,
Chime-1173026182,SIDEREAL,92.0060957,82.0651996,2000.0,9a9f2fb1-2d38-4f28-a2f1-6b3dd218f3ab,68.39,high-importance,radio,https://jackmcguireastro.github.io/ctas.html?event=9a9f2fb1-2d38-4f28-a2f1-6b3dd218f3ab#dossier,,1173026182,,,,,,
SN2026yid,SIDEREAL,305.635140833,-50.75399,2000.0,e466e680-b08b-4b88-bc22-2da9056f39ca,69.15,SN Ia,electromagnetic,https://jackmcguireastro.github.io/ctas.html?event=e466e680-b08b-4b88-bc22-2da9056f39ca#dossier,https://www.wis-tns.org/object/2026yid,,,,,,,
AT2026ygr,SIDEREAL,353.457773,20.627746,2000.0,53d8fab7-ad8c-4003-8d43-88fbb74ab900,69.41,Unclassified,electromagnetic,https://jackmcguireastro.github.io/ctas.html?event=53d8fab7-ad8c-4003-8d43-88fbb74ab900#dossier,https://www.wis-tns.org/object/2026ygr,,,,,,,
AT2026ygt,SIDEREAL,216.743293233,12.8821270086,2000.0,37af4b54-6b68-46ed-9380-f0e7ec8e88bd,52.05,Unclassified,electromagnetic,https://jackmcguireastro.github.io/ctas.html?event=37af4b54-6b68-46ed-9380-f0e7ec8e88bd#dossier,https://www.wis-tns.org/object/2026ygt,,,,,,,
AT2026ygu,SIDEREAL,213.968132265,37.5602624317,2000.0,b1a9e3f3-f892-40b2-921c-89076ad68246,52.8,Unclassified,electromagnetic,https://jackmcguireastro.github.io/ctas.html?event=b1a9e3f3-f892-40b2-921c-89076ad68246#dossier,https://www.wis-tns.org/object/2026ygu,,,,,,,
AT2026ygv,SIDEREAL,327.73445,-8.53208,2000.0,b6bafbac-56d4-4db3-841e-53748976045c,64.08,Unclassified,electromagnetic,https://jackmcguireastro.github.io/ctas.html?event=b6bafbac-56d4-4db3-841e-53748976045c#dossier,https://www.wis-tns.org/object/2026ygv,,,,,,,
AT2026ygw,SIDEREAL,346.061613,14.830305,2000.0,6b522300-4301-4d20-a905-02cb352b40ba,63.06,Unclassified,electromagnetic,https://jackmcguireastro.github.io/ctas.html?event=6b522300-4301-4d20-a905-02cb352b40ba#dossier,https://www.wis-tns.org/object/2026ygw,,,,,,,
AT2026ygy,SIDEREAL,72.315252,-35.476087,2000.0,2564117c-ec69-4d01-a0d4-369f714d1c77,69.74,Unclassified,electromagnetic,https://jackmcguireastro.github.io/ctas.html?event=2564117c-ec69-4d01-a0d4-369f714d1c77#dossier,https://www.wis-tns.org/object/2026ygy,,,,,,,
AT2026ygz,SIDEREAL,37.888491,-11.017183,2000.0,72ee8c07-f940-47ad-90f6-bd593385cd99,58.1,Unclassified,electromagnetic,https://jackmcguireastro.github.io/ctas.html?event=72ee8c07-f940-47ad-90f6-bd593385cd99#dossier,https://www.wis-tns.org/object/2026ygz,,,,,,,
AT2026yha,SIDEREAL,313.671893,-33.811612,2000.0,b9b3e11c-c0eb-41c4-b154-50329b166462,55.75,Unclassified,electromagnetic,https://jackmcguireastro.github.io/ctas.html?event=b9b3e11c-c0eb-41c4-b154-50329b166462#dossier,https://www.wis-tns.org/object/2026yha,,,,,,,
AT2026yhb,SIDEREAL,207.193674892,-7.63143062812,2000.0,31c8aefb-0175-409f-b96a-14a6339417ec,53.25,Unclassified,electromagnetic,https://jackmcguireastro.github.io/ctas.html?event=31c8aefb-0175-409f-b96a-14a6339417ec#dossier,https://www.wis-tns.org/object/2026yhb,,,,,,,
AT2026ygj,SIDEREAL,12.725831985474,-6.8339967727661,2000.0,87c61cbe-9cae-40f6-8195-efb33c4528a5,79.56,Unclassified,electromagnetic,https://jackmcguireastro.github.io/ctas.html?event=87c61cbe-9cae-40f6-8195-efb33c4528a5#dossier,https://www.wis-tns.org/object/2026ygj,,,,,,,
AT2026ygm,SIDEREAL,4.2007579803467,21.041244506836,2000.0,dae5c1ab-b85b-4914-a21f-65409c218963,80.0,Unclassified,electromagnetic,https://jackmcguireastro.github.io/ctas.html?event=dae5c1ab-b85b-4914-a21f-65409c218963#dossier,https://www.wis-tns.org/object/2026ygm,,,,,,,
AT2026ygo,SIDEREAL,12.197066307068,43.521625518799,2000.0,fe53f7c0-f8fc-4268-a218-0955dd0242aa,77.4,Unclassified,electromagnetic,https://jackmcguireastro.github.io/ctas.html?event=fe53f7c0-f8fc-4268-a218-0955dd0242aa#dossier,https://www.wis-tns.org/object/2026ygo,,,,,,,
SN2026xkx,SIDEREAL,358.4426119,25.6127269,2000.0,b1b2b54e-8094-40ae-abda-5603adcc6f84,49.72,SN Ia,electromagnetic,https://jackmcguireastro.github.io/ctas.html?event=b1b2b54e-8094-40ae-abda-5603adcc6f84#dossier,https://www.wis-tns.org/object/2026xkx,AT2026xkx,,,,,,
AT2025sby,SIDEREAL,12.437125205994,27.604820251465,2000.0,1e8634bc-55b1-4b84-beb5-a2403d6863de,58.65,Unclassified,electromagnetic,https://jackmcguireastro.github.io/ctas.html?event=1e8634bc-55b1-4b84-beb5-a2403d6863de#dossier,https://www.wis-tns.org/object/2025sby,,,,,,,
AT2026ygq,SIDEREAL,320.8618771,8.4851579,2000.0,3573f82f-4312-401a-b580-7a64da672344,56.49,Unclassified,electromagnetic,https://jackmcguireastro.github.io/ctas.html?event=3573f82f-4312-401a-b580-7a64da672344#dossier,https://www.wis-tns.org/object/2026ygq,,,,,,,
SN2026yef,SIDEREAL,354.9810423,21.3270885,2000.0,a58fac12-380d-4cc8-b2e4-793a5d638b32,65.96,SN Ia,electromagnetic,https://jackmcguireastro.github.io/ctas.html?event=a58fac12-380d-4cc8-b2e4-793a5d638b32#dossier,https://www.wis-tns.org/object/2026yef,AT2026yef,,,,,,
AT2026xll,SIDEREAL,262.5225094,13.7886507,2000.0,9dc81a2f-a8cb-4a8b-9444-9a8ccf5d4e9a,56.98,Unclassified,electromagnetic,https://jackmcguireastro.github.io/ctas.html?event=9dc81a2f-a8cb-4a8b-9444-9a8ccf5d4e9a#dossier,https://www.wis-tns.org/object/2026xll,,,,,,,
AT2026ygd,SIDEREAL,208.420604,10.3059341,2000.0,cb5b0e5c-7745-4251-baf6-bf03e2375356,63.68,Unclassified,electromagnetic,https://jackmcguireastro.github.io/ctas.html?event=cb5b0e5c-7745-4251-baf6-bf03e2375356#dossier,https://www.wis-tns.org/object/2026ygd,,,,,,,
AT2026yge,SIDEREAL,10.733032,41.2920577,2000.0,fe0b9b9d-fe8b-4eee-adb3-d316bb744798,59.65,Unclassified,electromagnetic,https://jackmcguireastro.github.io/ctas.html?event=fe0b9b9d-fe8b-4eee-adb3-d316bb744798#dossier,https://www.wis-tns.org/object/2026yge,,,,,,,
AT2026wcf,SIDEREAL,208.7164041,19.8050678,2000.0,e66a9732-a2c8-477d-88b4-af01dec0ace1,60.31,Unclassified,electromagnetic,https://jackmcguireastro.github.io/ctas.html?event=e66a9732-a2c8-477d-88b4-af01dec0ace1#dossier,https://www.wis-tns.org/object/2026wcf,,,,,,,
AT2026ygf,SIDEREAL,298.7644668,-12.1526175,2000.0,ae16778b-5e60-42db-a91b-e61f45b62260,56.69,Unclassified,electromagnetic,https://jackmcguireastro.github.io/ctas.html?event=ae16778b-5e60-42db-a91b-e61f45b62260#dossier,https://www.wis-tns.org/object/2026ygf,,,,,,,
AT2026ygg,SIDEREAL,284.1565661,-17.2038699,2000.0,6a05066d-4c1d-4498-9a9d-491b7efd38e1,57.41,Unclassified,electromagnetic,https://jackmcguireastro.github.io/ctas.html?event=6a05066d-4c1d-4498-9a9d-491b7efd38e1#dossier,https://www.wis-tns.org/object/2026ygg,,,,,,,
AT2023aegk,SIDEREAL,23.2941246,-6.326493,2000.0,9ee1ec52-9c19-4381-9761-c17bbca658f9,65.17,Unclassified,electromagnetic,https://jackmcguireastro.github.io/ctas.html?event=9ee1ec52-9c19-4381-9761-c17bbca658f9#dossier,https://www.wis-tns.org/object/2023aegk,,,,,,,
AT2026xax,SIDEREAL,221.1331488,17.4152978,2000.0,c72dbe6f-8801-4ebe-a7f0-6edc965e5b67,58.86,Unclassified,electromagnetic,https://jackmcguireastro.github.io/ctas.html?event=c72dbe6f-8801-4ebe-a7f0-6edc965e5b67#dossier,https://www.wis-tns.org/object/2026xax,,,,,,,
AT2026yga,SIDEREAL,257.0454038,62.6802052,2000.0,7ef9a242-bdbf-4f0a-934d-ca269ea9c248,55.66,Unclassified,electromagnetic,https://jackmcguireastro.github.io/ctas.html?event=7ef9a242-bdbf-4f0a-934d-ca269ea9c248#dossier,https://www.wis-tns.org/object/2026yga,,,,,,,
AT2026xpy,SIDEREAL,251.4086116,72.8562933,2000.0,cc750720-bc6a-473b-9b2b-e93ea6224040,61.52,Unclassified,electromagnetic,https://jackmcguireastro.github.io/ctas.html?event=cc750720-bc6a-473b-9b2b-e93ea6224040#dossier,https://www.wis-tns.org/object/2026xpy,,,,,,,
AT2026ygb,SIDEREAL,265.6157397,23.5041207,2000.0,05e7db4c-bcaf-4303-a056-46ab70d6ed00,56.66,Unclassified,electromagnetic,https://jackmcguireastro.github.io/ctas.html?event=05e7db4c-bcaf-4303-a056-46ab70d6ed00#dossier,https://www.wis-tns.org/object/2026ygb,,,,,,,
SN2026pub,SIDEREAL,206.4061602,-5.9932664,2000.0,c3fe6e4e-006e-4749-8194-77da7f9008af,47.75,SN II,electromagnetic,https://jackmcguireastro.github.io/ctas.html?event=c3fe6e4e-006e-4749-8194-77da7f9008af#dossier,https://www.wis-tns.org/object/2026pub,,,,,,,
SN2026wfv,SIDEREAL,22.733562,-27.707538,2000.0,6fa0e846-e9cc-4175-a569-91dab1fc99cd,46.63,SN Ic-BL,electromagnetic,https://jackmcguireastro.github.io/ctas.html?event=6fa0e846-e9cc-4175-a569-91dab1fc99cd#dossier,https://www.wis-tns.org/object/2026wfv,,,,,,,
SN2026vba,SIDEREAL,200.6600802,-6.8838579,2000.0,955ecb27-c212-4276-913f-d644435e1663,49.67,SN I,electromagnetic,https://jackmcguireastro.github.io/ctas.html?event=955ecb27-c212-4276-913f-d644435e1663#dossier,https://www.wis-tns.org/object/2026vba,,,,,,,
AT2026xsz,SIDEREAL,355.0835977,-20.0988359,2000.0,5f7ff24f-d239-4bd1-8e6d-5182edbdc9b2,55.12,Unclassified,electromagnetic,https://jackmcguireastro.github.io/ctas.html?event=5f7ff24f-d239-4bd1-8e6d-5182edbdc9b2#dossier,https://www.wis-tns.org/object/2026xsz,,,,,,,
SN2026wyz,SIDEREAL,208.1477143,19.1320521,2000.0,1bcae5fc-24dd-486a-91d5-a1607f67a3f0,47.47,SN Ia,electromagnetic,https://jackmcguireastro.github.io/ctas.html?event=1bcae5fc-24dd-486a-91d5-a1607f67a3f0#dossier,https://www.wis-tns.org/object/2026wyz,AT2026wyz,,,,,,
AT2026yev,SIDEREAL,41.633516,-7.310939,2000.0,2fa8592c-6d63-490d-b32a-d2525dc53e7c,56.95,Unclassified,electromagnetic,https://jackmcguireastro.github.io/ctas.html?event=2fa8592c-6d63-490d-b32a-d2525dc53e7c#dossier,https://www.wis-tns.org/object/2026yev,,,,,,,
AT2026yew,SIDEREAL,353.102151,-40.788167,2000.0,6dd2bc50-2399-41c1-ab25-4023600e1665,76.93,Unclassified,electromagnetic,https://jackmcguireastro.github.io/ctas.html?event=6dd2bc50-2399-41c1-ab25-4023600e1665#dossier,https://www.wis-tns.org/object/2026yew,,,,,,,
AT2026yex,SIDEREAL,351.211901,-31.645085,2000.0,71da6d6c-0f05-42c5-8001-7fec2713cf6d,69.64,Unclassified,electromagnetic,https://jackmcguireastro.github.io/ctas.html?event=71da6d6c-0f05-42c5-8001-7fec2713cf6d#dossier,https://www.wis-tns.org/object/2026yex,,,,,,,
AT2026yey,SIDEREAL,27.298539,-0.468669,2000.0,f1b3a36a-a108-4a3d-9744-d0225dc51a1d,71.11,Unclassified,electromagnetic,https://jackmcguireastro.github.io/ctas.html?event=f1b3a36a-a108-4a3d-9744-d0225dc51a1d#dossier,https://www.wis-tns.org/object/2026yey,,,,,,,
AT2026yez,SIDEREAL,48.123038,-57.208931,2000.0,65de0d8e-af83-4d82-85f1-1a7c44bb7565,71.01,Unclassified,electromagnetic,https://jackmcguireastro.github.io/ctas.html?event=65de0d8e-af83-4d82-85f1-1a7c44bb7565#dossier,https://www.wis-tns.org/object/2026yez,,,,,,,
AT2026yfa,SIDEREAL,55.823563,-55.859491,2000.0,9a53e1df-5bcc-4bbf-b2a1-01e6bd9f8181,71.54,Unclassified,electromagnetic,https://jackmcguireastro.github.io/ctas.html?event=9a53e1df-5bcc-4bbf-b2a1-01e6bd9f8181#dossier,https://www.wis-tns.org/object/2026yfa,,,,,,,
AT2026yfb,SIDEREAL,48.145792,-53.256427,2000.0,cc67e813-abaa-4ad1-8c8a-f023fd7a65f9,71.59,Unclassified,electromagnetic,https://jackmcguireastro.github.io/ctas.html?event=cc67e813-abaa-4ad1-8c8a-f023fd7a65f9#dossier,https://www.wis-tns.org/object/2026yfb,,,,,,,
AT2026yfc,SIDEREAL,48.120029,-53.158659,2000.0,5c8936a0-8d3b-471e-b964-b5a8b22ccdfe,70.59,Unclassified,electromagnetic,https://jackmcguireastro.github.io/ctas.html?event=5c8936a0-8d3b-471e-b964-b5a8b22ccdfe#dossier,https://www.wis-tns.org/object/2026yfc,,,,,,,
AT2026yfe,SIDEREAL,59.310357,-9.176394,2000.0,8946a30f-18a0-48dd-b339-270940e085ad,72.07,Unclassified,electromagnetic,https://jackmcguireastro.github.io/ctas.html?event=8946a30f-18a0-48dd-b339-270940e085ad#dossier,https://www.wis-tns.org/object/2026yfe,,,,,,,
AT2026yfg,SIDEREAL,66.620524,-21.042654,2000.0,cc5dd721-d474-4127-b979-4729676d4177,72.6,Unclassified,electromagnetic,https://jackmcguireastro.github.io/ctas.html?event=cc5dd721-d474-4127-b979-4729676d4177#dossier,https://www.wis-tns.org/object/2026yfg,,,,,,,
AT2026yfh,SIDEREAL,51.339917,-50.738976,2000.0,f1666251-d36d-49cd-82a6-46be78c5a5e1,70.87,Unclassified,electromagnetic,https://jackmcguireastro.github.io/ctas.html?event=f1666251-d36d-49cd-82a6-46be78c5a5e1#dossier,https://www.wis-tns.org/object/2026yfh,,,,,,,
AT2026yfi,SIDEREAL,32.539732,-24.139166,2000.0,274777bc-0228-4fb4-b1d1-e97f8db05db7,56.4,Unclassified,electromagnetic,https://jackmcguireastro.github.io/ctas.html?event=274777bc-0228-4fb4-b1d1-e97f8db05db7#dossier,https://www.wis-tns.org/object/2026yfi,,,,,,,
AT2026yfj,SIDEREAL,22.465588,-23.571598,2000.0,ef26fb4a-09d7-4bf1-a851-559b32cde4b6,71.67,Unclassified,electromagnetic,https://jackmcguireastro.github.io/ctas.html?event=ef26fb4a-09d7-4bf1-a851-559b32cde4b6#dossier,https://www.wis-tns.org/object/2026yfj,,,,,,,
AT2026yfk,SIDEREAL,2.446215,-52.228292,2000.0,6a7bfdf6-0ebb-4939-8970-e4871d766ce8,70.99,Unclassified,electromagnetic,https://jackmcguireastro.github.io/ctas.html?event=6a7bfdf6-0ebb-4939-8970-e4871d766ce8#dossier,https://www.wis-tns.org/object/2026yfk,,,,,,,
AT2026yfl,SIDEREAL,14.899598,-40.326158,2000.0,333a9675-bcd6-4442-a0c2-25245628c275,69.43,Unclassified,electromagnetic,https://jackmcguireastro.github.io/ctas.html?event=333a9675-bcd6-4442-a0c2-25245628c275#dossier,https://www.wis-tns.org/object/2026yfl,,,,,,,
AT2026yfm,SIDEREAL,355.647393,-40.594226,2000.0,994c9f38-b10a-4f1b-a167-7974474fcef0,70.04,Unclassified,electromagnetic,https://jackmcguireastro.github.io/ctas.html?event=994c9f38-b10a-4f1b-a167-7974474fcef0#dossier,https://www.wis-tns.org/object/2026yfm,,,,,,,
AT2026yfn,SIDEREAL,359.204801,-38.627741,2000.0,b8b71c63-2bf6-4f28-a688-d6492750841c,57.48,Unclassified,electromagnetic,https://jackmcguireastro.github.io/ctas.html?event=b8b71c63-2bf6-4f28-a688-d6492750841c#dossier,https://www.wis-tns.org/object/2026yfn,,,,,,,
AT2026yfo,SIDEREAL,25.467011,-42.196775,2000.0,ace4b022-2978-4c4d-8228-1b683dd28057,56.27,Unclassified,electromagnetic,https://jackmcguireastro.github.io/ctas.html?event=ace4b022-2978-4c4d-8228-1b683dd28057#dossier,https://www.wis-tns.org/object/2026yfo,,,,,,,
AT2026yfp,SIDEREAL,38.053294,-22.180206,2000.0,6864256a-dd3d-44e5-a7ff-74b836375b07,57.75,Unclassified,electromagnetic,https://jackmcguireastro.github.io/ctas.html?event=6864256a-dd3d-44e5-a7ff-74b836375b07#dossier,https://www.wis-tns.org/object/2026yfp,,,,,,,
AT2026yfq,SIDEREAL,7.585796,-54.697166,2000.0,d3215268-3a86-49c8-983b-2b5bcd5749ef,58.05,Unclassified,electromagnetic,https://jackmcguireastro.github.io/ctas.html?event=d3215268-3a86-49c8-983b-2b5bcd5749ef#dossier,https://www.wis-tns.org/object/2026yfq,,,,,,,
AT2026yfr,SIDEREAL,14.344898,-24.465571,2000.0,0c79d7ea-01b5-4850-abf0-bbc26ef7b7f6,56.3,Unclassified,electromagnetic,https://jackmcguireastro.github.io/ctas.html?event=0c79d7ea-01b5-4850-abf0-bbc26ef7b7f6#dossier,https://www.wis-tns.org/object/2026yfr,,,,,,,
Chime-1172853620,SIDEREAL,113.2620128,55.1982188,2000.0,5ee15ab2-be83-446f-bad5-67dcba21813b,68.41,high-importance,radio,https://jackmcguireastro.github.io/ctas.html?event=5ee15ab2-be83-446f-bad5-67dcba21813b#dossier,,1172853620,,,,,,
AT2026xzw,SIDEREAL,64.7602245957,5.46041505833,2000.0,4c47d38f-d844-4ef8-b609-0fa3f1001127,52.48,Unclassified,electromagnetic,https://jackmcguireastro.github.io/ctas.html?event=4c47d38f-d844-4ef8-b609-0fa3f1001127#dossier,https://www.wis-tns.org/object/2026xzw,,,,,,,
AT2026xzz,SIDEREAL,330.716677,0.408241,2000.0,408fe49c-e02d-4f6e-8bc0-a5190b4b186a,72.11,Unclassified,electromagnetic,https://jackmcguireastro.github.io/ctas.html?event=408fe49c-e02d-4f6e-8bc0-a5190b4b186a#dossier,https://www.wis-tns.org/object/2026xzz,,,,,,,
AT2026yaa,SIDEREAL,344.96609,-28.757601,2000.0,83ff3098-7096-40d5-95c0-2e962ac41929,74.19,Unclassified,electromagnetic,https://jackmcguireastro.github.io/ctas.html?event=83ff3098-7096-40d5-95c0-2e962ac41929#dossier,https://www.wis-tns.org/object/2026yaa,,,,,,,
AT2026yab,SIDEREAL,356.260217,-11.968442,2000.0,44865e10-d94e-4ac1-a590-ac9245c638fd,71.76,Unclassified,electromagnetic,https://jackmcguireastro.github.io/ctas.html?event=44865e10-d94e-4ac1-a590-ac9245c638fd#dossier,https://www.wis-tns.org/object/2026yab,,,,,,,
AT2026yac,SIDEREAL,232.356775,-5.561038,2000.0,b704aaa4-faf6-4898-ab8a-d518bee2bda8,56.02,Unclassified,electromagnetic,https://jackmcguireastro.github.io/ctas.html?event=b704aaa4-faf6-4898-ab8a-d518bee2bda8#dossier,https://www.wis-tns.org/object/2026yac,,,,,,,
Chime-1172768376,SIDEREAL,338.2346915,86.8862828,2000.0,523dbc6d-3ce7-4f33-90e7-b3406301225f,0.0,high-importance,radio,https://jackmcguireastro.github.io/ctas.html?event=523dbc6d-3ce7-4f33-90e7-b3406301225f#dossier,,1172768376,,,,,,
Chime-1172654833,SIDEREAL,256.5350143,46.2488597,2000.0,da5584ca-47d4-4d64-80fa-97aefb64ac8f,0.0,high-importance,radio,https://jackmcguireastro.github.io/ctas.html?event=da5584ca-47d4-4d64-80fa-97aefb64ac8f#dossier,,1172654833,,,,,,
Chime-1172641035,SIDEREAL,224.2731964,-4.852728,2000.0,238c2728-e191-46c0-82e8-8caaf269a660,0.0,high-importance,radio,https://jackmcguireastro.github.io/ctas.html?event=238c2728-e191-46c0-82e8-8caaf269a660#dossier,,1172641035,,,,,,
AT2026xza,SIDEREAL,15.420074462891,17.414472579956,2000.0,c4b11562-29c9-4499-936c-429459e065a1,80.64,Unclassified,electromagnetic,https://jackmcguireastro.github.io/ctas.html?event=c4b11562-29c9-4499-936c-429459e065a1#dossier,https://www.wis-tns.org/object/2026xza,,,,,,,
AT2026xxl,SIDEREAL,211.131025055,-5.53833716983,2000.0,42193e83-8d82-4fac-8a14-186b2852c0fa,53.95,Unclassified,electromagnetic,https://jackmcguireastro.github.io/ctas.html?event=42193e83-8d82-4fac-8a14-186b2852c0fa#dossier,https://www.wis-tns.org/object/2026xxl,,,,,,,
AT2026xxm,SIDEREAL,323.934934368,-43.4731315212,2000.0,acbcdfe0-4843-413d-803d-a858dbf75e7a,55.38,Unclassified,electromagnetic,https://jackmcguireastro.github.io/ctas.html?event=acbcdfe0-4843-413d-803d-a858dbf75e7a#dossier,https://www.wis-tns.org/object/2026xxm,,,,,,,
AT2026xxn,SIDEREAL,248.121182587,8.73584420717,2000.0,6952cc84-a638-4a32-bebb-3c4cb276b138,55.8,Unclassified,electromagnetic,https://jackmcguireastro.github.io/ctas.html?event=6952cc84-a638-4a32-bebb-3c4cb276b138#dossier,https://www.wis-tns.org/object/2026xxn,,,,,,,
AT2026xxo,SIDEREAL,307.563542584,-33.8645591865,2000.0,d1c9c96c-993d-4146-92f1-84e2005f29da,54.43,Unclassified,electromagnetic,https://jackmcguireastro.github.io/ctas.html?event=d1c9c96c-993d-4146-92f1-84e2005f29da#dossier,https://www.wis-tns.org/object/2026xxo,,,,,,,
AT2026xxp,SIDEREAL,315.736648347,-38.4401621056,2000.0,09ede018-1742-42df-8568-4a2ae943b3ed,54.48,Unclassified,electromagnetic,https://jackmcguireastro.github.io/ctas.html?event=09ede018-1742-42df-8568-4a2ae943b3ed#dossier,https://www.wis-tns.org/object/2026xxp,,,,,,,
AT2026xxq,SIDEREAL,300.504623524,-23.8004196094,2000.0,00c3d5b8-a7e9-434a-af4c-a9d6ec2b47c9,55.15,Unclassified,electromagnetic,https://jackmcguireastro.github.io/ctas.html?event=00c3d5b8-a7e9-434a-af4c-a9d6ec2b47c9#dossier,https://www.wis-tns.org/object/2026xxq,,,,,,,
AT2026xxr,SIDEREAL,343.775583184,9.23521988294,2000.0,54c08aed-86ed-4853-95b7-e41d2cb9789d,56.27,Unclassified,electromagnetic,https://jackmcguireastro.github.io/ctas.html?event=54c08aed-86ed-4853-95b7-e41d2cb9789d#dossier,https://www.wis-tns.org/object/2026xxr,,,,,,,
AT2026xxs,SIDEREAL,319.127035291,-39.3791718037,2000.0,5d9cdc45-eeb4-4f51-aed7-89308f53e956,55.78,Unclassified,electromagnetic,https://jackmcguireastro.github.io/ctas.html?event=5d9cdc45-eeb4-4f51-aed7-89308f53e956#dossier,https://www.wis-tns.org/object/2026xxs,,,,,,,
AT2026xxt,SIDEREAL,13.9142321669,17.2658232133,2000.0,303f3885-d386-4a7c-aac7-f8c2a39b614f,56.23,Unclassified,electromagnetic,https://jackmcguireastro.github.io/ctas.html?event=303f3885-d386-4a7c-aac7-f8c2a39b614f#dossier,https://www.wis-tns.org/object/2026xxt,,,,,,,
AT2026xxu,SIDEREAL,228.380188002,44.275873183,2000.0,4dc322f4-ae6a-4fae-b7ca-1ac586cfb29b,54.98,Unclassified,electromagnetic,https://jackmcguireastro.github.io/ctas.html?event=4dc322f4-ae6a-4fae-b7ca-1ac586cfb29b#dossier,https://www.wis-tns.org/object/2026xxu,,,,,,,
AT2026xxv,SIDEREAL,331.944862917,-34.1212582855,2000.0,1cff6d88-50f1-40de-af5a-7ef06b9a5fca,57.25,Unclassified,electromagnetic,https://jackmcguireastro.github.io/ctas.html?event=1cff6d88-50f1-40de-af5a-7ef06b9a5fca#dossier,https://www.wis-tns.org/object/2026xxv,,,,,,,
AT2026xxw,SIDEREAL,275.356600294,42.1825237114,2000.0,05cd2fbe-9924-423b-b465-d03260472c11,53.35,Unclassified,electromagnetic,https://jackmcguireastro.github.io/ctas.html?event=05cd2fbe-9924-423b-b465-d03260472c11#dossier,https://www.wis-tns.org/object/2026xxw,,,,,,,
AT2026xxx,SIDEREAL,303.592096179,-25.3068962226,2000.0,3b1f772f-9d41-4138-ba01-94166e23a576,55.62,Unclassified,electromagnetic,https://jackmcguireastro.github.io/ctas.html?event=3b1f772f-9d41-4138-ba01-94166e23a576#dossier,https://www.wis-tns.org/object/2026xxx,,,,,,,
AT2026xxy,SIDEREAL,264.141224141,44.8765653299,2000.0,a6246f28-3413-42b2-be5b-332307466697,54.75,Unclassified,electromagnetic,https://jackmcguireastro.github.io/ctas.html?event=a6246f28-3413-42b2-be5b-332307466697#dossier,https://www.wis-tns.org/object/2026xxy,,,,,,,
AT2026xxz,SIDEREAL,255.621698264,44.4547091388,2000.0,2bf2275f-e021-48c6-bd96-dccabeaaa228,55.22,Unclassified,electromagnetic,https://jackmcguireastro.github.io/ctas.html?event=2bf2275f-e021-48c6-bd96-dccabeaaa228#dossier,https://www.wis-tns.org/object/2026xxz,,,,,,,
AT2026xya,SIDEREAL,254.381050679,-13.1746562228,2000.0,56073deb-3c2a-45fc-97f0-e0affb465c41,54.12,Unclassified,electromagnetic,https://jackmcguireastro.github.io/ctas.html?event=56073deb-3c2a-45fc-97f0-e0affb465c41#dossier,https://www.wis-tns.org/object/2026xya,,,,,,,
AT2026xyb,SIDEREAL,238.647999717,-16.5294320403,2000.0,1303e9f8-f65b-40bc-a5aa-17102945dc0e,55.22,Unclassified,electromagnetic,https://jackmcguireastro.github.io/ctas.html?event=1303e9f8-f65b-40bc-a5aa-17102945dc0e#dossier,https://www.wis-tns.org/object/2026xyb,,,,,,,
AT2026xyc,SIDEREAL,224.717114254,-6.01949561832,2000.0,d4893a13-178a-41df-ae36-4b12f3c8a29f,54.05,Unclassified,electromagnetic,https://jackmcguireastro.github.io/ctas.html?event=d4893a13-178a-41df-ae36-4b12f3c8a29f#dossier,https://www.wis-tns.org/object/2026xyc,,,,,,,
AT2026xyd,SIDEREAL,236.176835215,-6.93772335655,2000.0,9cbc0e73-e346-45f7-8ffd-516dc6c3d4a9,54.1,Unclassified,electromagnetic,https://jackmcguireastro.github.io/ctas.html?event=9cbc0e73-e346-45f7-8ffd-516dc6c3d4a9#dossier,https://www.wis-tns.org/object/2026xyd,,,,,,,
AT2026xye,SIDEREAL,232.100961407,-0.497267328974,2000.0,e0685eb6-9875-4e8a-bc70-8683ab6be82c,54.62,Unclassified,electromagnetic,https://jackmcguireastro.github.io/ctas.html?event=e0685eb6-9875-4e8a-bc70-8683ab6be82c#dossier,https://www.wis-tns.org/object/2026xye,,,,,,,
AT2026xyf,SIDEREAL,334.689163188,5.20743498764,2000.0,ee96c7cc-0f89-4d02-a456-b05daf43ce26,53.3,Unclassified,electromagnetic,https://jackmcguireastro.github.io/ctas.html?event=ee96c7cc-0f89-4d02-a456-b05daf43ce26#dossier,https://www.wis-tns.org/object/2026xyf,,,,,,,
AT2026xyg,SIDEREAL,357.470705403,18.2861485707,2000.0,8166825b-1994-4350-9514-b71281bdd980,55.42,Unclassified,electromagnetic,https://jackmcguireastro.github.io/ctas.html?event=8166825b-1994-4350-9514-b71281bdd980#dossier,https://www.wis-tns.org/object/2026xyg,,,,,,,
AT2026xyh,SIDEREAL,336.598170378,42.0891243183,2000.0,e28f8309-9848-4429-98a7-ff1ed29f4ae1,55.05,Unclassified,electromagnetic,https://jackmcguireastro.github.io/ctas.html?event=e28f8309-9848-4429-98a7-ff1ed29f4ae1#dossier,https://www.wis-tns.org/object/2026xyh,,,,,,,
AT2026xyi,SIDEREAL,342.073173236,10.5035405105,2000.0,03d1582b-4480-4382-87d3-5668b5941e3c,54.3,Unclassified,electromagnetic,https://jackmcguireastro.github.io/ctas.html?event=03d1582b-4480-4382-87d3-5668b5941e3c#dossier,https://www.wis-tns.org/object/2026xyi,,,,,,,
AT2026xyj,SIDEREAL,342.345038201,14.3153214263,2000.0,b448709b-9475-4aff-9a32-40a1168253a3,55.17,Unclassified,electromagnetic,https://jackmcguireastro.github.io/ctas.html?event=b448709b-9475-4aff-9a32-40a1168253a3#dossier,https://www.wis-tns.org/object/2026xyj,,,,,,,
AT2026xyk,SIDEREAL,359.217701944,18.8074800191,2000.0,615cdc1e-50d9-4825-b5cb-24d7baf9dfa6,55.17,Unclassified,electromagnetic,https://jackmcguireastro.github.io/ctas.html?event=615cdc1e-50d9-4825-b5cb-24d7baf9dfa6#dossier,https://www.wis-tns.org/object/2026xyk,,,,,,,
AT2026xyl,SIDEREAL,313.732379899,11.1975107937,2000.0,5b740b01-1178-4e22-9a40-092ff1451c7a,54.0,Unclassified,electromagnetic,https://jackmcguireastro.github.io/ctas.html?event=5b740b01-1178-4e22-9a40-092ff1451c7a#dossier,https://www.wis-tns.org/object/2026xyl,,,,,,,
AT2026xym,SIDEREAL,347.344781651,15.6825288442,2000.0,4e7dfa68-c23e-4593-9b22-f0ab40eaaaef,54.12,Unclassified,electromagnetic,https://jackmcguireastro.github.io/ctas.html?event=4e7dfa68-c23e-4593-9b22-f0ab40eaaaef#dossier,https://www.wis-tns.org/object/2026xym,,,,,,,
AT2026wyb,SIDEREAL,324.173428559,15.3306521822,2000.0,f6912840-f3c7-41a9-a6ef-4b97b988b73d,55.75,Unclassified,electromagnetic,https://jackmcguireastro.github.io/ctas.html?event=f6912840-f3c7-41a9-a6ef-4b97b988b73d#dossier,https://www.wis-tns.org/object/2026wyb,,,,,,,
AT2026xkb,SIDEREAL,327.562485317,10.7432304655,2000.0,eae293af-1214-44a7-beff-afd0e1ac552c,53.92,Unclassified,electromagnetic,https://jackmcguireastro.github.io/ctas.html?event=eae293af-1214-44a7-beff-afd0e1ac552c#dossier,https://www.wis-tns.org/object/2026xkb,,,,,,,
AT2026xyn,SIDEREAL,289.627722391,46.2184084604,2000.0,602e2fa5-1407-4a12-a024-f03e498477ae,53.62,Unclassified,electromagnetic,https://jackmcguireastro.github.io/ctas.html?event=602e2fa5-1407-4a12-a024-f03e498477ae#dossier,https://www.wis-tns.org/object/2026xyn,,,,,,,
AT2026xyo,SIDEREAL,267.230894337,18.3726222806,2000.0,641d37bd-5fb0-445c-915e-a82bdcba1486,53.9,Unclassified,electromagnetic,https://jackmcguireastro.github.io/ctas.html?event=641d37bd-5fb0-445c-915e-a82bdcba1486#dossier,https://www.wis-tns.org/object/2026xyo,,,,,,,
AT2026xyp,SIDEREAL,333.165008032,-31.1965158879,2000.0,30c4b04e-9fed-4f44-bf60-c0039f293f95,55.2,Unclassified,electromagnetic,https://jackmcguireastro.github.io/ctas.html?event=30c4b04e-9fed-4f44-bf60-c0039f293f95#dossier,https://www.wis-tns.org/object/2026xyp,,,,,,,
AT2026xyq,SIDEREAL,333.288213662,40.9382818523,2000.0,9e01595a-af1e-4262-8089-e2c3a87e1fcb,55.2,Unclassified,electromagnetic,https://jackmcguireastro.github.io/ctas.html?event=9e01595a-af1e-4262-8089-e2c3a87e1fcb#dossier,https://www.wis-tns.org/object/2026xyq,,,,,,,
AT2026xyr,SIDEREAL,274.239160029,41.7811391424,2000.0,3e359839-b92c-4987-afe6-c2d6ab92a852,54.9,Unclassified,electromagnetic,https://jackmcguireastro.github.io/ctas.html?event=3e359839-b92c-4987-afe6-c2d6ab92a852#dossier,https://www.wis-tns.org/object/2026xyr,,,,,,,
AT2026xys,SIDEREAL,339.114728664,-4.57488970969,2000.0,9887f4cd-cb38-49b1-81a5-f3cb5497115f,55.08,Unclassified,electromagnetic,https://jackmcguireastro.github.io/ctas.html?event=9887f4cd-cb38-49b1-81a5-f3cb5497115f#dossier,https://www.wis-tns.org/object/2026xys,,,,,,,
AT2026xyt,SIDEREAL,334.225156365,-4.64536524113,2000.0,e44430e4-158b-4b3e-a0e5-bbca64ed305e,54.62,Unclassified,electromagnetic,https://jackmcguireastro.github.io/ctas.html?event=e44430e4-158b-4b3e-a0e5-bbca64ed305e#dossier,https://www.wis-tns.org/object/2026xyt,,,,,,,
AT2026xyu,SIDEREAL,334.447041363,-1.36812733952,2000.0,64f3b5d9-a894-47e5-b2a9-7c257bfe9dd6,53.88,Unclassified,electromagnetic,https://jackmcguireastro.github.io/ctas.html?event=64f3b5d9-a894-47e5-b2a9-7c257bfe9dd6#dossier,https://www.wis-tns.org/object/2026xyu,,,,,,,
AT2026xyv,SIDEREAL,353.410203792,-2.444861111,2000.0,2ad88d11-63c1-4c0f-b1f0-cec7ee9c1270,53.7,Unclassified,electromagnetic,https://jackmcguireastro.github.io/ctas.html?event=2ad88d11-63c1-4c0f-b1f0-cec7ee9c1270#dossier,https://www.wis-tns.org/object/2026xyv,,,,,,,
AT2026xyw,SIDEREAL,1.65730906562,38.7995838148,2000.0,a5e9930a-9b86-4ce5-817d-b375b44b399d,54.23,Unclassified,electromagnetic,https://jackmcguireastro.github.io/ctas.html?event=a5e9930a-9b86-4ce5-817d-b375b44b399d#dossier,https://www.wis-tns.org/object/2026xyw,,,,,,,
AT2026xyx,SIDEREAL,9.45952243729,37.0145573074,2000.0,0c92ec55-72f5-45fe-88ee-9c8d83f462c5,53.57,Unclassified,electromagnetic,https://jackmcguireastro.github.io/ctas.html?event=0c92ec55-72f5-45fe-88ee-9c8d83f462c5#dossier,https://www.wis-tns.org/object/2026xyx,,,,,,,
AT2026xyy,SIDEREAL,40.5980409767,11.5730942696,2000.0,cff65ed3-9fd2-4634-abd4-9dc1d561e427,54.85,Unclassified,electromagnetic,https://jackmcguireastro.github.io/ctas.html?event=cff65ed3-9fd2-4634-abd4-9dc1d561e427#dossier,https://www.wis-tns.org/object/2026xyy,,,,,,,
AT2026xyz,SIDEREAL,42.1326436037,11.5419298395,2000.0,f5e8d256-2814-42fc-bea4-3617ca48a2be,55.52,Unclassified,electromagnetic,https://jackmcguireastro.github.io/ctas.html?event=f5e8d256-2814-42fc-bea4-3617ca48a2be#dossier,https://www.wis-tns.org/object/2026xyz,,,,,,,
AT2026xqd,SIDEREAL,212.85030553,9.83050959403,2000.0,0a22b3c3-32e8-4ad4-bb6f-bcf528263135,58.97,Unclassified,electromagnetic,https://jackmcguireastro.github.io/ctas.html?event=0a22b3c3-32e8-4ad4-bb6f-bcf528263135#dossier,https://www.wis-tns.org/object/2026xqd,,,,,,,
Chime-1172679620,SIDEREAL,312.4912265,86.2454022,2000.0,2ffe74fc-4a43-462c-9a3c-30a4cae1eb4d,70.0,high-importance,radio,https://jackmcguireastro.github.io/ctas.html?event=2ffe74fc-4a43-462c-9a3c-30a4cae1eb4d#dossier,,1172679620,,,,,,
AT2026xng,SIDEREAL,265.5210305,67.9808201,2000.0,04f3b6b4-e696-4291-8916-ea3a0f121a3f,79.52,Unclassified,electromagnetic,https://jackmcguireastro.github.io/ctas.html?event=04f3b6b4-e696-4291-8916-ea3a0f121a3f#dossier,https://www.wis-tns.org/object/2026xng,,,,,,,
AT2026xqc,SIDEREAL,295.1330186,-15.4973539,2000.0,197c9711-0e38-42ac-b8a0-062aaebfb132,55.82,Unclassified,electromagnetic,https://jackmcguireastro.github.io/ctas.html?event=197c9711-0e38-42ac-b8a0-062aaebfb132#dossier,https://www.wis-tns.org/object/2026xqc,,,,,,,
AT2026xnj,SIDEREAL,268.16918439,30.3447539886,2000.0,13cc9755-debd-4960-9ad1-2b985222d3b4,55.08,Unclassified,electromagnetic,https://jackmcguireastro.github.io/ctas.html?event=13cc9755-debd-4960-9ad1-2b985222d3b4#dossier,https://www.wis-tns.org/object/2026xnj,,,,,,,
AT2026xnk,SIDEREAL,356.297358791,23.2004401572,2000.0,9f3746bf-e053-4928-96da-324253cb7439,55.92,Unclassified,electromagnetic,https://jackmcguireastro.github.io/ctas.html?event=9f3746bf-e053-4928-96da-324253cb7439#dossier,https://www.wis-tns.org/object/2026xnk,,,,,,,
AT2026xnl,SIDEREAL,334.596915396,8.81867459514,2000.0,04df4722-55c1-4503-9c71-d275d8e9fa3b,55.92,Unclassified,electromagnetic,https://jackmcguireastro.github.io/ctas.html?event=04df4722-55c1-4503-9c71-d275d8e9fa3b#dossier,https://www.wis-tns.org/object/2026xnl,,,,,,,
AT2026xnm,SIDEREAL,234.752602866,1.86277021358,2000.0,46fc1452-21c0-41dd-92c2-168a4b8863b4,55.17,Unclassified,electromagnetic,https://jackmcguireastro.github.io/ctas.html?event=46fc1452-21c0-41dd-92c2-168a4b8863b4#dossier,https://www.wis-tns.org/object/2026xnm,,,,,,,
AT2026xnn,SIDEREAL,338.683798758,-34.4212019303,2000.0,289c4901-6f42-4a3c-8fac-b481948bf4ba,55.73,Unclassified,electromagnetic,https://jackmcguireastro.github.io/ctas.html?event=289c4901-6f42-4a3c-8fac-b481948bf4ba#dossier,https://www.wis-tns.org/object/2026xnn,,,,,,,
AT2026xno,SIDEREAL,344.97908616,8.78899153191,2000.0,b06496e5-66e7-4206-8bb2-d598da2e461b,54.98,Unclassified,electromagnetic,https://jackmcguireastro.github.io/ctas.html?event=b06496e5-66e7-4206-8bb2-d598da2e461b#dossier,https://www.wis-tns.org/object/2026xno,,,,,,,
AT2026xnp,SIDEREAL,25.006453585,15.4023097659,2000.0,c09be810-3d6d-4669-adf8-dfed9676f048,56.23,Unclassified,electromagnetic,https://jackmcguireastro.github.io/ctas.html?event=c09be810-3d6d-4669-adf8-dfed9676f048#dossier,https://www.wis-tns.org/object/2026xnp,,,,,,,
AT2026xnq,SIDEREAL,311.03720949,-34.7522345858,2000.0,4dc32128-455b-443a-8bab-1f882faf007f,54.17,Unclassified,electromagnetic,https://jackmcguireastro.github.io/ctas.html?event=4dc32128-455b-443a-8bab-1f882faf007f#dossier,https://www.wis-tns.org/object/2026xnq,,,,,,,
AT2026xnr,SIDEREAL,327.135106136,-29.4774332015,2000.0,3b2a6047-06ca-4ed2-9d9d-83ee2497e137,56.67,Unclassified,electromagnetic,https://jackmcguireastro.github.io/ctas.html?event=3b2a6047-06ca-4ed2-9d9d-83ee2497e137#dossier,https://www.wis-tns.org/object/2026xnr,,,,,,,
AT2026xns,SIDEREAL,259.074869282,32.8948021081,2000.0,b00d0915-859f-4018-bf79-a95b186304fd,55.02,Unclassified,electromagnetic,https://jackmcguireastro.github.io/ctas.html?event=b00d0915-859f-4018-bf79-a95b186304fd#dossier,https://www.wis-tns.org/object/2026xns,,,,,,,
AT2026xnt,SIDEREAL,181.138504772,13.5288263754,2000.0,0582507f-462d-438e-83ea-93c16c945a35,54.85,Unclassified,electromagnetic,https://jackmcguireastro.github.io/ctas.html?event=0582507f-462d-438e-83ea-93c16c945a35#dossier,https://www.wis-tns.org/object/2026xnt,,,,,,,
AT2026xnu,SIDEREAL,331.511438431,21.649973687,2000.0,2d99a148-2085-463d-b776-d455d118be7b,54.8,Unclassified,electromagnetic,https://jackmcguireastro.github.io/ctas.html?event=2d99a148-2085-463d-b776-d455d118be7b#dossier,https://www.wis-tns.org/object/2026xnu,,,,,,,
AT2026xnv,SIDEREAL,334.044719208,23.6755132391,2000.0,3f4326c1-b789-45da-b2cb-9e625d7646a5,55.25,Unclassified,electromagnetic,https://jackmcguireastro.github.io/ctas.html?event=3f4326c1-b789-45da-b2cb-9e625d7646a5#dossier,https://www.wis-tns.org/object/2026xnv,,,,,,,
AT2026xba,SIDEREAL,201.513606555,41.9232588501,2000.0,eb6734c6-c4e6-40c6-9ded-965518252d52,55.2,Unclassified,electromagnetic,https://jackmcguireastro.github.io/ctas.html?event=eb6734c6-c4e6-40c6-9ded-965518252d52#dossier,https://www.wis-tns.org/object/2026xba,,,,,,,
AT2026xnw,SIDEREAL,195.11078848,50.279743899,2000.0,103c408f-2e56-43ce-ac7b-2084442afff2,56.45,Unclassified,electromagnetic,https://jackmcguireastro.github.io/ctas.html?event=103c408f-2e56-43ce-ac7b-2084442afff2#dossier,https://www.wis-tns.org/object/2026xnw,,,,,,,
AT2026xnx,SIDEREAL,336.615925854,-0.0973552923227,2000.0,6c597099-f87c-41d5-8c90-0c9ac3a22e7f,54.8,Unclassified,electromagnetic,https://jackmcguireastro.github.io/ctas.html?event=6c597099-f87c-41d5-8c90-0c9ac3a22e7f#dossier,https://www.wis-tns.org/object/2026xnx,,,,,,,
AT2026xny,SIDEREAL,264.838865151,24.6516281487,2000.0,1a77232d-7323-4607-9680-9aeeccf0aeec,54.27,Unclassified,electromagnetic,https://jackmcguireastro.github.io/ctas.html?event=1a77232d-7323-4607-9680-9aeeccf0aeec#dossier,https://www.wis-tns.org/object/2026xny,,,,,,,
AT2026xnz,SIDEREAL,253.82672389,26.0572488795,2000.0,d9e49afb-f3b7-437f-b1e9-82c2bec14259,54.95,Unclassified,electromagnetic,https://jackmcguireastro.github.io/ctas.html?event=d9e49afb-f3b7-437f-b1e9-82c2bec14259#dossier,https://www.wis-tns.org/object/2026xnz,,,,,,,
AT2026xoa,SIDEREAL,224.587762568,12.3816240473,2000.0,469f5d08-3899-4bf7-bcbf-d9d9be6af4ae,54.45,Unclassified,electromagnetic,https://jackmcguireastro.github.io/ctas.html?event=469f5d08-3899-4bf7-bcbf-d9d9be6af4ae#dossier,https://www.wis-tns.org/object/2026xoa,,,,,,,
AT2026xob,SIDEREAL,241.284479289,12.3473544758,2000.0,cc71826b-0075-46e3-9053-6d5ff86cc806,55.0,Unclassified,electromagnetic,https://jackmcguireastro.github.io/ctas.html?event=cc71826b-0075-46e3-9053-6d5ff86cc806#dossier,https://www.wis-tns.org/object/2026xob,,,,,,,
AT2026wsa,SIDEREAL,238.655662436,47.6567740034,2000.0,03375d9d-2fa0-4636-8ba2-bb316e585a78,56.47,Unclassified,electromagnetic,https://jackmcguireastro.github.io/ctas.html?event=03375d9d-2fa0-4636-8ba2-bb316e585a78#dossier,https://www.wis-tns.org/object/2026wsa,,,,,,,
AT2026xoc,SIDEREAL,273.983991836,43.3544967242,2000.0,2076116c-46a0-422a-9b65-5b28ffad0cab,55.65,Unclassified,electromagnetic,https://jackmcguireastro.github.io/ctas.html?event=2076116c-46a0-422a-9b65-5b28ffad0cab#dossier,https://www.wis-tns.org/object/2026xoc,,,,,,,
AT2026xod,SIDEREAL,257.942774966,38.2682088819,2000.0,766a9c82-4900-45e3-a1f1-67895c932d90,54.03,Unclassified,electromagnetic,https://jackmcguireastro.github.io/ctas.html?event=766a9c82-4900-45e3-a1f1-67895c932d90#dossier,https://www.wis-tns.org/object/2026xod,,,,,,,
AT2026xoe,SIDEREAL,263.713870282,18.4708711722,2000.0,5f2d8f03-d060-4b9f-9c82-148bffb6f3df,56.0,Unclassified,electromagnetic,https://jackmcguireastro.github.io/ctas.html?event=5f2d8f03-d060-4b9f-9c82-148bffb6f3df#dossier,https://www.wis-tns.org/object/2026xoe,,,,,,,
AT2026xof,SIDEREAL,232.076928223,-8.38978307674,2000.0,327ae3f9-b916-4113-a4de-1f27da713263,55.95,Unclassified,electromagnetic,https://jackmcguireastro.github.io/ctas.html?event=327ae3f9-b916-4113-a4de-1f27da713263#dossier,https://www.wis-tns.org/object/2026xof,,,,,,,
AT2026xog,SIDEREAL,193.85750999,6.49137481651,2000.0,9653e8e5-9ca8-4ece-84d4-9c7a1079898e,55.55,Unclassified,electromagnetic,https://jackmcguireastro.github.io/ctas.html?event=9653e8e5-9ca8-4ece-84d4-9c7a1079898e#dossier,https://www.wis-tns.org/object/2026xog,,,,,,,
AT2026xoh,SIDEREAL,173.676534637,6.48944292864,2000.0,0d8ade1e-3c39-490f-9a2f-3855cc39a59b,56.3,Unclassified,electromagnetic,https://jackmcguireastro.github.io/ctas.html?event=0d8ade1e-3c39-490f-9a2f-3855cc39a59b#dossier,https://www.wis-tns.org/object/2026xoh,,,,,,,
AT2026xoi,SIDEREAL,204.340668958,21.2023061736,2000.0,5d168ada-5433-4bdf-a741-2c77659fcc12,54.48,Unclassified,electromagnetic,https://jackmcguireastro.github.io/ctas.html?event=5d168ada-5433-4bdf-a741-2c77659fcc12#dossier,https://www.wis-tns.org/object/2026xoi,,,,,,,
AT2026xoj,SIDEREAL,198.132420201,18.2028127908,2000.0,8cff5107-fbe2-491c-b916-66c701b150ec,56.2,Unclassified,electromagnetic,https://jackmcguireastro.github.io/ctas.html?event=8cff5107-fbe2-491c-b916-66c701b150ec#dossier,https://www.wis-tns.org/object/2026xoj,,,,,,,
AT2026xok,SIDEREAL,161.567218733,-2.72277728055,2000.0,7da8fa5c-9a99-4fc8-ad00-f2a2dfceaedc,55.12,Unclassified,electromagnetic,https://jackmcguireastro.github.io/ctas.html?event=7da8fa5c-9a99-4fc8-ad00-f2a2dfceaedc#dossier,https://www.wis-tns.org/object/2026xok,,,,,,,
AT2026xol,SIDEREAL,237.485699095,24.0649616425,2000.0,ddc4ebe9-07e4-40a9-944b-ed42e6fe5613,55.68,Unclassified,electromagnetic,https://jackmcguireastro.github.io/ctas.html?event=ddc4ebe9-07e4-40a9-944b-ed42e6fe5613#dossier,https://www.wis-tns.org/object/2026xol,,,,,,,
AT2026xom,SIDEREAL,183.822284662,28.9309325367,2000.0,5b3b4bed-8699-46d4-bff0-8d2b95771ce4,55.0,Unclassified,electromagnetic,https://jackmcguireastro.github.io/ctas.html?event=5b3b4bed-8699-46d4-bff0-8d2b95771ce4#dossier,https://www.wis-tns.org/object/2026xom,,,,,,,
AT2026xon,SIDEREAL,171.894835847,43.1998177527,2000.0,133267d5-a20b-4c77-8bdf-3b16751c801d,54.6,Unclassified,electromagnetic,https://jackmcguireastro.github.io/ctas.html?event=133267d5-a20b-4c77-8bdf-3b16751c801d#dossier,https://www.wis-tns.org/object/2026xon,,,,,,,
AT2026xoo,SIDEREAL,146.516479823,2.70946893101,2000.0,128e48a4-7c3b-436c-8393-d23f878f3ff8,55.57,Unclassified,electromagnetic,https://jackmcguireastro.github.io/ctas.html?event=128e48a4-7c3b-436c-8393-d23f878f3ff8#dossier,https://www.wis-tns.org/object/2026xoo,,,,,,,
AT2026xop,SIDEREAL,157.280005662,2.6832645348,2000.0,7e3bb7af-7622-43f2-a971-a0bfc019c5b3,53.85,Unclassified,electromagnetic,https://jackmcguireastro.github.io/ctas.html?event=7e3bb7af-7622-43f2-a971-a0bfc019c5b3#dossier,https://www.wis-tns.org/object/2026xop,,,,,,,
AT2026xoq,SIDEREAL,129.395009426,1.04153860809,2000.0,913c439d-588f-4899-ac79-6db09c83b014,53.35,Unclassified,electromagnetic,https://jackmcguireastro.github.io/ctas.html?event=913c439d-588f-4899-ac79-6db09c83b014#dossier,https://www.wis-tns.org/object/2026xoq,,,,,,,
AT2026xor,SIDEREAL,148.151385914,5.43435976042,2000.0,2f01c93f-5e07-46e1-ba53-eb93781885eb,52.92,Unclassified,electromagnetic,https://jackmcguireastro.github.io/ctas.html?event=2f01c93f-5e07-46e1-ba53-eb93781885eb#dossier,https://www.wis-tns.org/object/2026xor,,,,,,,
AT2026xos,SIDEREAL,177.650719481,42.8682753092,2000.0,5bd7fa8f-1be7-40d1-962c-1b312f93c719,52.92,Unclassified,electromagnetic,https://jackmcguireastro.github.io/ctas.html?event=5bd7fa8f-1be7-40d1-962c-1b312f93c719#dossier,https://www.wis-tns.org/object/2026xos,,,,,,,
AT2026xot,SIDEREAL,271.789822,61.777856,2000.0,0f652622-6d75-4bfe-93ce-e21784bf523a,78.76,Unclassified,electromagnetic,https://jackmcguireastro.github.io/ctas.html?event=0f652622-6d75-4bfe-93ce-e21784bf523a#dossier,https://www.wis-tns.org/object/2026xot,,,,,,,
AT2026xou,SIDEREAL,82.3634918346,-17.2258859179,2000.0,3cfbd267-b489-453a-a81f-38b2fef590fa,54.3,Unclassified,electromagnetic,https://jackmcguireastro.github.io/ctas.html?event=3cfbd267-b489-453a-a81f-38b2fef590fa#dossier,https://www.wis-tns.org/object/2026xou,,,,,,,
AT2026xov,SIDEREAL,229.517651866,-6.86579368634,2000.0,e2c13f19-9b23-4e35-a3d5-fc948c48625c,55.68,Unclassified,electromagnetic,https://jackmcguireastro.github.io/ctas.html?event=e2c13f19-9b23-4e35-a3d5-fc948c48625c#dossier,https://www.wis-tns.org/object/2026xov,,,,,,,
AT2026xow,SIDEREAL,259.879466,60.520634,2000.0,fe9c5a61-f3bf-4fbe-afcb-54b9cea7ea2f,80.33,Unclassified,electromagnetic,https://jackmcguireastro.github.io/ctas.html?event=fe9c5a61-f3bf-4fbe-afcb-54b9cea7ea2f#dossier,https://www.wis-tns.org/object/2026xow,,,,,,,
AT2026xox,SIDEREAL,167.170675365,39.0630604862,2000.0,b8119fb1-ae1c-49ff-bd29-f3a65f6329b5,55.12,Unclassified,electromagnetic,https://jackmcguireastro.github.io/ctas.html?event=b8119fb1-ae1c-49ff-bd29-f3a65f6329b5#dossier,https://www.wis-tns.org/object/2026xox,,,,,,,
AT2026xoy,SIDEREAL,79.7194156288,-14.7033980673,2000.0,27fed78a-ae85-4a45-89f3-40f6b0153cca,52.43,Unclassified,electromagnetic,https://jackmcguireastro.github.io/ctas.html?event=27fed78a-ae85-4a45-89f3-40f6b0153cca#dossier,https://www.wis-tns.org/object/2026xoy,,,,,,,
AT2026xoz,SIDEREAL,217.577945648,-19.810456412,2000.0,301c89b2-ff49-4a0c-8097-e857c6b41e4c,53.88,Unclassified,electromagnetic,https://jackmcguireastro.github.io/ctas.html?event=301c89b2-ff49-4a0c-8097-e857c6b41e4c#dossier,https://www.wis-tns.org/object/2026xoz,,,,,,,
AT2026xpa,SIDEREAL,174.459084349,-12.3584361567,2000.0,4e57d43a-40c2-4235-9ed5-0fd416c38fbe,52.9,Unclassified,electromagnetic,https://jackmcguireastro.github.io/ctas.html?event=4e57d43a-40c2-4235-9ed5-0fd416c38fbe#dossier,https://www.wis-tns.org/object/2026xpa,,,,,,,
AT2026xpb,SIDEREAL,145.964932655,-4.51430747748,2000.0,7b1d23b1-8394-4a3c-a897-a2f03ea2b472,52.35,Unclassified,electromagnetic,https://jackmcguireastro.github.io/ctas.html?event=7b1d23b1-8394-4a3c-a897-a2f03ea2b472#dossier,https://www.wis-tns.org/object/2026xpb,,,,,,,
AT2026xpc,SIDEREAL,138.44261987,-0.685905689452,2000.0,ea7a9022-4d44-42ba-8fa4-80c131015f46,53.52,Unclassified,electromagnetic,https://jackmcguireastro.github.io/ctas.html?event=ea7a9022-4d44-42ba-8fa4-80c131015f46#dossier,https://www.wis-tns.org/object/2026xpc,,,,,,,
AT2026xpd,SIDEREAL,184.175894904,-6.20747368281,2000.0,c06c2bd0-e806-41e4-8553-86a180bc20c9,54.85,Unclassified,electromagnetic,https://jackmcguireastro.github.io/ctas.html?event=c06c2bd0-e806-41e4-8553-86a180bc20c9#dossier,https://www.wis-tns.org/object/2026xpd,,,,,,,
AT2026xpe,SIDEREAL,180.669512545,2.11061630004,2000.0,7df8d84b-231c-4c74-be69-b8cfb1135f7b,53.2,Unclassified,electromagnetic,https://jackmcguireastro.github.io/ctas.html?event=7df8d84b-231c-4c74-be69-b8cfb1135f7b#dossier,https://www.wis-tns.org/object/2026xpe,,,,,,,
AT2025amyh,SIDEREAL,354.932220718,6.39514967404,2000.0,5989d760-97bf-4af7-ac77-7e4978a71698,55.97,Unclassified,electromagnetic,https://jackmcguireastro.github.io/ctas.html?event=5989d760-97bf-4af7-ac77-7e4978a71698#dossier,https://www.wis-tns.org/object/2025amyh,,,,,,,
AT2025amyi,SIDEREAL,144.461219007,-1.25320659404,2000.0,d35eb4ff-880d-455d-8f7c-dcb8e557456e,51.73,Unclassified,electromagnetic,https://jackmcguireastro.github.io/ctas.html?event=d35eb4ff-880d-455d-8f7c-dcb8e557456e#dossier,https://www.wis-tns.org/object/2025amyi,,,,,,,
AT2025amyj,SIDEREAL,37.7257983815,-2.29479381584,2000.0,42f1338e-b746-4aec-87f4-e5663ddb444b,52.03,Unclassified,electromagnetic,https://jackmcguireastro.github.io/ctas.html?event=42f1338e-b746-4aec-87f4-e5663ddb444b#dossier,https://www.wis-tns.org/object/2025amyj,,,,,,,
AT2026xpg,SIDEREAL,91.8544063675,-17.791575485,2000.0,0d5b4822-e1e1-4a06-a2b8-86d251dada7f,55.35,Unclassified,electromagnetic,https://jackmcguireastro.github.io/ctas.html?event=0d5b4822-e1e1-4a06-a2b8-86d251dada7f#dossier,https://www.wis-tns.org/object/2026xpg,,,,,,,
AT2026xph,SIDEREAL,146.225266766,-1.78534736924,2000.0,38d5c05a-56b4-49e6-9bb1-362d82d6304c,54.17,Unclassified,electromagnetic,https://jackmcguireastro.github.io/ctas.html?event=38d5c05a-56b4-49e6-9bb1-362d82d6304c#dossier,https://www.wis-tns.org/object/2026xph,,,,,,,
AT2026xpi,SIDEREAL,160.064751566,-22.9526966622,2000.0,2159453f-41af-43b4-89d2-447e8b47b168,56.05,Unclassified,electromagnetic,https://jackmcguireastro.github.io/ctas.html?event=2159453f-41af-43b4-89d2-447e8b47b168#dossier,https://www.wis-tns.org/object/2026xpi,,,,,,,
AT2026xpj,SIDEREAL,158.566338137,52.750179764,2000.0,42da2779-5db3-42c7-92b3-36b0970a29ab,54.45,Unclassified,electromagnetic,https://jackmcguireastro.github.io/ctas.html?event=42da2779-5db3-42c7-92b3-36b0970a29ab#dossier,https://www.wis-tns.org/object/2026xpj,,,,,,,
AT2026xpk,SIDEREAL,307.848060799,-10.9165889247,2000.0,7bc24df9-41d4-4151-8a34-567e90ef3df4,59.46,Unclassified,electromagnetic,https://jackmcguireastro.github.io/ctas.html?event=7bc24df9-41d4-4151-8a34-567e90ef3df4#dossier,https://www.wis-tns.org/object/2026xpk,,,,,,,
AT2026xpl,SIDEREAL,353.648286936,29.717132471,2000.0,42a81c31-a2d7-4b52-aec7-717312c717ba,55.83,Unclassified,electromagnetic,https://jackmcguireastro.github.io/ctas.html?event=42a81c31-a2d7-4b52-aec7-717312c717ba#dossier,https://www.wis-tns.org/object/2026xpl,,,,,,,
AT2026xpm,SIDEREAL,251.84766,66.477753,2000.0,eba883e2-3b73-4e16-800e-e1fe6284cab4,80.11,Unclassified,electromagnetic,https://jackmcguireastro.github.io/ctas.html?event=eba883e2-3b73-4e16-800e-e1fe6284cab4#dossier,https://www.wis-tns.org/object/2026xpm,,,,,,,
SN2026wye,SIDEREAL,345.477861247,-22.7258313732,2000.0,d6fba3de-4915-4d8d-9f91-237fc3364b91,46.63,SN Ia,electromagnetic,https://jackmcguireastro.github.io/ctas.html?event=d6fba3de-4915-4d8d-9f91-237fc3364b91#dossier,https://www.wis-tns.org/object/2026wye,AT2026wye,,,,,,
AT2026wvw,SIDEREAL,308.468701139,3.41055714231,2000.0,b9d8cbfb-2a30-4fff-89cc-19506388aa6a,54.33,Unclassified,electromagnetic,https://jackmcguireastro.github.io/ctas.html?event=b9d8cbfb-2a30-4fff-89cc-19506388aa6a#dossier,https://www.wis-tns.org/object/2026wvw,,,,,,,
AT2026xbd,SIDEREAL,238.302108442,47.2257565091,2000.0,13950113-29ec-49cf-a58a-e5107c8de6f8,53.28,Unclassified,electromagnetic,https://jackmcguireastro.github.io/ctas.html?event=13950113-29ec-49cf-a58a-e5107c8de6f8#dossier,https://www.wis-tns.org/object/2026xbd,,,,,,,
AT2026xpn,SIDEREAL,20.7690157848,12.3858245857,2000.0,53c18310-961a-4022-be47-e5dbd3848360,56.02,Unclassified,electromagnetic,https://jackmcguireastro.github.io/ctas.html?event=53c18310-961a-4022-be47-e5dbd3848360#dossier,https://www.wis-tns.org/object/2026xpn,,,,,,,
AT2026xpo,SIDEREAL,155.865577145,49.4932029038,2000.0,58c71a8f-1cdd-4c20-8e8a-f622cf171ec0,53.88,Unclassified,electromagnetic,https://jackmcguireastro.github.io/ctas.html?event=58c71a8f-1cdd-4c20-8e8a-f622cf171ec0#dossier,https://www.wis-tns.org/object/2026xpo,,,,,,,
AT2026xpp,SIDEREAL,196.340708557,10.1535956059,2000.0,2240e402-ca32-41c2-95d4-98ab29cb02ae,56.23,Unclassified,electromagnetic,https://jackmcguireastro.github.io/ctas.html?event=2240e402-ca32-41c2-95d4-98ab29cb02ae#dossier,https://www.wis-tns.org/object/2026xpp,,,,,,,
AT2026xpq,SIDEREAL,188.91807681,14.9970107783,2000.0,eef49a06-dba5-4495-b4b1-05717f973017,55.55,Unclassified,electromagnetic,https://jackmcguireastro.github.io/ctas.html?event=eef49a06-dba5-4495-b4b1-05717f973017#dossier,https://www.wis-tns.org/object/2026xpq,,,,,,,
AT2026xpr,SIDEREAL,201.798206383,33.4350160019,2000.0,0c3c6f40-4476-4e2d-bf5e-bfed98d60487,54.85,Unclassified,electromagnetic,https://jackmcguireastro.github.io/ctas.html?event=0c3c6f40-4476-4e2d-bf5e-bfed98d60487#dossier,https://www.wis-tns.org/object/2026xpr,,,,,,,
AT2026xps,SIDEREAL,117.283144083,40.6068526373,2000.0,95491586-fe51-4914-be3a-e09edd3fc5d1,54.1,Unclassified,electromagnetic,https://jackmcguireastro.github.io/ctas.html?event=95491586-fe51-4914-be3a-e09edd3fc5d1#dossier,https://www.wis-tns.org/object/2026xps,,,,,,,
AT2026xpt,SIDEREAL,140.375679073,36.2938241469,2000.0,7a44a88a-4cb3-4520-a074-a78a7bd17563,54.85,Unclassified,electromagnetic,https://jackmcguireastro.github.io/ctas.html?event=7a44a88a-4cb3-4520-a074-a78a7bd17563#dossier,https://www.wis-tns.org/object/2026xpt,,,,,,,
AT2026xpu,SIDEREAL,192.323163092,46.6549396086,2000.0,7e98aec2-1b34-4271-ab6d-88fc8042cc02,53.95,Unclassified,electromagnetic,https://jackmcguireastro.github.io/ctas.html?event=7e98aec2-1b34-4271-ab6d-88fc8042cc02#dossier,https://www.wis-tns.org/object/2026xpu,,,,,,,
AT2026xpv,SIDEREAL,141.003347907,39.5927652187,2000.0,213b7676-8ce6-404e-a64c-67dbeacef4b7,55.68,Unclassified,electromagnetic,https://jackmcguireastro.github.io/ctas.html?event=213b7676-8ce6-404e-a64c-67dbeacef4b7#dossier,https://www.wis-tns.org/object/2026xpv,,,,,,,
AT2026xpw,SIDEREAL,177.424867478,31.5247529569,2000.0,bac8af42-7a3e-434c-a741-4829051e7f53,54.3,Unclassified,electromagnetic,https://jackmcguireastro.github.io/ctas.html?event=bac8af42-7a3e-434c-a741-4829051e7f53#dossier,https://www.wis-tns.org/object/2026xpw,,,,,,,
AT2026wyf,SIDEREAL,335.82567207,-3.71300416617,2000.0,ef2d5dd6-53da-4c53-8f43-c16332106bcc,56.75,Unclassified,electromagnetic,https://jackmcguireastro.github.io/ctas.html?event=ef2d5dd6-53da-4c53-8f43-c16332106bcc#dossier,https://www.wis-tns.org/object/2026wyf,,,,,,,
AT2026xkj,SIDEREAL,319.923675654,14.2776735496,2000.0,aacf27da-5fe5-472a-9f3e-becd753d9ad7,57.41,Unclassified,electromagnetic,https://jackmcguireastro.github.io/ctas.html?event=aacf27da-5fe5-472a-9f3e-becd753d9ad7#dossier,https://www.wis-tns.org/object/2026xkj,,,,,,,
SN2026ljo,SIDEREAL,13.2535860622,50.3432340334,2000.0,3db57762-9be1-4a05-91f8-43afdf310dd6,53.1,SN Ia,electromagnetic,https://jackmcguireastro.github.io/ctas.html?event=3db57762-9be1-4a05-91f8-43afdf310dd6#dossier,https://www.wis-tns.org/object/2026ljo,,,,,,,
AT2026xls,SIDEREAL,242.720633074,2.57473325595,2000.0,7d19eb75-59c5-4b22-9889-53a76b7700f4,65.97,Unclassified,electromagnetic,https://jackmcguireastro.github.io/ctas.html?event=7d19eb75-59c5-4b22-9889-53a76b7700f4#dossier,https://www.wis-tns.org/object/2026xls,,,,,,,
AT2026wll,SIDEREAL,304.621403833,-21.7054427677,2000.0,21404e37-51dd-4f3f-a39d-97806bb644cf,58.5,Unclassified,electromagnetic,https://jackmcguireastro.github.io/ctas.html?event=21404e37-51dd-4f3f-a39d-97806bb644cf#dossier,https://www.wis-tns.org/object/2026wll,,,,,,,
AT2026xlt,SIDEREAL,254.106071572,5.93824615339,2000.0,9d1dabdb-8cfc-40ab-ba13-2483f94d06cb,66.12,Unclassified,electromagnetic,https://jackmcguireastro.github.io/ctas.html?event=9d1dabdb-8cfc-40ab-ba13-2483f94d06cb#dossier,https://www.wis-tns.org/object/2026xlt,,,,,,,
AT2026xlu,SIDEREAL,341.357914457,-7.89644092999,2000.0,2d60d6b9-a207-40ea-acce-a4b477a66604,67.7,Unclassified,electromagnetic,https://jackmcguireastro.github.io/ctas.html?event=2d60d6b9-a207-40ea-acce-a4b477a66604#dossier,https://www.wis-tns.org/object/2026xlu,,,,,,,
AT2026vfv,SIDEREAL,29.2877384428,-35.3148970714,2000.0,fb4fe8ab-f1aa-4c4c-95f7-773e37539bfb,58.83,Unclassified,electromagnetic,https://jackmcguireastro.github.io/ctas.html?event=fb4fe8ab-f1aa-4c4c-95f7-773e37539bfb#dossier,https://www.wis-tns.org/object/2026vfv,,,,,,,
AT2026xlv,SIDEREAL,19.5876603112,49.1273463935,2000.0,0400b706-f3c8-4ba8-a671-d64850b5f026,68.59,Unclassified,electromagnetic,https://jackmcguireastro.github.io/ctas.html?event=0400b706-f3c8-4ba8-a671-d64850b5f026#dossier,https://www.wis-tns.org/object/2026xlv,,,,,,,
AT2026xam,SIDEREAL,246.700476073,0.198518807478,2000.0,bc90fa5a-f161-4b5e-a5ad-f871c3e7ceb7,56.42,Unclassified,electromagnetic,https://jackmcguireastro.github.io/ctas.html?event=bc90fa5a-f161-4b5e-a5ad-f871c3e7ceb7#dossier,https://www.wis-tns.org/object/2026xam,,,,,,,
AT2026xlw,SIDEREAL,261.874158586,15.0339618716,2000.0,2553c0d0-c8f9-4de1-9db3-6c70ffa0ef44,66.8,Unclassified,electromagnetic,https://jackmcguireastro.github.io/ctas.html?event=2553c0d0-c8f9-4de1-9db3-6c70ffa0ef44#dossier,https://www.wis-tns.org/object/2026xlw,,,,,,,
AT2026xlx,SIDEREAL,322.169189312,-11.2535912754,2000.0,5d26aac5-57d8-40ec-9043-e4c01b8ef689,65.77,Unclassified,electromagnetic,https://jackmcguireastro.github.io/ctas.html?event=5d26aac5-57d8-40ec-9043-e4c01b8ef689#dossier,https://www.wis-tns.org/object/2026xlx,,,,,,,
AT2026xly,SIDEREAL,314.327223213,-23.1870210541,2000.0,935799a3-12ed-4529-9df5-29176f794c2e,67.57,Unclassified,electromagnetic,https://jackmcguireastro.github.io/ctas.html?event=935799a3-12ed-4529-9df5-29176f794c2e#dossier,https://www.wis-tns.org/object/2026xly,,,,,,,
AT2026xlz,SIDEREAL,297.743432425,-18.1169335288,2000.0,894d21c6-b0de-4761-b5f9-3692b4d54925,64.25,Unclassified,electromagnetic,https://jackmcguireastro.github.io/ctas.html?event=894d21c6-b0de-4761-b5f9-3692b4d54925#dossier,https://www.wis-tns.org/object/2026xlz,,,,,,,
AT2026xma,SIDEREAL,24.7356901997,-36.086270976,2000.0,25302b40-b757-4a16-a3d4-4da9c52aaa2b,69.83,Unclassified,electromagnetic,https://jackmcguireastro.github.io/ctas.html?event=25302b40-b757-4a16-a3d4-4da9c52aaa2b#dossier,https://www.wis-tns.org/object/2026xma,,,,,,,
AT2026xmb,SIDEREAL,321.362591757,-9.80231958165,2000.0,8d6b062b-7619-48b6-9356-a6bf9c1cecb0,64.9,Unclassified,electromagnetic,https://jackmcguireastro.github.io/ctas.html?event=8d6b062b-7619-48b6-9356-a6bf9c1cecb0#dossier,https://www.wis-tns.org/object/2026xmb,,,,,,,
AT2026xmc,SIDEREAL,250.066658725,1.7110252344,2000.0,b3d6f4a1-73f9-4640-9bc1-c6e603e1eb31,64.16,Unclassified,electromagnetic,https://jackmcguireastro.github.io/ctas.html?event=b3d6f4a1-73f9-4640-9bc1-c6e603e1eb31#dossier,https://www.wis-tns.org/object/2026xmc,,,,,,,
AT2026xmd,SIDEREAL,304.229075942,-19.1827223394,2000.0,74121ac7-c642-48d4-9abb-2cc856f76c4d,65.12,Unclassified,electromagnetic,https://jackmcguireastro.github.io/ctas.html?event=74121ac7-c642-48d4-9abb-2cc856f76c4d#dossier,https://www.wis-tns.org/object/2026xmd,,,,,,,
AT2026xme,SIDEREAL,308.099089329,-21.5640480079,2000.0,8e443df0-e75f-4dc7-ae09-9ab8a986cbd8,64.34,Unclassified,electromagnetic,https://jackmcguireastro.github.io/ctas.html?event=8e443df0-e75f-4dc7-ae09-9ab8a986cbd8#dossier,https://www.wis-tns.org/object/2026xme,,,,,,,
AT2026xmf,SIDEREAL,260.715383176,11.4541767856,2000.0,71858f43-f76e-4ae4-a26a-785612d23599,65.74,Unclassified,electromagnetic,https://jackmcguireastro.github.io/ctas.html?event=71858f43-f76e-4ae4-a26a-785612d23599#dossier,https://www.wis-tns.org/object/2026xmf,,,,,,,
AT2026xmg,SIDEREAL,308.994454606,-21.9161315666,2000.0,0b39fd22-8ed3-4fd0-9d48-8e388c837d82,65.57,Unclassified,electromagnetic,https://jackmcguireastro.github.io/ctas.html?event=0b39fd22-8ed3-4fd0-9d48-8e388c837d82#dossier,https://www.wis-tns.org/object/2026xmg,,,,,,,
AT2026xmh,SIDEREAL,354.978175554,40.8920158797,2000.0,6b1098f1-4544-4f74-8292-50a028c7d411,68.88,Unclassified,electromagnetic,https://jackmcguireastro.github.io/ctas.html?event=6b1098f1-4544-4f74-8292-50a028c7d411#dossier,https://www.wis-tns.org/object/2026xmh,,,,,,,
AT2026xmi,SIDEREAL,332.812303097,-3.78825484716,2000.0,1e2d95dc-a19a-452b-9115-7037f57403fc,66.19,Unclassified,electromagnetic,https://jackmcguireastro.github.io/ctas.html?event=1e2d95dc-a19a-452b-9115-7037f57403fc#dossier,https://www.wis-tns.org/object/2026xmi,,,,,,,
AT2026wkk,SIDEREAL,16.689622665,-33.1900749913,2000.0,85b854de-7d8a-403b-9fa6-720c31b75333,57.88,Unclassified,electromagnetic,https://jackmcguireastro.github.io/ctas.html?event=85b854de-7d8a-403b-9fa6-720c31b75333#dossier,https://www.wis-tns.org/object/2026wkk,,,,,,,
AT2026xmj,SIDEREAL,310.936443373,-16.3978300751,2000.0,c634c125-efa3-4f6f-87e0-9014f377d35e,65.88,Unclassified,electromagnetic,https://jackmcguireastro.github.io/ctas.html?event=c634c125-efa3-4f6f-87e0-9014f377d35e#dossier,https://www.wis-tns.org/object/2026xmj,,,,,,,
AT2026xmk,SIDEREAL,244.035917335,5.13170534887,2000.0,c4fa3cbb-7949-4b2d-912a-bd2c082af891,64.52,Unclassified,electromagnetic,https://jackmcguireastro.github.io/ctas.html?event=c4fa3cbb-7949-4b2d-912a-bd2c082af891#dossier,https://www.wis-tns.org/object/2026xmk,,,,,,,
AT2026xas,SIDEREAL,224.201463272,16.2787266949,2000.0,6cb04181-da7a-4908-931a-30b734d17947,67.65,Unclassified,electromagnetic,https://jackmcguireastro.github.io/ctas.html?event=6cb04181-da7a-4908-931a-30b734d17947#dossier,https://www.wis-tns.org/object/2026xas,,,,,,,
AT2026xml,SIDEREAL,326.223583207,-12.1185373625,2000.0,f4c15603-87a5-495c-bb04-9a6a4e14bdea,67.46,Unclassified,electromagnetic,https://jackmcguireastro.github.io/ctas.html?event=f4c15603-87a5-495c-bb04-9a6a4e14bdea#dossier,https://www.wis-tns.org/object/2026xml,,,,,,,
AT2026wvy,SIDEREAL,267.507172879,10.4234700952,2000.0,be88a58e-6003-4dd2-bff8-a249bf6becf6,56.15,Unclassified,electromagnetic,https://jackmcguireastro.github.io/ctas.html?event=be88a58e-6003-4dd2-bff8-a249bf6becf6#dossier,https://www.wis-tns.org/object/2026wvy,,,,,,,
AT2026xmm,SIDEREAL,247.850284073,-0.0374563895678,2000.0,97a4c3de-2883-4f46-be60-0f6bc1b0c710,66.54,Unclassified,electromagnetic,https://jackmcguireastro.github.io/ctas.html?event=97a4c3de-2883-4f46-be60-0f6bc1b0c710#dossier,https://www.wis-tns.org/object/2026xmm,,,,,,,
AT2026vae,SIDEREAL,248.633868717,-17.2988722781,2000.0,8ab8a6db-0f2d-427a-b532-79d5d26f8348,55.91,Unclassified,electromagnetic,https://jackmcguireastro.github.io/ctas.html?event=8ab8a6db-0f2d-427a-b532-79d5d26f8348#dossier,https://www.wis-tns.org/object/2026vae,,,,,,,
AT2026vtl,SIDEREAL,21.334755101,54.0790489389,2000.0,4fecf6dd-4871-4635-8a30-ae55b413852b,59.16,Unclassified,electromagnetic,https://jackmcguireastro.github.io/ctas.html?event=4fecf6dd-4871-4635-8a30-ae55b413852b#dossier,https://www.wis-tns.org/object/2026vtl,,,,,,,
AT2026wxc,SIDEREAL,270.673240169,27.0186831304,2000.0,e0db2408-d9a2-4cb2-a472-7a50997a41b8,54.73,Unclassified,electromagnetic,https://jackmcguireastro.github.io/ctas.html?event=e0db2408-d9a2-4cb2-a472-7a50997a41b8#dossier,https://www.wis-tns.org/object/2026wxc,,,,,,,
AT2026pxy,SIDEREAL,7.63770954802,54.2685883918,2000.0,d469d252-0c76-4041-a312-7ec1834b3bc9,60.2,Unclassified,electromagnetic,https://jackmcguireastro.github.io/ctas.html?event=d469d252-0c76-4041-a312-7ec1834b3bc9#dossier,https://www.wis-tns.org/object/2026pxy,,,,,,,
AT2026wpr,SIDEREAL,321.877229635,15.6652159269,2000.0,ae5769c6-1778-4569-ae87-6c1ed4c3de31,55.25,Unclassified,electromagnetic,https://jackmcguireastro.github.io/ctas.html?event=ae5769c6-1778-4569-ae87-6c1ed4c3de31#dossier,https://www.wis-tns.org/object/2026wpr,,,,,,,
AT2026xmn,SIDEREAL,223.948080574,15.8472638473,2000.0,0fcfa7ff-4ba5-4a8c-954b-703c3ce5ae68,58.3,Unclassified,electromagnetic,https://jackmcguireastro.github.io/ctas.html?event=0fcfa7ff-4ba5-4a8c-954b-703c3ce5ae68#dossier,https://www.wis-tns.org/object/2026xmn,,,,,,,
AT2026xmo,SIDEREAL,348.151922292,42.6541924511,2000.0,ed66f63a-28e5-4acc-9aa1-0c1f609b624b,68.98,Unclassified,electromagnetic,https://jackmcguireastro.github.io/ctas.html?event=ed66f63a-28e5-4acc-9aa1-0c1f609b624b#dossier,https://www.wis-tns.org/object/2026xmo,,,,,,,
AT2026wue,SIDEREAL,274.485599819,19.6894144165,2000.0,4dd536be-875c-44d3-a511-7502d74eb82e,58.6,Unclassified,electromagnetic,https://jackmcguireastro.github.io/ctas.html?event=4dd536be-875c-44d3-a511-7502d74eb82e#dossier,https://www.wis-tns.org/object/2026wue,,,,,,,
SN2026pmr,SIDEREAL,2.15613662712,53.0641444399,2000.0,c4363bee-c809-4ab2-8866-8aa09308cd99,46.4,SN Ia,electromagnetic,https://jackmcguireastro.github.io/ctas.html?event=c4363bee-c809-4ab2-8866-8aa09308cd99#dossier,https://www.wis-tns.org/object/2026pmr,,,,,,,
AT2026xmp,SIDEREAL,242.828659729,-9.89985388867,2000.0,bb4c4cf7-0370-4a3c-83d1-1e1ebfbc96a9,57.55,Unclassified,electromagnetic,https://jackmcguireastro.github.io/ctas.html?event=bb4c4cf7-0370-4a3c-83d1-1e1ebfbc96a9#dossier,https://www.wis-tns.org/object/2026xmp,,,,,,,
AT2026xmq,SIDEREAL,13.9775543317,23.2677313,2000.0,ae5b4449-806c-4e5b-9267-c480d6ecb7d6,56.2,Unclassified,electromagnetic,https://jackmcguireastro.github.io/ctas.html?event=ae5b4449-806c-4e5b-9267-c480d6ecb7d6#dossier,https://www.wis-tns.org/object/2026xmq,,,,,,,
AT2026xmr,SIDEREAL,25.2572292292,-8.58826497814,2000.0,06e18d83-c60d-44cd-8d86-88ed4c1baeb4,56.33,Unclassified,electromagnetic,https://jackmcguireastro.github.io/ctas.html?event=06e18d83-c60d-44cd-8d86-88ed4c1baeb4#dossier,https://www.wis-tns.org/object/2026xmr,,,,,,,
AT2026xms,SIDEREAL,358.515206805,26.3273007569,2000.0,40d06346-f28a-40f5-b522-6955a5d808cd,56.12,Unclassified,electromagnetic,https://jackmcguireastro.github.io/ctas.html?event=40d06346-f28a-40f5-b522-6955a5d808cd#dossier,https://www.wis-tns.org/object/2026xms,,,,,,,
AT2026xmt,SIDEREAL,10.4819547863,-29.0260772561,2000.0,cc020f0d-a06a-4de7-a1fd-1abe83c85ecb,55.05,Unclassified,electromagnetic,https://jackmcguireastro.github.io/ctas.html?event=cc020f0d-a06a-4de7-a1fd-1abe83c85ecb#dossier,https://www.wis-tns.org/object/2026xmt,,,,,,,
AT2026xmu,SIDEREAL,356.83824517,19.9184065767,2000.0,8decdc49-4ee5-413a-af41-e6a42552a80a,56.58,Unclassified,electromagnetic,https://jackmcguireastro.github.io/ctas.html?event=8decdc49-4ee5-413a-af41-e6a42552a80a#dossier,https://www.wis-tns.org/object/2026xmu,,,,,,,
AT2026xmv,SIDEREAL,334.793222012,21.1143952452,2000.0,970896d7-7d1e-4eb7-b43c-e5ef9833473b,53.92,Unclassified,electromagnetic,https://jackmcguireastro.github.io/ctas.html?event=970896d7-7d1e-4eb7-b43c-e5ef9833473b#dossier,https://www.wis-tns.org/object/2026xmv,,,,,,,
AT2026xmw,SIDEREAL,38.2886309352,16.2211771951,2000.0,0982520b-d2bd-4b8f-8717-f44833b5b6ee,54.67,Unclassified,electromagnetic,https://jackmcguireastro.github.io/ctas.html?event=0982520b-d2bd-4b8f-8717-f44833b5b6ee#dossier,https://www.wis-tns.org/object/2026xmw,,,,,,,
AT2026xmx,SIDEREAL,336.627792249,-1.95560433285,2000.0,773320f9-4c37-48e6-a4eb-de7b10f8d240,53.75,Unclassified,electromagnetic,https://jackmcguireastro.github.io/ctas.html?event=773320f9-4c37-48e6-a4eb-de7b10f8d240#dossier,https://www.wis-tns.org/object/2026xmx,,,,,,,
AT2026xmy,SIDEREAL,334.756028838,-4.24717389921,2000.0,7267d052-6067-4e94-83ad-9eea7f0cb217,54.93,Unclassified,electromagnetic,https://jackmcguireastro.github.io/ctas.html?event=7267d052-6067-4e94-83ad-9eea7f0cb217#dossier,https://www.wis-tns.org/object/2026xmy,,,,,,,
AT2026xmz,SIDEREAL,7.74288595883,26.9664631919,2000.0,7f527dbf-e386-4f33-aff4-285aa2fca942,55.78,Unclassified,electromagnetic,https://jackmcguireastro.github.io/ctas.html?event=7f527dbf-e386-4f33-aff4-285aa2fca942#dossier,https://www.wis-tns.org/object/2026xmz,,,,,,,
AT2026xna,SIDEREAL,262.355413604,41.638607767,2000.0,16832968-b632-4334-897e-dc9131eb10bf,55.35,Unclassified,electromagnetic,https://jackmcguireastro.github.io/ctas.html?event=16832968-b632-4334-897e-dc9131eb10bf#dossier,https://www.wis-tns.org/object/2026xna,,,,,,,
AT2026xnb,SIDEREAL,2.56432273026,-16.5399937029,2000.0,828dff24-9581-4866-af4d-9ccf7f09fa7e,55.4,Unclassified,electromagnetic,https://jackmcguireastro.github.io/ctas.html?event=828dff24-9581-4866-af4d-9ccf7f09fa7e#dossier,https://www.wis-tns.org/object/2026xnb,,,,,,,
AT2026xnc,SIDEREAL,269.682647772,19.8125494173,2000.0,2c48c021-09c9-48db-b75c-098eeb7d3e00,55.4,Unclassified,electromagnetic,https://jackmcguireastro.github.io/ctas.html?event=2c48c021-09c9-48db-b75c-098eeb7d3e00#dossier,https://www.wis-tns.org/object/2026xnc,,,,,,,
AT2026xnd,SIDEREAL,263.259202066,23.2641359138,2000.0,8ff8a99d-da8f-4715-adb9-2c54d3c725a1,55.5,Unclassified,electromagnetic,https://jackmcguireastro.github.io/ctas.html?event=8ff8a99d-da8f-4715-adb9-2c54d3c725a1#dossier,https://www.wis-tns.org/object/2026xnd,,,,,,,
AT2026xne,SIDEREAL,328.793026161,1.79100850947,2000.0,0f630edb-cc04-4e24-97d7-21fb8a52ad59,54.2,Unclassified,electromagnetic,https://jackmcguireastro.github.io/ctas.html?event=0f630edb-cc04-4e24-97d7-21fb8a52ad59#dossier,https://www.wis-tns.org/object/2026xne,,,,,,,
AT2026xnf,SIDEREAL,226.397766927,22.6783438483,2000.0,12e2f9e8-e8b7-4001-99af-f3ff9890f968,54.43,Unclassified,electromagnetic,https://jackmcguireastro.github.io/ctas.html?event=12e2f9e8-e8b7-4001-99af-f3ff9890f968#dossier,https://www.wis-tns.org/object/2026xnf,,,,,,,
AT2026xnh,SIDEREAL,328.800907461,-25.8455288102,2000.0,54a32b73-ded8-401b-8600-9ed365be3ba6,55.92,Unclassified,electromagnetic,https://jackmcguireastro.github.io/ctas.html?event=54a32b73-ded8-401b-8600-9ed365be3ba6#dossier,https://www.wis-tns.org/object/2026xnh,,,,,,,
AT2026xni,SIDEREAL,333.457819312,15.2614075025,2000.0,54594fa1-a5a0-4825-93a4-1c411db62002,55.33,Unclassified,electromagnetic,https://jackmcguireastro.github.io/ctas.html?event=54594fa1-a5a0-4825-93a4-1c411db62002#dossier,https://www.wis-tns.org/object/2026xni,,,,,,,
AT2026wmm,SIDEREAL,58.32453625,-8.59601375,2000.0,1c8d76bc-a41b-463e-84d8-6176dd9b9ab4,56.35,Unclassified,electromagnetic,https://jackmcguireastro.github.io/ctas.html?event=1c8d76bc-a41b-463e-84d8-6176dd9b9ab4#dossier,https://www.wis-tns.org/object/2026wmm,,,,,,,
AT2026wzb,SIDEREAL,260.659535,19.6672175,2000.0,7779ad64-d32a-4d2c-b2f8-8c227b3b3093,58.69,Unclassified,electromagnetic,https://jackmcguireastro.github.io/ctas.html?event=7779ad64-d32a-4d2c-b2f8-8c227b3b3093#dossier,https://www.wis-tns.org/object/2026wzb,,,,,,,
AT2026xlr,SIDEREAL,232.480002,-40.382597,2000.0,50310a40-a832-4b1b-b4c9-86a9f9da8450,59.6,Unclassified,electromagnetic,https://jackmcguireastro.github.io/ctas.html?event=50310a40-a832-4b1b-b4c9-86a9f9da8450#dossier,https://www.wis-tns.org/object/2026xlr,,,,,,,
AT2026xkz,SIDEREAL,75.144106,-1.1588759,2000.0,e89d65dc-5de8-41d5-b283-e3009089dd58,66.95,Unclassified,electromagnetic,https://jackmcguireastro.github.io/ctas.html?event=e89d65dc-5de8-41d5-b283-e3009089dd58#dossier,https://www.wis-tns.org/object/2026xkz,,,,,,,
AT2026xlb,SIDEREAL,5.4565481,7.5935112,2000.0,14bc70a3-7f63-4c04-8bc1-d283bc9e2c7a,55.27,Unclassified,electromagnetic,https://jackmcguireastro.github.io/ctas.html?event=14bc70a3-7f63-4c04-8bc1-d283bc9e2c7a#dossier,https://www.wis-tns.org/object/2026xlb,,,,,,,
AT2026wps,SIDEREAL,72.3495407,-5.7860621,2000.0,5a6c2e97-9529-40e8-8902-dd607dd69dcf,58.75,Unclassified,electromagnetic,https://jackmcguireastro.github.io/ctas.html?event=5a6c2e97-9529-40e8-8902-dd607dd69dcf#dossier,https://www.wis-tns.org/object/2026wps,,,,,,,
AT2026xlc,SIDEREAL,74.2888873,7.1147409,2000.0,8190f151-765c-49d8-9809-b6f5111a55cf,58.63,Unclassified,electromagnetic,https://jackmcguireastro.github.io/ctas.html?event=8190f151-765c-49d8-9809-b6f5111a55cf#dossier,https://www.wis-tns.org/object/2026xlc,,,,,,,
AT2026xld,SIDEREAL,81.2522389,64.9447819,2000.0,fe26b60e-7181-4add-9aa8-7d2fabc89b71,82.04,Unclassified,electromagnetic,https://jackmcguireastro.github.io/ctas.html?event=fe26b60e-7181-4add-9aa8-7d2fabc89b71#dossier,https://www.wis-tns.org/object/2026xld,,,,,,,
AT2026xle,SIDEREAL,3.8920302,0.8902014,2000.0,3f873abe-8df1-4e2d-85d2-8f3b3a767045,70.12,Unclassified,electromagnetic,https://jackmcguireastro.github.io/ctas.html?event=3f873abe-8df1-4e2d-85d2-8f3b3a767045#dossier,https://www.wis-tns.org/object/2026xle,,,,,,,
AT2026xlf,SIDEREAL,310.936268,4.905885,2000.0,aa7fb615-c707-4715-89e0-690c831833d4,58.62,Unclassified,electromagnetic,https://jackmcguireastro.github.io/ctas.html?event=aa7fb615-c707-4715-89e0-690c831833d4#dossier,https://www.wis-tns.org/object/2026xlf,,,,,,,
AT2026xlh,SIDEREAL,278.716243,-47.3405,2000.0,a3020bb0-cbe6-4ae2-b827-2340f89fd417,71.24,Unclassified,electromagnetic,https://jackmcguireastro.github.io/ctas.html?event=a3020bb0-cbe6-4ae2-b827-2340f89fd417#dossier,https://www.wis-tns.org/object/2026xlh,,,,,,,
AT2026xlj,SIDEREAL,349.347347,-11.0515356,2000.0,8d483ae6-7d50-42b2-95d6-9366ec190ea3,54.11,Unclassified,electromagnetic,https://jackmcguireastro.github.io/ctas.html?event=8d483ae6-7d50-42b2-95d6-9366ec190ea3#dossier,https://www.wis-tns.org/object/2026xlj,,,,,,,
AT2026xlk,SIDEREAL,209.714116,-16.7528,2000.0,fc49d74d-8d6b-49f1-8420-2f8d5c3923dc,69.8,Unclassified,electromagnetic,https://jackmcguireastro.github.io/ctas.html?event=fc49d74d-8d6b-49f1-8420-2f8d5c3923dc#dossier,https://www.wis-tns.org/object/2026xlk,,,,,,,
AT2026xlm,SIDEREAL,248.813928,16.869196,2000.0,c1b24e69-7d1d-4fef-a19e-2faa0eb5334d,74.44,Unclassified,electromagnetic,https://jackmcguireastro.github.io/ctas.html?event=c1b24e69-7d1d-4fef-a19e-2faa0eb5334d#dossier,https://www.wis-tns.org/object/2026xlm,,,,,,,
AT2026xln,SIDEREAL,284.588721,-36.398862,2000.0,ba5c4fea-df1c-4ecc-ab05-d7ccaafa820b,56.27,Unclassified,electromagnetic,https://jackmcguireastro.github.io/ctas.html?event=ba5c4fea-df1c-4ecc-ab05-d7ccaafa820b#dossier,https://www.wis-tns.org/object/2026xln,,,,,,,
AT2026xlo,SIDEREAL,212.543557392,11.9340101184,2000.0,1399e7bb-c82a-40bd-9c3c-c7ce27d0d48e,69.95,Unclassified,electromagnetic,https://jackmcguireastro.github.io/ctas.html?event=1399e7bb-c82a-40bd-9c3c-c7ce27d0d48e#dossier,https://www.wis-tns.org/object/2026xlo,,,,,,,
AT2026xlp,SIDEREAL,207.2171997,16.7247288,2000.0,f8fe1273-4fab-4ae4-9480-63f9ff7bd2a7,57.14,Unclassified,electromagnetic,https://jackmcguireastro.github.io/ctas.html?event=f8fe1273-4fab-4ae4-9480-63f9ff7bd2a7#dossier,https://www.wis-tns.org/object/2026xlp,,,,,,,
AT2026xlq,SIDEREAL,216.389663232,12.2974998943,2000.0,855dff2f-4703-4897-b6fc-d1045a928898,75.54,Unclassified,electromagnetic,https://jackmcguireastro.github.io/ctas.html?event=855dff2f-4703-4897-b6fc-d1045a928898#dossier,https://www.wis-tns.org/object/2026xlq,,,,,,,
AT2026xkv,SIDEREAL,340.007319231,-66.7018838462,2000.0,3949ada9-3d2b-4040-b455-7dcebc25032e,58.86,Unclassified,electromagnetic,https://jackmcguireastro.github.io/ctas.html?event=3949ada9-3d2b-4040-b455-7dcebc25032e#dossier,https://www.wis-tns.org/object/2026xkv,,,,,,,
AT2026xkw,SIDEREAL,267.075748,20.240666,2000.0,f2c0b6d6-80cd-4b53-a700-8eef1dd35f5d,63.38,Unclassified,electromagnetic,https://jackmcguireastro.github.io/ctas.html?event=f2c0b6d6-80cd-4b53-a700-8eef1dd35f5d#dossier,https://www.wis-tns.org/object/2026xkw,,,,,,,
AT2026xkq,SIDEREAL,19.5641903,-10.0639824,2000.0,0350c94e-9010-4bfa-ae3f-360ce60e967d,56.74,Unclassified,electromagnetic,https://jackmcguireastro.github.io/ctas.html?event=0350c94e-9010-4bfa-ae3f-360ce60e967d#dossier,https://www.wis-tns.org/object/2026xkq,,,,,,,
AT2026xkt,SIDEREAL,81.8302021,51.5667918,2000.0,9572c7ce-fa4b-488c-9b28-9c6d8adfa3a1,57.05,Unclassified,electromagnetic,https://jackmcguireastro.github.io/ctas.html?event=9572c7ce-fa4b-488c-9b28-9c6d8adfa3a1#dossier,https://www.wis-tns.org/object/2026xkt,,,,,,,
SN2026uwu,SIDEREAL,312.300571146,-19.2867352705,2000.0,e0f967f0-7b85-4949-8d0e-3b8e56ced453,44.51,SN Ia,electromagnetic,https://jackmcguireastro.github.io/ctas.html?event=e0f967f0-7b85-4949-8d0e-3b8e56ced453#dossier,https://www.wis-tns.org/object/2026uwu,,,,,,,
AT2026xko,SIDEREAL,48.2178869,39.9833878,2000.0,8b39a3df-c9d8-42f7-866c-93cb8041b382,62.65,Unclassified,electromagnetic,https://jackmcguireastro.github.io/ctas.html?event=8b39a3df-c9d8-42f7-866c-93cb8041b382#dossier,https://www.wis-tns.org/object/2026xko,,,,,,,
AT2026xkk,SIDEREAL,297.4138681,10.1303098,2000.0,bbd9a204-01d5-44bb-bd18-00ed0470afcd,69.19,Unclassified,electromagnetic,https://jackmcguireastro.github.io/ctas.html?event=bbd9a204-01d5-44bb-bd18-00ed0470afcd#dossier,https://www.wis-tns.org/object/2026xkk,,,,,,,
AT2026xkf,SIDEREAL,309.4502385,17.2424588,2000.0,191ec1db-ac0c-4e0a-8f18-4abd9a00c3ac,56.12,Unclassified,electromagnetic,https://jackmcguireastro.github.io/ctas.html?event=191ec1db-ac0c-4e0a-8f18-4abd9a00c3ac#dossier,https://www.wis-tns.org/object/2026xkf,,,,,,,
AT2026xkh,SIDEREAL,315.4675802,22.9760065,2000.0,ae86d175-4442-4026-823a-90192a64bad1,57.35,Unclassified,electromagnetic,https://jackmcguireastro.github.io/ctas.html?event=ae86d175-4442-4026-823a-90192a64bad1#dossier,https://www.wis-tns.org/object/2026xkh,,,,,,,
AT2026xki,SIDEREAL,271.919966,9.9782119,2000.0,9fee0f79-e571-4d56-9171-c9174d0a5818,55.77,Unclassified,electromagnetic,https://jackmcguireastro.github.io/ctas.html?event=9fee0f79-e571-4d56-9171-c9174d0a5818#dossier,https://www.wis-tns.org/object/2026xki,,,,,,,
AT2026wlg,SIDEREAL,228.278612844,-6.40061470737,2000.0,95b3f891-6c9e-4956-a699-d71c602b0823,56.1,Unclassified,electromagnetic,https://jackmcguireastro.github.io/ctas.html?event=95b3f891-6c9e-4956-a699-d71c602b0823#dossier,https://www.wis-tns.org/object/2026wlg,,,,,,,
AT2026wtc,SIDEREAL,17.0860636833,19.4327840558,2000.0,165a519d-8545-44a9-a1c6-35ffe80c28bd,53.75,Unclassified,electromagnetic,https://jackmcguireastro.github.io/ctas.html?event=165a519d-8545-44a9-a1c6-35ffe80c28bd#dossier,https://www.wis-tns.org/object/2026wtc,,,,,,,
AT2026xje,SIDEREAL,206.900875,-1.888956,2000.0,c49c396f-0e4d-4715-8521-fb2419a155c1,52.32,Unclassified,electromagnetic,https://jackmcguireastro.github.io/ctas.html?event=c49c396f-0e4d-4715-8521-fb2419a155c1#dossier,https://www.wis-tns.org/object/2026xje,,,,,,,
AT2026xjf,SIDEREAL,343.374292,5.710931,2000.0,076f223f-f258-41d4-8bd5-8ec16de5211b,50.33,Unclassified,electromagnetic,https://jackmcguireastro.github.io/ctas.html?event=076f223f-f258-41d4-8bd5-8ec16de5211b#dossier,https://www.wis-tns.org/object/2026xjf,,,,,,,
AT2026xjg,SIDEREAL,357.996417,-1.437178,2000.0,a80e69ed-55fa-4a8b-9d4c-3bdaa0de947b,52.45,Unclassified,electromagnetic,https://jackmcguireastro.github.io/ctas.html?event=a80e69ed-55fa-4a8b-9d4c-3bdaa0de947b#dossier,https://www.wis-tns.org/object/2026xjg,,,,,,,
AT2026xjh,SIDEREAL,0.719833,-0.082436,2000.0,22e4ad46-2a4b-42bb-9914-48e976b32618,50.15,Unclassified,electromagnetic,https://jackmcguireastro.github.io/ctas.html?event=22e4ad46-2a4b-42bb-9914-48e976b32618#dossier,https://www.wis-tns.org/object/2026xjh,,,,,,,
AT2026xji,SIDEREAL,353.542333,-0.226794,2000.0,58419a12-9d3b-491b-a8c7-21797118f505,54.53,Unclassified,electromagnetic,https://jackmcguireastro.github.io/ctas.html?event=58419a12-9d3b-491b-a8c7-21797118f505#dossier,https://www.wis-tns.org/object/2026xji,,,,,,,
AT2026xjj,SIDEREAL,1.029792,-0.262922,2000.0,ec81fd12-7be6-4784-9e28-6d35f0b44f53,56.25,Unclassified,electromagnetic,https://jackmcguireastro.github.io/ctas.html?event=ec81fd12-7be6-4784-9e28-6d35f0b44f53#dossier,https://www.wis-tns.org/object/2026xjj,,,,,,,
AT2026xjk,SIDEREAL,217.844125,-1.362317,2000.0,dfc88e95-7417-4436-8408-816f79c1c5f7,53.26,Unclassified,electromagnetic,https://jackmcguireastro.github.io/ctas.html?event=dfc88e95-7417-4436-8408-816f79c1c5f7#dossier,https://www.wis-tns.org/object/2026xjk,,,,,,,
AT2026xjl,SIDEREAL,218.236125,-0.801339,2000.0,2ec7a897-ab7d-4e45-914e-151498c46e95,54.19,Unclassified,electromagnetic,https://jackmcguireastro.github.io/ctas.html?event=2ec7a897-ab7d-4e45-914e-151498c46e95#dossier,https://www.wis-tns.org/object/2026xjl,,,,,,,
AT2026xjm,SIDEREAL,218.91025,-0.964989,2000.0,242af73a-19ba-49a0-bde4-855f1d97d530,53.24,Unclassified,electromagnetic,https://jackmcguireastro.github.io/ctas.html?event=242af73a-19ba-49a0-bde4-855f1d97d530#dossier,https://www.wis-tns.org/object/2026xjm,,,,,,,
AT2026xjn,SIDEREAL,212.064667,-0.12015,2000.0,3e08ac71-9e8c-4fe4-b36a-d1ef2f50249c,60.54,Unclassified,electromagnetic,https://jackmcguireastro.github.io/ctas.html?event=3e08ac71-9e8c-4fe4-b36a-d1ef2f50249c#dossier,https://www.wis-tns.org/object/2026xjn,,,,,,,
AT2026xjo,SIDEREAL,227.517417,15.319117,2000.0,65aab1b8-d5d8-4fd5-9711-f0266f27f4d6,54.48,Unclassified,electromagnetic,https://jackmcguireastro.github.io/ctas.html?event=65aab1b8-d5d8-4fd5-9711-f0266f27f4d6#dossier,https://www.wis-tns.org/object/2026xjo,,,,,,,
AT2026xjp,SIDEREAL,321.110792,22.376619,2000.0,4ef02c1c-6ed5-41bd-a7bf-4b0c2fe41802,51.38,Unclassified,electromagnetic,https://jackmcguireastro.github.io/ctas.html?event=4ef02c1c-6ed5-41bd-a7bf-4b0c2fe41802#dossier,https://www.wis-tns.org/object/2026xjp,,,,,,,
AT2026xjq,SIDEREAL,227.403167,42.521431,2000.0,5010d126-3889-4e77-a582-6fa0378b1419,55.05,Unclassified,electromagnetic,https://jackmcguireastro.github.io/ctas.html?event=5010d126-3889-4e77-a582-6fa0378b1419#dossier,https://www.wis-tns.org/object/2026xjq,,,,,,,
AT2026xjr,SIDEREAL,313.737417,14.205747,2000.0,f5afb540-28d6-4c74-abbc-954453ee333e,52.98,Unclassified,electromagnetic,https://jackmcguireastro.github.io/ctas.html?event=f5afb540-28d6-4c74-abbc-954453ee333e#dossier,https://www.wis-tns.org/object/2026xjr,,,,,,,
AT2026xjs,SIDEREAL,333.6135,28.771003,2000.0,e78a8b1f-59dd-41c2-a601-cc6772c962c1,56.25,Unclassified,electromagnetic,https://jackmcguireastro.github.io/ctas.html?event=e78a8b1f-59dd-41c2-a601-cc6772c962c1#dossier,https://www.wis-tns.org/object/2026xjs,,,,,,,
AT2026xjt,SIDEREAL,333.741875,26.005961,2000.0,bb1d37cd-1578-4508-b687-040a1ef29953,52.17,Unclassified,electromagnetic,https://jackmcguireastro.github.io/ctas.html?event=bb1d37cd-1578-4508-b687-040a1ef29953#dossier,https://www.wis-tns.org/object/2026xjt,,,,,,,
AT2026xju,SIDEREAL,334.714292,27.071128,2000.0,7d7203f0-b3e9-47ca-ae0e-a35f5d3903e2,54.45,Unclassified,electromagnetic,https://jackmcguireastro.github.io/ctas.html?event=7d7203f0-b3e9-47ca-ae0e-a35f5d3903e2#dossier,https://www.wis-tns.org/object/2026xju,,,,,,,
AT2026wgg,SIDEREAL,334.44525,26.627906,2000.0,15c088b5-2673-4287-b62b-e42c72e6892c,56.12,Unclassified,electromagnetic,https://jackmcguireastro.github.io/ctas.html?event=15c088b5-2673-4287-b62b-e42c72e6892c#dossier,https://www.wis-tns.org/object/2026wgg,,,,,,,
AT2026xjv,SIDEREAL,337.670583,27.175133,2000.0,2ca62fa4-d7a1-4ac8-bd3e-81c568224cec,54.7,Unclassified,electromagnetic,https://jackmcguireastro.github.io/ctas.html?event=2ca62fa4-d7a1-4ac8-bd3e-81c568224cec#dossier,https://www.wis-tns.org/object/2026xjv,,,,,,,
AT2026xjw,SIDEREAL,322.380833,23.397631,2000.0,a66296a6-b0eb-401e-bf50-17cd77af56c5,54.95,Unclassified,electromagnetic,https://jackmcguireastro.github.io/ctas.html?event=a66296a6-b0eb-401e-bf50-17cd77af56c5#dossier,https://www.wis-tns.org/object/2026xjw,,,,,,,
AT2026xjx,SIDEREAL,332.463542,24.469267,2000.0,7f7134d1-0b56-4c39-b595-77afe54b3e42,54.38,Unclassified,electromagnetic,https://jackmcguireastro.github.io/ctas.html?event=7f7134d1-0b56-4c39-b595-77afe54b3e42#dossier,https://www.wis-tns.org/object/2026xjx,,,,,,,
AT2026xjy,SIDEREAL,326.414125,22.038597,2000.0,703b7eda-cd75-4328-9369-29c62e9480f5,53.6,Unclassified,electromagnetic,https://jackmcguireastro.github.io/ctas.html?event=703b7eda-cd75-4328-9369-29c62e9480f5#dossier,https://www.wis-tns.org/object/2026xjy,,,,,,,
AT2026xjz,SIDEREAL,324.723375,16.994936,2000.0,d433c1c3-1b11-4dcb-81fa-496f93650316,51.42,Unclassified,electromagnetic,https://jackmcguireastro.github.io/ctas.html?event=d433c1c3-1b11-4dcb-81fa-496f93650316#dossier,https://www.wis-tns.org/object/2026xjz,,,,,,,
AT2026xka,SIDEREAL,322.677792,15.995272,2000.0,857015fe-ab75-4f05-996a-d453f0c4a387,54.38,Unclassified,electromagnetic,https://jackmcguireastro.github.io/ctas.html?event=857015fe-ab75-4f05-996a-d453f0c4a387#dossier,https://www.wis-tns.org/object/2026xka,,,,,,,
AT2026xkc,SIDEREAL,316.962083,16.460981,2000.0,6132f3f9-117b-4e72-b20d-006a41226741,53.75,Unclassified,electromagnetic,https://jackmcguireastro.github.io/ctas.html?event=6132f3f9-117b-4e72-b20d-006a41226741#dossier,https://www.wis-tns.org/object/2026xkc,,,,,,,
AT2026xkd,SIDEREAL,337.843583,20.963236,2000.0,489ae707-5715-464b-af38-f3df92dcb335,66.42,Unclassified,electromagnetic,https://jackmcguireastro.github.io/ctas.html?event=489ae707-5715-464b-af38-f3df92dcb335#dossier,https://www.wis-tns.org/object/2026xkd,,,,,,,
AT2026xke,SIDEREAL,338.445958,18.687292,2000.0,a606d0cf-f0a7-4212-a74a-647cbe68c7aa,63.1,Unclassified,electromagnetic,https://jackmcguireastro.github.io/ctas.html?event=a606d0cf-f0a7-4212-a74a-647cbe68c7aa#dossier,https://www.wis-tns.org/object/2026xke,,,,,,,
SN2026plb,SIDEREAL,314.1969169,-18.517914,2000.0,9d369c94-a9c9-4bb5-a583-aea72581bbf9,44.66,SN IIn,electromagnetic,https://jackmcguireastro.github.io/ctas.html?event=9d369c94-a9c9-4bb5-a583-aea72581bbf9#dossier,https://www.wis-tns.org/object/2026plb,,,,,,,
SN2026sfn,SIDEREAL,322.198290433,20.5175588646,2000.0,3593efab-2391-4d9b-a76e-a4c87b138269,44.5,SN IIn,electromagnetic,https://jackmcguireastro.github.io/ctas.html?event=3593efab-2391-4d9b-a76e-a4c87b138269#dossier,https://www.wis-tns.org/object/2026sfn,,,,,,,
AT2026wtx,SIDEREAL,217.3240473,16.1809664,2000.0,520ad3b3-2f20-4ea0-889d-ad00611f8e76,59.4,Unclassified,electromagnetic,https://jackmcguireastro.github.io/ctas.html?event=520ad3b3-2f20-4ea0-889d-ad00611f8e76#dossier,https://www.wis-tns.org/object/2026wtx,,,,,,,
AT2026xiy,SIDEREAL,196.2807642,54.2172479,2000.0,0d2b56bc-295b-4c2e-a1ef-405f7ba3d290,81.42,Unclassified,electromagnetic,https://jackmcguireastro.github.io/ctas.html?event=0d2b56bc-295b-4c2e-a1ef-405f7ba3d290#dossier,https://www.wis-tns.org/object/2026xiy,,,,,,,
SN2026ppq,SIDEREAL,195.2197374,56.979787,2000.0,ac27fe26-a9e7-4afd-89dc-abe5641828b7,46.84,SN Ia,electromagnetic,https://jackmcguireastro.github.io/ctas.html?event=ac27fe26-a9e7-4afd-89dc-abe5641828b7#dossier,https://www.wis-tns.org/object/2026ppq,,,,,,,
AT2026xiz,SIDEREAL,191.1087194,53.31621,2000.0,8ecebd3a-0b00-48ab-8a87-aeb4d66e345f,81.9,Unclassified,electromagnetic,https://jackmcguireastro.github.io/ctas.html?event=8ecebd3a-0b00-48ab-8a87-aeb4d66e345f#dossier,https://www.wis-tns.org/object/2026xiz,,,,,,,
AT2026tpv,SIDEREAL,191.1977263,67.7587041,2000.0,1050cb27-5462-4ec1-82de-bfd817e4d5b5,60.21,Unclassified,electromagnetic,https://jackmcguireastro.github.io/ctas.html?event=1050cb27-5462-4ec1-82de-bfd817e4d5b5#dossier,https://www.wis-tns.org/object/2026tpv,,,,,,,
AT2026xja,SIDEREAL,207.3160311,77.7772804,2000.0,40f3b229-07b8-4640-aed4-a2980b08b911,80.53,Unclassified,electromagnetic,https://jackmcguireastro.github.io/ctas.html?event=40f3b229-07b8-4640-aed4-a2980b08b911#dossier,https://www.wis-tns.org/object/2026xja,,,,,,,
AT2026wtr,SIDEREAL,195.5822282,69.7096759,2000.0,18e2d39c-ce2e-4e80-a4c0-339c63240fe8,58.85,Unclassified,electromagnetic,https://jackmcguireastro.github.io/ctas.html?event=18e2d39c-ce2e-4e80-a4c0-339c63240fe8#dossier,https://www.wis-tns.org/object/2026wtr,,,,,,,
AT2026wkv,SIDEREAL,208.309237,0.4477944,2000.0,a17dbe93-8f5c-4088-8184-90139e473182,61.37,Unclassified,electromagnetic,https://jackmcguireastro.github.io/ctas.html?event=a17dbe93-8f5c-4088-8184-90139e473182#dossier,https://www.wis-tns.org/object/2026wkv,,,,,,,
AT2026xjb,SIDEREAL,204.0736403,4.1574738,2000.0,be150349-953a-43cd-a950-3ed009b10223,73.16,Unclassified,electromagnetic,https://jackmcguireastro.github.io/ctas.html?event=be150349-953a-43cd-a950-3ed009b10223#dossier,https://www.wis-tns.org/object/2026xjb,,,,,,,
AT2026xjc,SIDEREAL,202.2286153,9.5288494,2000.0,3d301a56-6b4e-4974-9b8c-328ef50da019,55.74,Unclassified,electromagnetic,https://jackmcguireastro.github.io/ctas.html?event=3d301a56-6b4e-4974-9b8c-328ef50da019#dossier,https://www.wis-tns.org/object/2026xjc,,,,,,,
AT2026xjd,SIDEREAL,196.6531346,7.3369684,2000.0,e88370d5-3fa0-479b-8fd7-ad628fb7ca4c,72.81,Unclassified,electromagnetic,https://jackmcguireastro.github.io/ctas.html?event=e88370d5-3fa0-479b-8fd7-ad628fb7ca4c#dossier,https://www.wis-tns.org/object/2026xjd,,,,,,,
SN2026wom,SIDEREAL,228.5116731,36.2667078,2000.0,3afc563f-c87b-44b3-bfe3-ebbdc8503ece,47.39,SN Ia,electromagnetic,https://jackmcguireastro.github.io/ctas.html?event=3afc563f-c87b-44b3-bfe3-ebbdc8503ece#dossier,https://www.wis-tns.org/object/2026wom,AT2026wom,,,,,,
SN2026vrz,SIDEREAL,316.79744862941,3.3864520470588,2000.0,aeeff099-89db-4c70-881d-0ddf0293b10c,42.04,SN Ia,electromagnetic,https://jackmcguireastro.github.io/ctas.html?event=aeeff099-89db-4c70-881d-0ddf0293b10c#dossier,https://www.wis-tns.org/object/2026vrz,AT2026vrz,,,,,,
AT2026xgk,SIDEREAL,211.481517048,-17.4657345157,2000.0,c494ac56-60c5-4b75-9605-d4db79ae7f21,54.67,Unclassified,electromagnetic,https://jackmcguireastro.github.io/ctas.html?event=c494ac56-60c5-4b75-9605-d4db79ae7f21#dossier,https://www.wis-tns.org/object/2026xgk,,,,,,,
AT2026xgl,SIDEREAL,131.580180252,0.907929486853,2000.0,a7695fd1-5dd8-4eae-98ad-bd11ce10dc73,53.65,Unclassified,electromagnetic,https://jackmcguireastro.github.io/ctas.html?event=a7695fd1-5dd8-4eae-98ad-bd11ce10dc73#dossier,https://www.wis-tns.org/object/2026xgl,,,,,,,
AT2026xgm,SIDEREAL,60.1021579385,7.80643528872,2000.0,04ad6383-d2b9-4c07-8662-31433c8f1c80,52.98,Unclassified,electromagnetic,https://jackmcguireastro.github.io/ctas.html?event=04ad6383-d2b9-4c07-8662-31433c8f1c80#dossier,https://www.wis-tns.org/object/2026xgm,,,,,,,
AT2026xgn,SIDEREAL,258.461846512,30.0753203259,2000.0,ef00ff95-9ba3-42fb-ae7e-ac9f2a8203bb,55.2,Unclassified,electromagnetic,https://jackmcguireastro.github.io/ctas.html?event=ef00ff95-9ba3-42fb-ae7e-ac9f2a8203bb#dossier,https://www.wis-tns.org/object/2026xgn,,,,,,,
AT2026xgo,SIDEREAL,211.148724826,17.9376190159,2000.0,156ed0ca-7be8-4df3-81bc-a2a5c6abd667,53.5,Unclassified,electromagnetic,https://jackmcguireastro.github.io/ctas.html?event=156ed0ca-7be8-4df3-81bc-a2a5c6abd667#dossier,https://www.wis-tns.org/object/2026xgo,,,,,,,
AT2026xgp,SIDEREAL,338.48746217,-37.9363712505,2000.0,552dd931-8a87-495a-932e-4cf32dfce658,55.52,Unclassified,electromagnetic,https://jackmcguireastro.github.io/ctas.html?event=552dd931-8a87-495a-932e-4cf32dfce658#dossier,https://www.wis-tns.org/object/2026xgp,,,,,,,
AT2026xgq,SIDEREAL,175.101924513,52.0961292574,2000.0,5edb0493-9271-49f2-9687-da59e89afc8b,52.75,Unclassified,electromagnetic,https://jackmcguireastro.github.io/ctas.html?event=5edb0493-9271-49f2-9687-da59e89afc8b#dossier,https://www.wis-tns.org/object/2026xgq,,,,,,,
AT2026xgr,SIDEREAL,178.315274395,-14.6604327728,2000.0,e46c4e27-22f2-43f0-9236-881a1c2f6d29,54.75,Unclassified,electromagnetic,https://jackmcguireastro.github.io/ctas.html?event=e46c4e27-22f2-43f0-9236-881a1c2f6d29#dossier,https://www.wis-tns.org/object/2026xgr,,,,,,,
AT2026xgs,SIDEREAL,268.297048454,27.6069544371,2000.0,9bcb6473-800a-40c1-9fc3-5c24f84e2f09,53.1,Unclassified,electromagnetic,https://jackmcguireastro.github.io/ctas.html?event=9bcb6473-800a-40c1-9fc3-5c24f84e2f09#dossier,https://www.wis-tns.org/object/2026xgs,,,,,,,
AT2025amxs,SIDEREAL,62.9678526512,18.9682031862,2000.0,54ba96bb-cc85-49c7-a45a-29ed21303e43,52.12,Unclassified,electromagnetic,https://jackmcguireastro.github.io/ctas.html?event=54ba96bb-cc85-49c7-a45a-29ed21303e43#dossier,https://www.wis-tns.org/object/2025amxs,,,,,,,
AT2026xgt,SIDEREAL,131.499959037,4.65811081287,2000.0,b293a02f-ad00-4a72-93cd-ce931d01e003,54.85,Unclassified,electromagnetic,https://jackmcguireastro.github.io/ctas.html?event=b293a02f-ad00-4a72-93cd-ce931d01e003#dossier,https://www.wis-tns.org/object/2026xgt,,,,,,,
AT2026xgu,SIDEREAL,194.203345901,7.232886117,2000.0,b8fd1324-58c4-4d3e-b3bc-41b12a0b86f2,53.1,Unclassified,electromagnetic,https://jackmcguireastro.github.io/ctas.html?event=b8fd1324-58c4-4d3e-b3bc-41b12a0b86f2#dossier,https://www.wis-tns.org/object/2026xgu,,,,,,,
AT2025amxt,SIDEREAL,178.157908159,30.4399793589,2000.0,07e4b638-4937-40ce-82c9-99c1e6451c09,53.92,Unclassified,electromagnetic,https://jackmcguireastro.github.io/ctas.html?event=07e4b638-4937-40ce-82c9-99c1e6451c09#dossier,https://www.wis-tns.org/object/2025amxt,,,,,,,
AT2026xgv,SIDEREAL,309.630385089,-5.84151174141,2000.0,50be62b3-6e1d-4931-b49a-0e1273c758c1,54.1,Unclassified,electromagnetic,https://jackmcguireastro.github.io/ctas.html?event=50be62b3-6e1d-4931-b49a-0e1273c758c1#dossier,https://www.wis-tns.org/object/2026xgv,,,,,,,
AT2025amxu,SIDEREAL,13.305128519,6.55797072458,2000.0,63d78691-9ee1-4dbb-8947-2d05e7cad28c,52.98,Unclassified,electromagnetic,https://jackmcguireastro.github.io/ctas.html?event=63d78691-9ee1-4dbb-8947-2d05e7cad28c#dossier,https://www.wis-tns.org/object/2025amxu,,,,,,,
AT2026xgw,SIDEREAL,193.763278702,27.8918811874,2000.0,ac01c7d5-a810-4dab-bff8-ffaeb010fcc8,54.08,Unclassified,electromagnetic,https://jackmcguireastro.github.io/ctas.html?event=ac01c7d5-a810-4dab-bff8-ffaeb010fcc8#dossier,https://www.wis-tns.org/object/2026xgw,,,,,,,
AT2026xgx,SIDEREAL,219.389303239,-25.3785876582,2000.0,420897e0-8bf7-4c4d-990f-8d36a47f204a,54.38,Unclassified,electromagnetic,https://jackmcguireastro.github.io/ctas.html?event=420897e0-8bf7-4c4d-990f-8d36a47f204a#dossier,https://www.wis-tns.org/object/2026xgx,,,,,,,
AT2026xgy,SIDEREAL,150.152799409,-21.3210356624,2000.0,0c7531b4-b48d-45f1-a122-f88bb9e05f42,55.45,Unclassified,electromagnetic,https://jackmcguireastro.github.io/ctas.html?event=0c7531b4-b48d-45f1-a122-f88bb9e05f42#dossier,https://www.wis-tns.org/object/2026xgy,,,,,,,
AT2026xgz,SIDEREAL,329.330309461,17.0062862194,2000.0,8c6bc18c-5569-4df6-a38a-b42c1b39aca4,55.78,Unclassified,electromagnetic,https://jackmcguireastro.github.io/ctas.html?event=8c6bc18c-5569-4df6-a38a-b42c1b39aca4#dossier,https://www.wis-tns.org/object/2026xgz,,,,,,,
AT2026xha,SIDEREAL,145.033015149,-1.62473789865,2000.0,b6d760ab-76f1-4a2b-9aa9-6bd28efe66f7,51.85,Unclassified,electromagnetic,https://jackmcguireastro.github.io/ctas.html?event=b6d760ab-76f1-4a2b-9aa9-6bd28efe66f7#dossier,https://www.wis-tns.org/object/2026xha,,,,,,,
AT2025amxv,SIDEREAL,137.871984222,4.833083669,2000.0,9f5b434e-71c7-4f5e-9b75-32ee531ba6a1,53.07,Unclassified,electromagnetic,https://jackmcguireastro.github.io/ctas.html?event=9f5b434e-71c7-4f5e-9b75-32ee531ba6a1#dossier,https://www.wis-tns.org/object/2025amxv,,,,,,,
AT2026xhc,SIDEREAL,226.87116802,11.2338130741,2000.0,984c8614-f526-4064-ad12-214c1b3c89e6,54.48,Unclassified,electromagnetic,https://jackmcguireastro.github.io/ctas.html?event=984c8614-f526-4064-ad12-214c1b3c89e6#dossier,https://www.wis-tns.org/object/2026xhc,,,,,,,
AT2025amxw,SIDEREAL,64.463975927,-18.2723868856,2000.0,5c57505a-ee15-467d-aca6-5c0e5c380a24,54.62,Unclassified,electromagnetic,https://jackmcguireastro.github.io/ctas.html?event=5c57505a-ee15-467d-aca6-5c0e5c380a24#dossier,https://www.wis-tns.org/object/2025amxw,,,,,,,
AT2026xhd,SIDEREAL,232.460861487,20.2356954654,2000.0,36356c3a-52e0-41ce-8208-180683cd9861,53.12,Unclassified,electromagnetic,https://jackmcguireastro.github.io/ctas.html?event=36356c3a-52e0-41ce-8208-180683cd9861#dossier,https://www.wis-tns.org/object/2026xhd,,,,,,,
AT2026xhe,SIDEREAL,238.132134942,8.44063167968,2000.0,838c5115-2315-4900-b7d1-d8bcf3d3dd0e,55.88,Unclassified,electromagnetic,https://jackmcguireastro.github.io/ctas.html?event=838c5115-2315-4900-b7d1-d8bcf3d3dd0e#dossier,https://www.wis-tns.org/object/2026xhe,,,,,,,
AT2026xhf,SIDEREAL,220.818630798,-22.8134257039,2000.0,9baeef78-18ad-4886-a888-d2a51ebf9c29,53.65,Unclassified,electromagnetic,https://jackmcguireastro.github.io/ctas.html?event=9baeef78-18ad-4886-a888-d2a51ebf9c29#dossier,https://www.wis-tns.org/object/2026xhf,,,,,,,
AT2026xhg,SIDEREAL,39.360383423,13.0596880663,2000.0,595ea1df-6d28-4abe-8519-1118e4681f69,54.62,Unclassified,electromagnetic,https://jackmcguireastro.github.io/ctas.html?event=595ea1df-6d28-4abe-8519-1118e4681f69#dossier,https://www.wis-tns.org/object/2026xhg,,,,,,,
AT2026xhh,SIDEREAL,198.974498097,-3.76445502114,2000.0,6bdb1b21-5359-4c5c-8867-e924a071c46b,54.43,Unclassified,electromagnetic,https://jackmcguireastro.github.io/ctas.html?event=6bdb1b21-5359-4c5c-8867-e924a071c46b#dossier,https://www.wis-tns.org/object/2026xhh,,,,,,,
AT2026xhi,SIDEREAL,331.836996782,-33.4860995271,2000.0,d1760d89-38ef-4964-89b6-48938f2faa29,54.58,Unclassified,electromagnetic,https://jackmcguireastro.github.io/ctas.html?event=d1760d89-38ef-4964-89b6-48938f2faa29#dossier,https://www.wis-tns.org/object/2026xhi,,,,,,,
AT2025amxx,SIDEREAL,7.36176716018,7.62598363384,2000.0,9ea6d79f-c0ab-4594-8f6e-4318a752e2be,53.23,Unclassified,electromagnetic,https://jackmcguireastro.github.io/ctas.html?event=9ea6d79f-c0ab-4594-8f6e-4318a752e2be#dossier,https://www.wis-tns.org/object/2025amxx,,,,,,,
AT2025amxy,SIDEREAL,16.0577787536,-25.8090758809,2000.0,51016bcd-fcdd-4462-b25b-62a536635a19,55.75,Unclassified,electromagnetic,https://jackmcguireastro.github.io/ctas.html?event=51016bcd-fcdd-4462-b25b-62a536635a19#dossier,https://www.wis-tns.org/object/2025amxy,,,,,,,
AT2026xhj,SIDEREAL,1.01378230224,10.6198417845,2000.0,8654f895-7e81-4491-8459-c96fca116f0a,52.83,Unclassified,electromagnetic,https://jackmcguireastro.github.io/ctas.html?event=8654f895-7e81-4491-8459-c96fca116f0a#dossier,https://www.wis-tns.org/object/2026xhj,,,,,,,
AT2026xhk,SIDEREAL,338.987310561,25.0974875017,2000.0,983ec50f-d6f6-4efe-ad18-42b771468aa8,55.4,Unclassified,electromagnetic,https://jackmcguireastro.github.io/ctas.html?event=983ec50f-d6f6-4efe-ad18-42b771468aa8#dossier,https://www.wis-tns.org/object/2026xhk,,,,,,,
AT2026xhl,SIDEREAL,80.6241046404,-12.055300184,2000.0,16854d94-62e7-4639-bcc7-8c7c43a90e02,55.92,Unclassified,electromagnetic,https://jackmcguireastro.github.io/ctas.html?event=16854d94-62e7-4639-bcc7-8c7c43a90e02#dossier,https://www.wis-tns.org/object/2026xhl,,,,,,,
AT2026xhm,SIDEREAL,226.962009392,-7.60017913907,2000.0,831d8edd-cbf4-482b-abc8-50ca880ee1ab,53.57,Unclassified,electromagnetic,https://jackmcguireastro.github.io/ctas.html?event=831d8edd-cbf4-482b-abc8-50ca880ee1ab#dossier,https://www.wis-tns.org/object/2026xhm,,,,,,,
AT2025amxz,SIDEREAL,84.6049997536,-28.8616809549,2000.0,3016f0ff-8e27-41bb-9223-0196dec95755,54.23,Unclassified,electromagnetic,https://jackmcguireastro.github.io/ctas.html?event=3016f0ff-8e27-41bb-9223-0196dec95755#dossier,https://www.wis-tns.org/object/2025amxz,,,,,,,
AT2026xhn,SIDEREAL,182.564497774,-1.29240721113,2000.0,7cf8f459-7f7a-4ceb-adf9-1070058450f2,54.98,Unclassified,electromagnetic,https://jackmcguireastro.github.io/ctas.html?event=7cf8f459-7f7a-4ceb-adf9-1070058450f2#dossier,https://www.wis-tns.org/object/2026xhn,,,,,,,
AT2026xho,SIDEREAL,177.523467629,-5.46517816709,2000.0,cccbecc7-e315-4f80-8ccf-34f661439be2,54.48,Unclassified,electromagnetic,https://jackmcguireastro.github.io/ctas.html?event=cccbecc7-e315-4f80-8ccf-34f661439be2#dossier,https://www.wis-tns.org/object/2026xho,,,,,,,
AT2025amya,SIDEREAL,30.3592044349,-39.7598341365,2000.0,3989881a-d1fc-4cca-8df9-9509afb46e9e,59.95,Unclassified,electromagnetic,https://jackmcguireastro.github.io/ctas.html?event=3989881a-d1fc-4cca-8df9-9509afb46e9e#dossier,https://www.wis-tns.org/object/2025amya,,,,,,,
AT2026xhp,SIDEREAL,234.692283305,-0.906130715542,2000.0,d391da95-3431-46b8-ab80-b5e783c0b920,55.12,Unclassified,electromagnetic,https://jackmcguireastro.github.io/ctas.html?event=d391da95-3431-46b8-ab80-b5e783c0b920#dossier,https://www.wis-tns.org/object/2026xhp,,,,,,,
AT2026xhq,SIDEREAL,215.712012619,-4.60587594895,2000.0,88cf7a30-9b99-405d-9ced-351e4ee09576,54.08,Unclassified,electromagnetic,https://jackmcguireastro.github.io/ctas.html?event=88cf7a30-9b99-405d-9ced-351e4ee09576#dossier,https://www.wis-tns.org/object/2026xhq,,,,,,,
AT2026xhr,SIDEREAL,224.125706915,-23.5383706738,2000.0,aa7749b5-26c0-4871-84d0-94030d08cef0,54.48,Unclassified,electromagnetic,https://jackmcguireastro.github.io/ctas.html?event=aa7749b5-26c0-4871-84d0-94030d08cef0#dossier,https://www.wis-tns.org/object/2026xhr,,,,,,,
AT2026xhs,SIDEREAL,194.59459724,24.9296736834,2000.0,66eed4e9-d071-4344-bc5f-d6414e6cfd26,53.55,Unclassified,electromagnetic,https://jackmcguireastro.github.io/ctas.html?event=66eed4e9-d071-4344-bc5f-d6414e6cfd26#dossier,https://www.wis-tns.org/object/2026xhs,,,,,,,
AT2026xht,SIDEREAL,223.50420521,20.0728090395,2000.0,1fefa0e8-82c6-4f26-8dca-7734a4fe45b8,56.85,Unclassified,electromagnetic,https://jackmcguireastro.github.io/ctas.html?event=1fefa0e8-82c6-4f26-8dca-7734a4fe45b8#dossier,https://www.wis-tns.org/object/2026xht,,,,,,,
AT2025amyb,SIDEREAL,11.4613269067,20.9442599021,2000.0,c8158fd9-4ae0-4a83-913b-d57730d6d765,53.33,Unclassified,electromagnetic,https://jackmcguireastro.github.io/ctas.html?event=c8158fd9-4ae0-4a83-913b-d57730d6d765#dossier,https://www.wis-tns.org/object/2025amyb,,,,,,,
AT2026xhu,SIDEREAL,337.36446539,-38.1737301169,2000.0,1f7c58de-880c-413a-91b7-d285890abe52,54.58,Unclassified,electromagnetic,https://jackmcguireastro.github.io/ctas.html?event=1f7c58de-880c-413a-91b7-d285890abe52#dossier,https://www.wis-tns.org/object/2026xhu,,,,,,,
AT2026xhv,SIDEREAL,148.492799481,-3.20638708551,2000.0,f49e1e65-d0a8-4ef2-ab67-5ee9a7506494,54.5,Unclassified,electromagnetic,https://jackmcguireastro.github.io/ctas.html?event=f49e1e65-d0a8-4ef2-ab67-5ee9a7506494#dossier,https://www.wis-tns.org/object/2026xhv,,,,,,,
AT2026xhw,SIDEREAL,157.043495292,48.3161562876,2000.0,345d0f9f-7fd1-4a7c-b20e-c6277b472f27,57.8,Unclassified,electromagnetic,https://jackmcguireastro.github.io/ctas.html?event=345d0f9f-7fd1-4a7c-b20e-c6277b472f27#dossier,https://www.wis-tns.org/object/2026xhw,,,,,,,
AT2026xhx,SIDEREAL,344.524326622,11.483979724,2000.0,cde09bb6-7cb6-4572-9ee3-e349d2c3f75c,53.97,Unclassified,electromagnetic,https://jackmcguireastro.github.io/ctas.html?event=cde09bb6-7cb6-4572-9ee3-e349d2c3f75c#dossier,https://www.wis-tns.org/object/2026xhx,,,,,,,
AT2026xhy,SIDEREAL,282.885959866,48.6164045297,2000.0,b304e333-e18b-4306-a4f1-635e21cf1274,54.12,Unclassified,electromagnetic,https://jackmcguireastro.github.io/ctas.html?event=b304e333-e18b-4306-a4f1-635e21cf1274#dossier,https://www.wis-tns.org/object/2026xhy,,,,,,,
AT2025amyc,SIDEREAL,56.3653651775,-3.68140305006,2000.0,87fad320-f25e-4b18-adcc-e3a08f1be2f1,52.27,Unclassified,electromagnetic,https://jackmcguireastro.github.io/ctas.html?event=87fad320-f25e-4b18-adcc-e3a08f1be2f1#dossier,https://www.wis-tns.org/object/2025amyc,,,,,,,
AT2026xhz,SIDEREAL,193.287132747,-9.4743904531,2000.0,bf85185f-61f1-4d5d-b1a2-76e6099abef7,54.6,Unclassified,electromagnetic,https://jackmcguireastro.github.io/ctas.html?event=bf85185f-61f1-4d5d-b1a2-76e6099abef7#dossier,https://www.wis-tns.org/object/2026xhz,,,,,,,
AT2026xia,SIDEREAL,359.130195039,15.447071077,2000.0,15bdec95-e4a0-4327-9846-e7b32fa5dd1a,54.08,Unclassified,electromagnetic,https://jackmcguireastro.github.io/ctas.html?event=15bdec95-e4a0-4327-9846-e7b32fa5dd1a#dossier,https://www.wis-tns.org/object/2026xia,,,,,,,
AT2025amyd,SIDEREAL,78.0512906312,1.23780645538,2000.0,0bdfc169-ea13-488d-9a07-d9a8eb93242e,51.75,Unclassified,electromagnetic,https://jackmcguireastro.github.io/ctas.html?event=0bdfc169-ea13-488d-9a07-d9a8eb93242e#dossier,https://www.wis-tns.org/object/2025amyd,,,,,,,
AT2026xib,SIDEREAL,260.73454013,26.3886715183,2000.0,eab40419-55f9-4817-9e9e-ef3c5305a065,54.9,Unclassified,electromagnetic,https://jackmcguireastro.github.io/ctas.html?event=eab40419-55f9-4817-9e9e-ef3c5305a065#dossier,https://www.wis-tns.org/object/2026xib,,,,,,,
AT2026xic,SIDEREAL,57.3774579164,-30.1009067382,2000.0,ccda739c-5560-41ed-b42d-0d638b1fc7f6,52.27,Unclassified,electromagnetic,https://jackmcguireastro.github.io/ctas.html?event=ccda739c-5560-41ed-b42d-0d638b1fc7f6#dossier,https://www.wis-tns.org/object/2026xic,,,,,,,
AT2026xid,SIDEREAL,221.537886126,20.6936954246,2000.0,5f6ed8d0-462e-42e6-b657-7c27da46fa49,53.88,Unclassified,electromagnetic,https://jackmcguireastro.github.io/ctas.html?event=5f6ed8d0-462e-42e6-b657-7c27da46fa49#dossier,https://www.wis-tns.org/object/2026xid,,,,,,,
AT2026xie,SIDEREAL,319.91223465,-27.5259616407,2000.0,3779d910-7b3a-4e9d-a39f-7b3aa4bdaf69,53.6,Unclassified,electromagnetic,https://jackmcguireastro.github.io/ctas.html?event=3779d910-7b3a-4e9d-a39f-7b3aa4bdaf69#dossier,https://www.wis-tns.org/object/2026xie,,,,,,,
AT2026xif,SIDEREAL,246.440418416,10.6416837729,2000.0,7f2f1bab-71b7-48e4-a9c8-e7373f9261c8,53.4,Unclassified,electromagnetic,https://jackmcguireastro.github.io/ctas.html?event=7f2f1bab-71b7-48e4-a9c8-e7373f9261c8#dossier,https://www.wis-tns.org/object/2026xif,,,,,,,
AT2026xig,SIDEREAL,205.489260337,-10.678804017,2000.0,1eefc21e-8426-4e1c-8f47-9e30916b8438,54.77,Unclassified,electromagnetic,https://jackmcguireastro.github.io/ctas.html?event=1eefc21e-8426-4e1c-8f47-9e30916b8438#dossier,https://www.wis-tns.org/object/2026xig,,,,,,,
AT2026xih,SIDEREAL,166.4689947,-7.37792104213,2000.0,5eb52c9e-822c-4a19-8571-1e4c561ec3e3,54.0,Unclassified,electromagnetic,https://jackmcguireastro.github.io/ctas.html?event=5eb52c9e-822c-4a19-8571-1e4c561ec3e3#dossier,https://www.wis-tns.org/object/2026xih,,,,,,,
AT2025amye,SIDEREAL,136.221182228,12.5109001496,2000.0,607cd179-31b2-4b21-a634-84bacc02c6c3,52.67,Unclassified,electromagnetic,https://jackmcguireastro.github.io/ctas.html?event=607cd179-31b2-4b21-a634-84bacc02c6c3#dossier,https://www.wis-tns.org/object/2025amye,,,,,,,
AT2026xii,SIDEREAL,135.315283302,-5.99114809759,2000.0,6b5bc50d-0dba-434f-b0fd-d2d997ccdf21,51.27,Unclassified,electromagnetic,https://jackmcguireastro.github.io/ctas.html?event=6b5bc50d-0dba-434f-b0fd-d2d997ccdf21#dossier,https://www.wis-tns.org/object/2026xii,,,,,,,
AT2026xij,SIDEREAL,300.375312512,-26.7699834411,2000.0,cea318b0-a410-40e3-8253-10b5039ade96,54.8,Unclassified,electromagnetic,https://jackmcguireastro.github.io/ctas.html?event=cea318b0-a410-40e3-8253-10b5039ade96#dossier,https://www.wis-tns.org/object/2026xij,,,,,,,
AT2026xik,SIDEREAL,194.304806315,26.9888635796,2000.0,4d1b639e-78a1-4d32-84ed-af8d0188e2ae,54.35,Unclassified,electromagnetic,https://jackmcguireastro.github.io/ctas.html?event=4d1b639e-78a1-4d32-84ed-af8d0188e2ae#dossier,https://www.wis-tns.org/object/2026xik,,,,,,,
AT2026xil,SIDEREAL,176.135188655,-22.7641653515,2000.0,abd37474-7c0a-4cdb-9e82-87d2011dc792,52.83,Unclassified,electromagnetic,https://jackmcguireastro.github.io/ctas.html?event=abd37474-7c0a-4cdb-9e82-87d2011dc792#dossier,https://www.wis-tns.org/object/2026xil,,,,,,,
AT2026xim,SIDEREAL,177.367365468,41.7580087853,2000.0,0e5fdea4-062a-49c8-bcf1-175bd6ff9103,55.05,Unclassified,electromagnetic,https://jackmcguireastro.github.io/ctas.html?event=0e5fdea4-062a-49c8-bcf1-175bd6ff9103#dossier,https://www.wis-tns.org/object/2026xim,,,,,,,
AT2026xin,SIDEREAL,4.11974046261,28.7713442855,2000.0,ac0472c4-cc77-4c0c-bc0f-16ed1a9f9a60,52.72,Unclassified,electromagnetic,https://jackmcguireastro.github.io/ctas.html?event=ac0472c4-cc77-4c0c-bc0f-16ed1a9f9a60#dossier,https://www.wis-tns.org/object/2026xin,,,,,,,
AT2025amyf,SIDEREAL,60.7931380093,15.3985062702,2000.0,b0aa73b0-a0f3-403b-822e-2339c442e896,53.25,Unclassified,electromagnetic,https://jackmcguireastro.github.io/ctas.html?event=b0aa73b0-a0f3-403b-822e-2339c442e896#dossier,https://www.wis-tns.org/object/2025amyf,,,,,,,
AT2026xio,SIDEREAL,183.137513743,-29.7473054126,2000.0,ec4914c7-8656-441b-b274-6dae77a3ca73,54.12,Unclassified,electromagnetic,https://jackmcguireastro.github.io/ctas.html?event=ec4914c7-8656-441b-b274-6dae77a3ca73#dossier,https://www.wis-tns.org/object/2026xio,,,,,,,
AT2026xip,SIDEREAL,178.562243931,1.63641523869,2000.0,4bd4c163-b49c-4daf-87be-30d33ca9ae36,54.85,Unclassified,electromagnetic,https://jackmcguireastro.github.io/ctas.html?event=4bd4c163-b49c-4daf-87be-30d33ca9ae36#dossier,https://www.wis-tns.org/object/2026xip,,,,,,,
AT2026xiq,SIDEREAL,350.432534038,-4.74120431683,2000.0,40445338-666a-40ac-adcd-59ece835b7ff,52.78,Unclassified,electromagnetic,https://jackmcguireastro.github.io/ctas.html?event=40445338-666a-40ac-adcd-59ece835b7ff#dossier,https://www.wis-tns.org/object/2026xiq,,,,,,,
AT2026xir,SIDEREAL,250.796015506,47.9862715913,2000.0,d54fde31-4345-491c-8509-2d9032cd25cd,52.32,Unclassified,electromagnetic,https://jackmcguireastro.github.io/ctas.html?event=d54fde31-4345-491c-8509-2d9032cd25cd#dossier,https://www.wis-tns.org/object/2026xir,,,,,,,
AT2026xis,SIDEREAL,239.986989072,0.503968356007,2000.0,0acbb146-1d5a-4cd7-98e1-d952a4353a1f,54.82,Unclassified,electromagnetic,https://jackmcguireastro.github.io/ctas.html?event=0acbb146-1d5a-4cd7-98e1-d952a4353a1f#dossier,https://www.wis-tns.org/object/2026xis,,,,,,,
AT2026xit,SIDEREAL,249.05692788,22.6547726306,2000.0,4c852e51-432b-426f-90ce-4a684551a39e,54.9,Unclassified,electromagnetic,https://jackmcguireastro.github.io/ctas.html?event=4c852e51-432b-426f-90ce-4a684551a39e#dossier,https://www.wis-tns.org/object/2026xit,,,,,,,
AT2026xiu,SIDEREAL,345.563827614,-23.0924994524,2000.0,9e4634f2-5bd2-478a-9e80-30042bafcfad,56.53,Unclassified,electromagnetic,https://jackmcguireastro.github.io/ctas.html?event=9e4634f2-5bd2-478a-9e80-30042bafcfad#dossier,https://www.wis-tns.org/object/2026xiu,,,,,,,
AT2026xiv,SIDEREAL,224.783466291,47.9397188732,2000.0,d789688a-b028-45a8-aafd-447334177940,54.95,Unclassified,electromagnetic,https://jackmcguireastro.github.io/ctas.html?event=d789688a-b028-45a8-aafd-447334177940#dossier,https://www.wis-tns.org/object/2026xiv,,,,,,,
AT2026xiw,SIDEREAL,160.04943616,-8.49246223446,2000.0,9f680e32-b37a-46b6-b444-2d59ca6e035f,54.12,Unclassified,electromagnetic,https://jackmcguireastro.github.io/ctas.html?event=9f680e32-b37a-46b6-b444-2d59ca6e035f#dossier,https://www.wis-tns.org/object/2026xiw,,,,,,,
AT2026xix,SIDEREAL,344.878983083,22.7117576009,2000.0,85f47e8e-ed7a-426f-8327-5f17763754c3,54.25,Unclassified,electromagnetic,https://jackmcguireastro.github.io/ctas.html?event=85f47e8e-ed7a-426f-8327-5f17763754c3#dossier,https://www.wis-tns.org/object/2026xix,,,,,,,
AT2025amyg,SIDEREAL,49.9621942419,-27.0977865179,2000.0,7b6e830c-3bcf-447c-bbe7-da4f78dadd3d,54.45,Unclassified,electromagnetic,https://jackmcguireastro.github.io/ctas.html?event=7b6e830c-3bcf-447c-bbe7-da4f78dadd3d#dossier,https://www.wis-tns.org/object/2025amyg,,,,,,,
AT2026uwq,SIDEREAL,309.828722983,-2.06874659937,2000.0,2e51d4c3-9789-4bc5-8c27-11e1e99452d9,56.1,Unclassified,electromagnetic,https://jackmcguireastro.github.io/ctas.html?event=2e51d4c3-9789-4bc5-8c27-11e1e99452d9#dossier,https://www.wis-tns.org/object/2026uwq,,,,,,,
SN2026uyd,SIDEREAL,304.3498693,-1.64086935057,2000.0,79df9a44-82b3-456d-ad81-8cb53b1f4f70,42.31,SN II,electromagnetic,https://jackmcguireastro.github.io/ctas.html?event=79df9a44-82b3-456d-ad81-8cb53b1f4f70#dossier,https://www.wis-tns.org/object/2026uyd,,,,,,,
AT2026xcr,SIDEREAL,313.824086535,-5.64937108773,2000.0,0d241c5f-a472-446a-913f-798acd18e24a,74.97,Unclassified,electromagnetic,https://jackmcguireastro.github.io/ctas.html?event=0d241c5f-a472-446a-913f-798acd18e24a#dossier,https://www.wis-tns.org/object/2026xcr,,,,,,,
AT2026xcw,SIDEREAL,306.283404508,-2.72753167586,2000.0,9fc70719-0f6a-4add-83bf-df58210f6c2c,65.8,Unclassified,electromagnetic,https://jackmcguireastro.github.io/ctas.html?event=9fc70719-0f6a-4add-83bf-df58210f6c2c#dossier,https://www.wis-tns.org/object/2026xcw,,,,,,,
AT2026wrd,SIDEREAL,225.74603639,16.5796297761,2000.0,ce9ae9a7-e904-4fa8-badb-c18c7347c2a0,55.15,Unclassified,electromagnetic,https://jackmcguireastro.github.io/ctas.html?event=ce9ae9a7-e904-4fa8-badb-c18c7347c2a0#dossier,https://www.wis-tns.org/object/2026wrd,,,,,,,
AT2026xcy,SIDEREAL,329.692644361,33.7517061898,2000.0,fab32c0b-865e-4e3b-9d14-c4e5d4d24405,68.15,Unclassified,electromagnetic,https://jackmcguireastro.github.io/ctas.html?event=fab32c0b-865e-4e3b-9d14-c4e5d4d24405#dossier,https://www.wis-tns.org/object/2026xcy,,,,,,,
AT2026xcz,SIDEREAL,328.249144638,28.0665056793,2000.0,3096d332-76f0-42c5-bc36-60b2ae65a411,70.38,Unclassified,electromagnetic,https://jackmcguireastro.github.io/ctas.html?event=3096d332-76f0-42c5-bc36-60b2ae65a411#dossier,https://www.wis-tns.org/object/2026xcz,,,,,,,
AT2026vfy,SIDEREAL,330.192075375,-27.1609900434,2000.0,1801050a-f746-49d2-a5b8-512ee6dbea82,56.82,Unclassified,electromagnetic,https://jackmcguireastro.github.io/ctas.html?event=1801050a-f746-49d2-a5b8-512ee6dbea82#dossier,https://www.wis-tns.org/object/2026vfy,,,,,,,
AT2025amxd,SIDEREAL,120.735981226,-0.0880989500492,2000.0,827ef4ec-2d9e-4dc6-a280-9f4c110c6d5e,53.8,Unclassified,electromagnetic,https://jackmcguireastro.github.io/ctas.html?event=827ef4ec-2d9e-4dc6-a280-9f4c110c6d5e#dossier,https://www.wis-tns.org/object/2025amxd,,,,,,,
AT2026xda,SIDEREAL,321.649150093,-0.00189037944701,2000.0,a5b5b044-f71d-4fa9-9026-556d5d7db38d,52.78,Unclassified,electromagnetic,https://jackmcguireastro.github.io/ctas.html?event=a5b5b044-f71d-4fa9-9026-556d5d7db38d#dossier,https://www.wis-tns.org/object/2026xda,,,,,,,
AT2026xdb,SIDEREAL,0.741646862295,2.74320735631,2000.0,83e644bc-3046-4b1a-9648-300038655f98,52.3,Unclassified,electromagnetic,https://jackmcguireastro.github.io/ctas.html?event=83e644bc-3046-4b1a-9648-300038655f98#dossier,https://www.wis-tns.org/object/2026xdb,,,,,,,
AT2026xdc,SIDEREAL,151.949933884,5.47916537893,2000.0,bb3f638f-024a-4bcb-86f0-27deba4277dc,51.05,Unclassified,electromagnetic,https://jackmcguireastro.github.io/ctas.html?event=bb3f638f-024a-4bcb-86f0-27deba4277dc#dossier,https://www.wis-tns.org/object/2026xdc,,,,,,,
AT2026xdd,SIDEREAL,224.079831092,18.5467928306,2000.0,95a33db8-75a1-4a55-bef8-1ab626b3b893,53.57,Unclassified,electromagnetic,https://jackmcguireastro.github.io/ctas.html?event=95a33db8-75a1-4a55-bef8-1ab626b3b893#dossier,https://www.wis-tns.org/object/2026xdd,,,,,,,
AT2026xde,SIDEREAL,181.897672575,33.104998702,2000.0,b6d66e6a-24d8-4e44-b259-afd545a23e77,54.0,Unclassified,electromagnetic,https://jackmcguireastro.github.io/ctas.html?event=b6d66e6a-24d8-4e44-b259-afd545a23e77#dossier,https://www.wis-tns.org/object/2026xde,,,,,,,
AT2026xdf,SIDEREAL,167.466015538,30.8485331144,2000.0,7bca5159-a2ad-46ef-a154-0b2c3d479649,54.05,Unclassified,electromagnetic,https://jackmcguireastro.github.io/ctas.html?event=7bca5159-a2ad-46ef-a154-0b2c3d479649#dossier,https://www.wis-tns.org/object/2026xdf,,,,,,,
AT2026xdg,SIDEREAL,210.659991169,10.3448022367,2000.0,b898c993-685d-4771-b6f7-abbd5d232b42,54.75,Unclassified,electromagnetic,https://jackmcguireastro.github.io/ctas.html?event=b898c993-685d-4771-b6f7-abbd5d232b42#dossier,https://www.wis-tns.org/object/2026xdg,,,,,,,
AT2025amxe,SIDEREAL,349.252862569,6.99536364854,2000.0,fad6eb58-d450-4433-bac1-be81d3719b75,53.68,Unclassified,electromagnetic,https://jackmcguireastro.github.io/ctas.html?event=fad6eb58-d450-4433-bac1-be81d3719b75#dossier,https://www.wis-tns.org/object/2025amxe,,,,,,,
AT2026xdh,SIDEREAL,236.340508115,-10.9279534497,2000.0,542d0884-4322-4344-a400-a87572c496cf,54.2,Unclassified,electromagnetic,https://jackmcguireastro.github.io/ctas.html?event=542d0884-4322-4344-a400-a87572c496cf#dossier,https://www.wis-tns.org/object/2026xdh,,,,,,,
AT2026xdi,SIDEREAL,197.781828834,-32.8415834671,2000.0,31bb83c4-98a6-430c-91b0-80f347dfba13,56.23,Unclassified,electromagnetic,https://jackmcguireastro.github.io/ctas.html?event=31bb83c4-98a6-430c-91b0-80f347dfba13#dossier,https://www.wis-tns.org/object/2026xdi,,,,,,,
AT2026xdj,SIDEREAL,221.113516005,13.1913679282,2000.0,8dd374c5-c5ff-4901-b309-f4f1557dd982,54.3,Unclassified,electromagnetic,https://jackmcguireastro.github.io/ctas.html?event=8dd374c5-c5ff-4901-b309-f4f1557dd982#dossier,https://www.wis-tns.org/object/2026xdj,,,,,,,
AT2025amxf,SIDEREAL,141.523939294,-3.6534772861,2000.0,251ff7f8-896c-44e1-878c-f8d48c996f2f,53.15,Unclassified,electromagnetic,https://jackmcguireastro.github.io/ctas.html?event=251ff7f8-896c-44e1-878c-f8d48c996f2f#dossier,https://www.wis-tns.org/object/2025amxf,,,,,,,
AT2026xdk,SIDEREAL,327.08501909,3.71675933723,2000.0,8d6d4e58-cbab-4f4c-8b4f-42aae8984bae,53.28,Unclassified,electromagnetic,https://jackmcguireastro.github.io/ctas.html?event=8d6d4e58-cbab-4f4c-8b4f-42aae8984bae#dossier,https://www.wis-tns.org/object/2026xdk,,,,,,,
AT2026xdl,SIDEREAL,200.260954778,10.1934963375,2000.0,977d5348-fb3e-4335-8fe6-87eb0876b82a,53.33,Unclassified,electromagnetic,https://jackmcguireastro.github.io/ctas.html?event=977d5348-fb3e-4335-8fe6-87eb0876b82a#dossier,https://www.wis-tns.org/object/2026xdl,,,,,,,
AT2026xdm,SIDEREAL,36.6136106747,6.76317430362,2000.0,91a2f848-7fd7-45ac-98eb-d6fcfaa0d387,55.08,Unclassified,electromagnetic,https://jackmcguireastro.github.io/ctas.html?event=91a2f848-7fd7-45ac-98eb-d6fcfaa0d387#dossier,https://www.wis-tns.org/object/2026xdm,,,,,,,
AT2026xdn,SIDEREAL,40.8688059078,10.4634841045,2000.0,fe710950-856b-468a-89f1-ffeb26c6d70f,55.2,Unclassified,electromagnetic,https://jackmcguireastro.github.io/ctas.html?event=fe710950-856b-468a-89f1-ffeb26c6d70f#dossier,https://www.wis-tns.org/object/2026xdn,,,,,,,
AT2026xdo,SIDEREAL,189.721388181,47.0699831389,2000.0,41307963-afed-40ed-a36b-dd52102b258e,53.1,Unclassified,electromagnetic,https://jackmcguireastro.github.io/ctas.html?event=41307963-afed-40ed-a36b-dd52102b258e#dossier,https://www.wis-tns.org/object/2026xdo,,,,,,,
AT2026xdp,SIDEREAL,227.629882922,37.6441912143,2000.0,58dae52c-5006-4bb0-9c32-1c1127537d66,54.75,Unclassified,electromagnetic,https://jackmcguireastro.github.io/ctas.html?event=58dae52c-5006-4bb0-9c32-1c1127537d66#dossier,https://www.wis-tns.org/object/2026xdp,,,,,,,
AT2026xdq,SIDEREAL,72.9265380958,-15.3306957902,2000.0,4a0cd459-df84-4790-9b96-9eba651aa346,52.55,Unclassified,electromagnetic,https://jackmcguireastro.github.io/ctas.html?event=4a0cd459-df84-4790-9b96-9eba651aa346#dossier,https://www.wis-tns.org/object/2026xdq,,,,,,,
AT2026xdr,SIDEREAL,150.531470046,-4.73584145587,2000.0,b52ebf38-096c-41c4-8f5e-334abb1e3455,53.0,Unclassified,electromagnetic,https://jackmcguireastro.github.io/ctas.html?event=b52ebf38-096c-41c4-8f5e-334abb1e3455#dossier,https://www.wis-tns.org/object/2026xdr,,,,,,,
AT2026xds,SIDEREAL,215.131765632,-26.4332516961,2000.0,1d61dd83-1f64-4e2a-ad0b-a7f40bc856f4,54.98,Unclassified,electromagnetic,https://jackmcguireastro.github.io/ctas.html?event=1d61dd83-1f64-4e2a-ad0b-a7f40bc856f4#dossier,https://www.wis-tns.org/object/2026xds,,,,,,,
AT2026xdt,SIDEREAL,334.471277815,24.5419478061,2000.0,9419a734-a46a-4fcf-a4ef-bd01cbabd5b3,53.77,Unclassified,electromagnetic,https://jackmcguireastro.github.io/ctas.html?event=9419a734-a46a-4fcf-a4ef-bd01cbabd5b3#dossier,https://www.wis-tns.org/object/2026xdt,,,,,,,
AT2025amxg,SIDEREAL,0.186959589377,-26.2076905839,2000.0,ba396929-a15c-44d5-894e-abaff6917de9,55.65,Unclassified,electromagnetic,https://jackmcguireastro.github.io/ctas.html?event=ba396929-a15c-44d5-894e-abaff6917de9#dossier,https://www.wis-tns.org/object/2025amxg,,,,,,,
AT2025amxh,SIDEREAL,109.897619347,19.0030198898,2000.0,e9d90c14-14a1-4486-92e2-0d25e01d0ce8,52.4,Unclassified,electromagnetic,https://jackmcguireastro.github.io/ctas.html?event=e9d90c14-14a1-4486-92e2-0d25e01d0ce8#dossier,https://www.wis-tns.org/object/2025amxh,,,,,,,
AT2026xdu,SIDEREAL,236.871198018,20.0768543239,2000.0,395685cb-6cc9-472a-b7aa-7af0ee038d49,54.05,Unclassified,electromagnetic,https://jackmcguireastro.github.io/ctas.html?event=395685cb-6cc9-472a-b7aa-7af0ee038d49#dossier,https://www.wis-tns.org/object/2026xdu,,,,,,,
AT2026xdv,SIDEREAL,80.1556114051,-17.0842822417,2000.0,251c2fd3-a756-41d8-b2fa-ee7d39aa6635,54.95,Unclassified,electromagnetic,https://jackmcguireastro.github.io/ctas.html?event=251c2fd3-a756-41d8-b2fa-ee7d39aa6635#dossier,https://www.wis-tns.org/object/2026xdv,,,,,,,
AT2026xdw,SIDEREAL,47.5516344787,9.07585256448,2000.0,61d1839c-65dc-4e1f-bee0-4c181514158f,55.57,Unclassified,electromagnetic,https://jackmcguireastro.github.io/ctas.html?event=61d1839c-65dc-4e1f-bee0-4c181514158f#dossier,https://www.wis-tns.org/object/2026xdw,,,,,,,
AT2026xdx,SIDEREAL,205.25678224,-8.90694436809,2000.0,78f6c0af-bdc3-4240-b35a-1cabda5ab42d,53.65,Unclassified,electromagnetic,https://jackmcguireastro.github.io/ctas.html?event=78f6c0af-bdc3-4240-b35a-1cabda5ab42d#dossier,https://www.wis-tns.org/object/2026xdx,,,,,,,
AT2026xdy,SIDEREAL,128.30302966,-12.2330141489,2000.0,98fb2196-c827-43ca-9715-80e3c7c2af36,54.45,Unclassified,electromagnetic,https://jackmcguireastro.github.io/ctas.html?event=98fb2196-c827-43ca-9715-80e3c7c2af36#dossier,https://www.wis-tns.org/object/2026xdy,,,,,,,
AT2026xdz,SIDEREAL,194.5416633,24.0821627032,2000.0,7a468ea2-24a6-4b79-a5d3-9a740b7560a2,55.0,Unclassified,electromagnetic,https://jackmcguireastro.github.io/ctas.html?event=7a468ea2-24a6-4b79-a5d3-9a740b7560a2#dossier,https://www.wis-tns.org/object/2026xdz,,,,,,,
AT2026xea,SIDEREAL,183.439843692,2.81056556794,2000.0,42ceaa1a-6a4d-4c68-a3f0-78fb565071d5,54.25,Unclassified,electromagnetic,https://jackmcguireastro.github.io/ctas.html?event=42ceaa1a-6a4d-4c68-a3f0-78fb565071d5#dossier,https://www.wis-tns.org/object/2026xea,,,,,,,
AT2026xeb,SIDEREAL,110.633982885,24.0833151591,2000.0,75113435-2913-4e4b-aaae-a7d89d9414e5,53.62,Unclassified,electromagnetic,https://jackmcguireastro.github.io/ctas.html?event=75113435-2913-4e4b-aaae-a7d89d9414e5#dossier,https://www.wis-tns.org/object/2026xeb,,,,,,,
AT2026xec,SIDEREAL,137.207049319,-3.70365367881,2000.0,f7fbcfe5-fb08-4508-ab14-e089db27922c,53.07,Unclassified,electromagnetic,https://jackmcguireastro.github.io/ctas.html?event=f7fbcfe5-fb08-4508-ab14-e089db27922c#dossier,https://www.wis-tns.org/object/2026xec,,,,,,,
AT2026xed,SIDEREAL,335.092387267,14.8677836836,2000.0,b18cd4bd-b4ec-4b7d-b799-03ecbc53b17b,54.48,Unclassified,electromagnetic,https://jackmcguireastro.github.io/ctas.html?event=b18cd4bd-b4ec-4b7d-b799-03ecbc53b17b#dossier,https://www.wis-tns.org/object/2026xed,,,,,,,
AT2026xee,SIDEREAL,111.069769611,38.2414437324,2000.0,95157741-e1d2-4c8a-980c-765c25fa04a8,55.42,Unclassified,electromagnetic,https://jackmcguireastro.github.io/ctas.html?event=95157741-e1d2-4c8a-980c-765c25fa04a8#dossier,https://www.wis-tns.org/object/2026xee,,,,,,,
AT2026xef,SIDEREAL,180.626950197,-7.92266647104,2000.0,b7f77212-6232-44fb-9f63-c7a8c29846ab,55.15,Unclassified,electromagnetic,https://jackmcguireastro.github.io/ctas.html?event=b7f77212-6232-44fb-9f63-c7a8c29846ab#dossier,https://www.wis-tns.org/object/2026xef,,,,,,,
AT2025amxi,SIDEREAL,60.1765852314,-32.8429316174,2000.0,94536b52-0634-405f-8458-835d059d4449,55.38,Unclassified,electromagnetic,https://jackmcguireastro.github.io/ctas.html?event=94536b52-0634-405f-8458-835d059d4449#dossier,https://www.wis-tns.org/object/2025amxi,,,,,,,
AT2026xeg,SIDEREAL,169.018917205,54.4656264176,2000.0,5c85e433-4e26-4433-a6c3-c28ddd0f6deb,53.3,Unclassified,electromagnetic,https://jackmcguireastro.github.io/ctas.html?event=5c85e433-4e26-4433-a6c3-c28ddd0f6deb#dossier,https://www.wis-tns.org/object/2026xeg,,,,,,,
AT2025amxj,SIDEREAL,9.36195504158,3.74988440524,2000.0,a47b9fa2-178a-4b2f-a7b0-1e3c06540806,55.73,Unclassified,electromagnetic,https://jackmcguireastro.github.io/ctas.html?event=a47b9fa2-178a-4b2f-a7b0-1e3c06540806#dossier,https://www.wis-tns.org/object/2025amxj,,,,,,,
AT2026xeh,SIDEREAL,69.8265754344,-19.8950821213,2000.0,6025b552-63cf-432c-83e5-9e0ac23d065e,53.95,Unclassified,electromagnetic,https://jackmcguireastro.github.io/ctas.html?event=6025b552-63cf-432c-83e5-9e0ac23d065e#dossier,https://www.wis-tns.org/object/2026xeh,,,,,,,
AT2026xei,SIDEREAL,318.644634233,-3.36201542618,2000.0,27633d19-4977-450f-aaff-f7b2372bd460,52.58,Unclassified,electromagnetic,https://jackmcguireastro.github.io/ctas.html?event=27633d19-4977-450f-aaff-f7b2372bd460#dossier,https://www.wis-tns.org/object/2026xei,,,,,,,
AT2026xej,SIDEREAL,92.5504428387,-4.54366776186,2000.0,73a45d9d-482a-4243-b8da-b05f6659c69a,56.4,Unclassified,electromagnetic,https://jackmcguireastro.github.io/ctas.html?event=73a45d9d-482a-4243-b8da-b05f6659c69a#dossier,https://www.wis-tns.org/object/2026xej,,,,,,,
AT2026xek,SIDEREAL,205.258788699,32.0726476949,2000.0,9757c39d-47da-46cb-95be-b8e5d6f0aa7f,53.47,Unclassified,electromagnetic,https://jackmcguireastro.github.io/ctas.html?event=9757c39d-47da-46cb-95be-b8e5d6f0aa7f#dossier,https://www.wis-tns.org/object/2026xek,,,,,,,
AT2026xel,SIDEREAL,74.408239266,-35.5529495863,2000.0,1c4ad271-2281-47e8-88fe-c6dfc0a26f34,54.27,Unclassified,electromagnetic,https://jackmcguireastro.github.io/ctas.html?event=1c4ad271-2281-47e8-88fe-c6dfc0a26f34#dossier,https://www.wis-tns.org/object/2026xel,,,,,,,
AT2026xem,SIDEREAL,328.907875911,16.8548725953,2000.0,78c4cc76-9175-4f52-87e3-b46c168d3cc1,53.92,Unclassified,electromagnetic,https://jackmcguireastro.github.io/ctas.html?event=78c4cc76-9175-4f52-87e3-b46c168d3cc1#dossier,https://www.wis-tns.org/object/2026xem,,,,,,,
AT2026xen,SIDEREAL,303.805050589,-32.2334355961,2000.0,55a213ad-b6c1-4034-beb1-d5823df6fc30,54.1,Unclassified,electromagnetic,https://jackmcguireastro.github.io/ctas.html?event=55a213ad-b6c1-4034-beb1-d5823df6fc30#dossier,https://www.wis-tns.org/object/2026xen,,,,,,,
AT2026xeo,SIDEREAL,219.050375156,-9.3337883199,2000.0,f25a9cc2-ef91-4fb7-a608-46eb11c17fcc,54.4,Unclassified,electromagnetic,https://jackmcguireastro.github.io/ctas.html?event=f25a9cc2-ef91-4fb7-a608-46eb11c17fcc#dossier,https://www.wis-tns.org/object/2026xeo,,,,,,,
AT2026xep,SIDEREAL,197.918757737,-36.4391989516,2000.0,b184b7b1-8cb4-4b5e-8bf1-3c9fda6b442a,55.65,Unclassified,electromagnetic,https://jackmcguireastro.github.io/ctas.html?event=b184b7b1-8cb4-4b5e-8bf1-3c9fda6b442a#dossier,https://www.wis-tns.org/object/2026xep,,,,,,,
AT2026xeq,SIDEREAL,155.422075251,17.9681050779,2000.0,4475d7b2-7c6c-4f55-a9ff-1e08ec164e60,52.52,Unclassified,electromagnetic,https://jackmcguireastro.github.io/ctas.html?event=4475d7b2-7c6c-4f55-a9ff-1e08ec164e60#dossier,https://www.wis-tns.org/object/2026xeq,,,,,,,
AT2026xer,SIDEREAL,336.000227199,-21.3683863212,2000.0,75221497-8511-4d2f-9473-f35e37fa1b9c,54.0,Unclassified,electromagnetic,https://jackmcguireastro.github.io/ctas.html?event=75221497-8511-4d2f-9473-f35e37fa1b9c#dossier,https://www.wis-tns.org/object/2026xer,,,,,,,
AT2025amxk,SIDEREAL,49.0099152362,-1.99677216434,2000.0,6f710d41-3a3b-4f58-bce4-49bafc4e59f4,53.1,Unclassified,electromagnetic,https://jackmcguireastro.github.io/ctas.html?event=6f710d41-3a3b-4f58-bce4-49bafc4e59f4#dossier,https://www.wis-tns.org/object/2025amxk,,,,,,,
AT2025amxl,SIDEREAL,140.025015292,-3.32276530471,2000.0,ce1998fc-8bc9-4dba-9aa8-792d24a5bad0,51.27,Unclassified,electromagnetic,https://jackmcguireastro.github.io/ctas.html?event=ce1998fc-8bc9-4dba-9aa8-792d24a5bad0#dossier,https://www.wis-tns.org/object/2025amxl,,,,,,,
AT2026xes,SIDEREAL,86.1753411432,-21.3889473004,2000.0,1b0de2e4-b5d7-4ec3-a2e3-71088d327b65,58.2,Unclassified,electromagnetic,https://jackmcguireastro.github.io/ctas.html?event=1b0de2e4-b5d7-4ec3-a2e3-71088d327b65#dossier,https://www.wis-tns.org/object/2026xes,,,,,,,
AT2026xet,SIDEREAL,137.070944768,-6.94784707588,2000.0,6300c74b-939e-46bd-b155-461af77b955e,52.45,Unclassified,electromagnetic,https://jackmcguireastro.github.io/ctas.html?event=6300c74b-939e-46bd-b155-461af77b955e#dossier,https://www.wis-tns.org/object/2026xet,,,,,,,
AT2026xeu,SIDEREAL,185.254922155,-1.78867007357,2000.0,0a9a52a8-29fb-4f86-8775-8bb2cf263637,53.9,Unclassified,electromagnetic,https://jackmcguireastro.github.io/ctas.html?event=0a9a52a8-29fb-4f86-8775-8bb2cf263637#dossier,https://www.wis-tns.org/object/2026xeu,,,,,,,
AT2026xev,SIDEREAL,222.450378142,28.4989455126,2000.0,ad933612-ede5-412d-9c81-d6579314d513,55.33,Unclassified,electromagnetic,https://jackmcguireastro.github.io/ctas.html?event=ad933612-ede5-412d-9c81-d6579314d513#dossier,https://www.wis-tns.org/object/2026xev,,,,,,,
AT2025amxm,SIDEREAL,16.0297708159,30.3671045308,2000.0,581ce088-cdab-42df-85a7-9b0049203a0b,55.2,Unclassified,electromagnetic,https://jackmcguireastro.github.io/ctas.html?event=581ce088-cdab-42df-85a7-9b0049203a0b#dossier,https://www.wis-tns.org/object/2025amxm,,,,,,,
AT2025amxn,SIDEREAL,20.8857874557,41.0436801436,2000.0,21a158cd-ad5d-43f9-bda7-02a9863ca78a,51.58,Unclassified,electromagnetic,https://jackmcguireastro.github.io/ctas.html?event=21a158cd-ad5d-43f9-bda7-02a9863ca78a#dossier,https://www.wis-tns.org/object/2025amxn,,,,,,,
AT2026xew,SIDEREAL,49.2261837838,-28.445424667,2000.0,c4eb70b2-a399-49d7-be68-6de34972d644,54.08,Unclassified,electromagnetic,https://jackmcguireastro.github.io/ctas.html?event=c4eb70b2-a399-49d7-be68-6de34972d644#dossier,https://www.wis-tns.org/object/2026xew,,,,,,,
AT2025amxo,SIDEREAL,29.3856680095,-28.2844118324,2000.0,1ba08759-d916-4a8f-9155-7a90387286d0,57.45,Unclassified,electromagnetic,https://jackmcguireastro.github.io/ctas.html?event=1ba08759-d916-4a8f-9155-7a90387286d0#dossier,https://www.wis-tns.org/object/2025amxo,,,,,,,
AT2026xex,SIDEREAL,57.5666820618,-3.29409684988,2000.0,5620bdec-547b-48a4-b1c8-ad86f4eab458,53.55,Unclassified,electromagnetic,https://jackmcguireastro.github.io/ctas.html?event=5620bdec-547b-48a4-b1c8-ad86f4eab458#dossier,https://www.wis-tns.org/object/2026xex,,,,,,,
AT2026xey,SIDEREAL,128.48562355,6.99528117742,2000.0,51d8aa75-88b5-4afa-86ef-827d6d088c51,51.07,Unclassified,electromagnetic,https://jackmcguireastro.github.io/ctas.html?event=51d8aa75-88b5-4afa-86ef-827d6d088c51#dossier,https://www.wis-tns.org/object/2026xey,,,,,,,
AT2026xez,SIDEREAL,323.753669936,3.84041502309,2000.0,0adb6288-a770-4057-9bb6-ced3958d008b,52.75,Unclassified,electromagnetic,https://jackmcguireastro.github.io/ctas.html?event=0adb6288-a770-4057-9bb6-ced3958d008b#dossier,https://www.wis-tns.org/object/2026xez,,,,,,,
AT2026xfa,SIDEREAL,300.635879878,-29.5176294715,2000.0,25958b26-20cb-48b1-a538-c61a1b732522,56.88,Unclassified,electromagnetic,https://jackmcguireastro.github.io/ctas.html?event=25958b26-20cb-48b1-a538-c61a1b732522#dossier,https://www.wis-tns.org/object/2026xfa,,,,,,,
AT2025amxp,SIDEREAL,12.0380188998,42.9617226062,2000.0,20ecb724-f41f-49b0-84d6-517005c725a1,54.55,Unclassified,electromagnetic,https://jackmcguireastro.github.io/ctas.html?event=20ecb724-f41f-49b0-84d6-517005c725a1#dossier,https://www.wis-tns.org/object/2025amxp,,,,,,,
AT2026xfb,SIDEREAL,205.0768403,39.5029761733,2000.0,f3fe54d7-74e6-4c62-a99f-90f906134d67,55.0,Unclassified,electromagnetic,https://jackmcguireastro.github.io/ctas.html?event=f3fe54d7-74e6-4c62-a99f-90f906134d67#dossier,https://www.wis-tns.org/object/2026xfb,,,,,,,
AT2026xfc,SIDEREAL,202.615054296,10.6444241533,2000.0,8896a75a-cf44-4eeb-8a5e-0d4102268ee5,53.83,Unclassified,electromagnetic,https://jackmcguireastro.github.io/ctas.html?event=8896a75a-cf44-4eeb-8a5e-0d4102268ee5#dossier,https://www.wis-tns.org/object/2026xfc,,,,,,,
AT2026xfd,SIDEREAL,208.024144671,29.3631084526,2000.0,db4839a2-fcca-4689-b519-0d8ea1dd3ddc,54.2,Unclassified,electromagnetic,https://jackmcguireastro.github.io/ctas.html?event=db4839a2-fcca-4689-b519-0d8ea1dd3ddc#dossier,https://www.wis-tns.org/object/2026xfd,,,,,,,
AT2026xfe,SIDEREAL,338.313375569,12.0759699679,2000.0,11362bee-4231-4c24-852e-2640219fc2c5,55.92,Unclassified,electromagnetic,https://jackmcguireastro.github.io/ctas.html?event=11362bee-4231-4c24-852e-2640219fc2c5#dossier,https://www.wis-tns.org/object/2026xfe,,,,,,,
AT2026xff,SIDEREAL,222.854491888,41.1186309507,2000.0,be42fe0b-23be-4b21-9004-09b44b7123b4,52.45,Unclassified,electromagnetic,https://jackmcguireastro.github.io/ctas.html?event=be42fe0b-23be-4b21-9004-09b44b7123b4#dossier,https://www.wis-tns.org/object/2026xff,,,,,,,
AT2026xfg,SIDEREAL,302.083895616,-25.8934272566,2000.0,4b4c6a02-12ee-4faf-9f7b-ed73df976245,54.65,Unclassified,electromagnetic,https://jackmcguireastro.github.io/ctas.html?event=4b4c6a02-12ee-4faf-9f7b-ed73df976245#dossier,https://www.wis-tns.org/object/2026xfg,,,,,,,
AT2026xfh,SIDEREAL,317.041302056,-21.206903742,2000.0,650bb8cb-0c22-4ed6-a558-1875c3549cd6,54.25,Unclassified,electromagnetic,https://jackmcguireastro.github.io/ctas.html?event=650bb8cb-0c22-4ed6-a558-1875c3549cd6#dossier,https://www.wis-tns.org/object/2026xfh,,,,,,,
AT2026xfi,SIDEREAL,304.256508394,-20.1077612822,2000.0,d22d7aaa-af89-46a1-b71e-a0be53806da1,54.17,Unclassified,electromagnetic,https://jackmcguireastro.github.io/ctas.html?event=d22d7aaa-af89-46a1-b71e-a0be53806da1#dossier,https://www.wis-tns.org/object/2026xfi,,,,,,,
AT2026xfj,SIDEREAL,32.3814962521,-3.16800101694,2000.0,9a157c56-ba9e-4d2e-9246-67fb92408371,51.55,Unclassified,electromagnetic,https://jackmcguireastro.github.io/ctas.html?event=9a157c56-ba9e-4d2e-9246-67fb92408371#dossier,https://www.wis-tns.org/object/2026xfj,,,,,,,
AT2026xfk,SIDEREAL,216.530759574,33.6644952154,2000.0,0335b029-a95b-40a2-a5d6-4f348219d1bb,54.25,Unclassified,electromagnetic,https://jackmcguireastro.github.io/ctas.html?event=0335b029-a95b-40a2-a5d6-4f348219d1bb#dossier,https://www.wis-tns.org/object/2026xfk,,,,,,,
AT2026xfl,SIDEREAL,329.355363214,3.80582798584,2000.0,0a2a2852-eb7b-4d24-baa0-cab48b1fe31e,52.3,Unclassified,electromagnetic,https://jackmcguireastro.github.io/ctas.html?event=0a2a2852-eb7b-4d24-baa0-cab48b1fe31e#dossier,https://www.wis-tns.org/object/2026xfl,,,,,,,
AT2026xfm,SIDEREAL,153.396859224,-20.6285358027,2000.0,a116cfbc-a155-4d81-96a1-2ae1b511c83a,54.0,Unclassified,electromagnetic,https://jackmcguireastro.github.io/ctas.html?event=a116cfbc-a155-4d81-96a1-2ae1b511c83a#dossier,https://www.wis-tns.org/object/2026xfm,,,,,,,
AT2025amxq,SIDEREAL,55.4803020384,-31.0406723903,2000.0,3957bf26-6a2d-43b5-8a83-9bfd4e12a78a,54.62,Unclassified,electromagnetic,https://jackmcguireastro.github.io/ctas.html?event=3957bf26-6a2d-43b5-8a83-9bfd4e12a78a#dossier,https://www.wis-tns.org/object/2025amxq,,,,,,,
AT2026xfn,SIDEREAL,350.523993552,18.9583163267,2000.0,15ac1d08-9393-450b-9f11-4b49abb2d1f5,53.3,Unclassified,electromagnetic,https://jackmcguireastro.github.io/ctas.html?event=15ac1d08-9393-450b-9f11-4b49abb2d1f5#dossier,https://www.wis-tns.org/object/2026xfn,,,,,,,
AT2026xfo,SIDEREAL,195.375384809,38.2098599597,2000.0,fec9d558-6b62-463e-9a91-75c91a65dfd5,54.38,Unclassified,electromagnetic,https://jackmcguireastro.github.io/ctas.html?event=fec9d558-6b62-463e-9a91-75c91a65dfd5#dossier,https://www.wis-tns.org/object/2026xfo,,,,,,,
AT2026xfp,SIDEREAL,308.730956398,-31.2030498058,2000.0,f9eaa044-1641-435e-8d0e-6a1fb1ed0a12,56.5,Unclassified,electromagnetic,https://jackmcguireastro.github.io/ctas.html?event=f9eaa044-1641-435e-8d0e-6a1fb1ed0a12#dossier,https://www.wis-tns.org/object/2026xfp,,,,,,,
AT2026xfq,SIDEREAL,352.247128427,-21.6882541135,2000.0,d1fa403a-b31c-4d3c-89aa-9d66234b727e,53.62,Unclassified,electromagnetic,https://jackmcguireastro.github.io/ctas.html?event=d1fa403a-b31c-4d3c-89aa-9d66234b727e#dossier,https://www.wis-tns.org/object/2026xfq,,,,,,,
AT2026xfr,SIDEREAL,131.036543776,29.1291809055,2000.0,38a442f9-abbf-486a-be6a-68e27b4c1d5b,55.5,Unclassified,electromagnetic,https://jackmcguireastro.github.io/ctas.html?event=38a442f9-abbf-486a-be6a-68e27b4c1d5b#dossier,https://www.wis-tns.org/object/2026xfr,,,,,,,
AT2026xfs,SIDEREAL,298.553900301,-24.0265995794,2000.0,73b6ecb7-89c5-44c4-8e86-9dc2363ac12a,57.08,Unclassified,electromagnetic,https://jackmcguireastro.github.io/ctas.html?event=73b6ecb7-89c5-44c4-8e86-9dc2363ac12a#dossier,https://www.wis-tns.org/object/2026xfs,,,,,,,
AT2026xft,SIDEREAL,269.830350019,29.4150053127,2000.0,9f142f7c-5b8e-44c7-b0b6-a275cf3aafe5,54.4,Unclassified,electromagnetic,https://jackmcguireastro.github.io/ctas.html?event=9f142f7c-5b8e-44c7-b0b6-a275cf3aafe5#dossier,https://www.wis-tns.org/object/2026xft,,,,,,,
AT2026xfu,SIDEREAL,171.876903698,2.79232210576,2000.0,71094b12-6ace-40b5-bd41-f3ed3ae62048,52.27,Unclassified,electromagnetic,https://jackmcguireastro.github.io/ctas.html?event=71094b12-6ace-40b5-bd41-f3ed3ae62048#dossier,https://www.wis-tns.org/object/2026xfu,,,,,,,
AT2026xfv,SIDEREAL,201.799372392,21.0677222232,2000.0,1aa098e1-0adc-4a8f-87b0-f613a53f7dbb,55.12,Unclassified,electromagnetic,https://jackmcguireastro.github.io/ctas.html?event=1aa098e1-0adc-4a8f-87b0-f613a53f7dbb#dossier,https://www.wis-tns.org/object/2026xfv,,,,,,,
AT2026xfw,SIDEREAL,245.370638677,32.9097512199,2000.0,a25c407a-0034-44e2-8fd4-11477675b468,52.08,Unclassified,electromagnetic,https://jackmcguireastro.github.io/ctas.html?event=a25c407a-0034-44e2-8fd4-11477675b468#dossier,https://www.wis-tns.org/object/2026xfw,,,,,,,
AT2026xfx,SIDEREAL,264.681382712,10.8282884355,2000.0,7c1a2dfa-3d7b-4655-9aa5-d5a9a3a878ae,54.05,Unclassified,electromagnetic,https://jackmcguireastro.github.io/ctas.html?event=7c1a2dfa-3d7b-4655-9aa5-d5a9a3a878ae#dossier,https://www.wis-tns.org/object/2026xfx,,,,,,,
AT2026xfy,SIDEREAL,197.312021622,-11.5208265258,2000.0,56df051b-c9d4-4d47-8fd0-5260dd78bd24,55.5,Unclassified,electromagnetic,https://jackmcguireastro.github.io/ctas.html?event=56df051b-c9d4-4d47-8fd0-5260dd78bd24#dossier,https://www.wis-tns.org/object/2026xfy,,,,,,,
AT2026xfz,SIDEREAL,167.764157833,8.86782296904,2000.0,2a7fb9c9-f308-45a7-adc8-504ede1c97f6,53.73,Unclassified,electromagnetic,https://jackmcguireastro.github.io/ctas.html?event=2a7fb9c9-f308-45a7-adc8-504ede1c97f6#dossier,https://www.wis-tns.org/object/2026xfz,,,,,,,
AT2026xga,SIDEREAL,235.106209926,1.9962889978,2000.0,7890905c-41d0-4900-89e7-606a3163407d,53.75,Unclassified,electromagnetic,https://jackmcguireastro.github.io/ctas.html?event=7890905c-41d0-4900-89e7-606a3163407d#dossier,https://www.wis-tns.org/object/2026xga,,,,,,,
AT2026wqv,SIDEREAL,218.630959493,20.2236614536,2000.0,9663c2d1-821f-413b-ac79-155350e6dced,55.0,Unclassified,electromagnetic,https://jackmcguireastro.github.io/ctas.html?event=9663c2d1-821f-413b-ac79-155350e6dced#dossier,https://www.wis-tns.org/object/2026wqv,,,,,,,
AT2026xgb,SIDEREAL,196.202612048,-4.99034155536,2000.0,4f6720b4-0814-43bf-aaa9-4877589e6941,53.75,Unclassified,electromagnetic,https://jackmcguireastro.github.io/ctas.html?event=4f6720b4-0814-43bf-aaa9-4877589e6941#dossier,https://www.wis-tns.org/object/2026xgb,,,,,,,
AT2026xgc,SIDEREAL,219.785036901,-12.2364466032,2000.0,f7003de0-12ef-4cd1-bd07-ba8c49089149,54.32,Unclassified,electromagnetic,https://jackmcguireastro.github.io/ctas.html?event=f7003de0-12ef-4cd1-bd07-ba8c49089149#dossier,https://www.wis-tns.org/object/2026xgc,,,,,,,
AT2026xgd,SIDEREAL,317.001999187,-32.1035727752,2000.0,aa417763-f43c-4f41-b32e-c5350430f1c6,54.77,Unclassified,electromagnetic,https://jackmcguireastro.github.io/ctas.html?event=aa417763-f43c-4f41-b32e-c5350430f1c6#dossier,https://www.wis-tns.org/object/2026xgd,,,,,,,
AT2026xge,SIDEREAL,2.36924809418,-11.2829927295,2000.0,cb7f07bd-0fdc-4cdb-b922-8897a4e4735a,55.2,Unclassified,electromagnetic,https://jackmcguireastro.github.io/ctas.html?event=cb7f07bd-0fdc-4cdb-b922-8897a4e4735a#dossier,https://www.wis-tns.org/object/2026xge,,,,,,,
AT2026xgf,SIDEREAL,227.212345476,43.1775066212,2000.0,281a46bb-3b42-497c-8d24-f7c72782fe64,54.23,Unclassified,electromagnetic,https://jackmcguireastro.github.io/ctas.html?event=281a46bb-3b42-497c-8d24-f7c72782fe64#dossier,https://www.wis-tns.org/object/2026xgf,,,,,,,
AT2026xgg,SIDEREAL,239.381122588,4.07932517467,2000.0,478881f0-afb8-4ed0-8dad-9f4cb24daf49,54.08,Unclassified,electromagnetic,https://jackmcguireastro.github.io/ctas.html?event=478881f0-afb8-4ed0-8dad-9f4cb24daf49#dossier,https://www.wis-tns.org/object/2026xgg,,,,,,,
AT2026xgh,SIDEREAL,331.42844778,-1.09239461038,2000.0,6227e476-5a2f-490c-9dd9-81c4c4e8188a,53.45,Unclassified,electromagnetic,https://jackmcguireastro.github.io/ctas.html?event=6227e476-5a2f-490c-9dd9-81c4c4e8188a#dossier,https://www.wis-tns.org/object/2026xgh,,,,,,,
AT2026xgi,SIDEREAL,204.056496027,-8.2327949188,2000.0,16823929-0ede-4a58-8d5e-1f4ffe184411,54.95,Unclassified,electromagnetic,https://jackmcguireastro.github.io/ctas.html?event=16823929-0ede-4a58-8d5e-1f4ffe184411#dossier,https://www.wis-tns.org/object/2026xgi,,,,,,,
AT2026xgj,SIDEREAL,307.550579394,-34.6508172295,2000.0,e4ab4513-60cc-4540-a302-18c3aa7a1cb5,55.9,Unclassified,electromagnetic,https://jackmcguireastro.github.io/ctas.html?event=e4ab4513-60cc-4540-a302-18c3aa7a1cb5#dossier,https://www.wis-tns.org/object/2026xgj,,,,,,,
AT2025amxr,SIDEREAL,348.777067184,0.721107914344,2000.0,0985452e-3000-4129-8d3f-bfcdb2552a50,54.38,Unclassified,electromagnetic,https://jackmcguireastro.github.io/ctas.html?event=0985452e-3000-4129-8d3f-bfcdb2552a50#dossier,https://www.wis-tns.org/object/2025amxr,,,,,,,
AT2026xcv,SIDEREAL,216.631417933,13.6185522871,2000.0,9533d2a4-7c11-4a90-b97d-cec9c43c9109,73.57,Unclassified,electromagnetic,https://jackmcguireastro.github.io/ctas.html?event=9533d2a4-7c11-4a90-b97d-cec9c43c9109#dossier,https://www.wis-tns.org/object/2026xcv,,,,,,,
AT2019aazv,SIDEREAL,215.4154,-29.8896,2000.0,3ab88fef-84ca-42f0-b724-020b4eab022c,53.28,Unclassified,electromagnetic,https://jackmcguireastro.github.io/ctas.html?event=3ab88fef-84ca-42f0-b724-020b4eab022c#dossier,https://www.wis-tns.org/object/2019aazv,,,,,,,
AT2026wlm,SIDEREAL,290.23204,-29.5445466667,2000.0,30562153-01ee-4e01-8a51-bd6731509767,57.83,Unclassified,electromagnetic,https://jackmcguireastro.github.io/ctas.html?event=30562153-01ee-4e01-8a51-bd6731509767#dossier,https://www.wis-tns.org/object/2026wlm,,,,,,,
AT2026xcp,SIDEREAL,255.63277025896,8.6915692209146,2000.0,c18578ed-dbbf-4ee2-beb3-fb35a13caf9a,57.9,Unclassified,electromagnetic,https://jackmcguireastro.github.io/ctas.html?event=c18578ed-dbbf-4ee2-beb3-fb35a13caf9a#dossier,https://www.wis-tns.org/object/2026xcp,,,,,,,
AT2026xcq,SIDEREAL,222.78452916812,10.373295053274,2000.0,09fa2026-3d2b-4d66-aba9-c634ece0ba36,58.62,Unclassified,electromagnetic,https://jackmcguireastro.github.io/ctas.html?event=09fa2026-3d2b-4d66-aba9-c634ece0ba36#dossier,https://www.wis-tns.org/object/2026xcq,,,,,,,
AT2026xcc,SIDEREAL,73.6784779,6.6694847,2000.0,7a599ca8-f1be-4159-a041-d7c4c37870e2,71.55,Unclassified,electromagnetic,https://jackmcguireastro.github.io/ctas.html?event=7a599ca8-f1be-4159-a041-d7c4c37870e2#dossier,https://www.wis-tns.org/object/2026xcc,,,,,,,
AT2026xcd,SIDEREAL,331.2105547,-26.6177796,2000.0,748ed78e-d272-4c4f-b730-f9be017fa35f,54.65,Unclassified,electromagnetic,https://jackmcguireastro.github.io/ctas.html?event=748ed78e-d272-4c4f-b730-f9be017fa35f#dossier,https://www.wis-tns.org/object/2026xcd,,,,,,,
AT2026xce,SIDEREAL,301.3390275,8.6113063,2000.0,4616e5c9-2b0d-45e7-a45b-672f29d99d06,53.62,Unclassified,electromagnetic,https://jackmcguireastro.github.io/ctas.html?event=4616e5c9-2b0d-45e7-a45b-672f29d99d06#dossier,https://www.wis-tns.org/object/2026xce,,,,,,,
AT2026xcf,SIDEREAL,260.7706254,12.6935468,2000.0,4c2b71e6-4a99-434c-b153-8a8abcdf3b92,55.8,Unclassified,electromagnetic,https://jackmcguireastro.github.io/ctas.html?event=4c2b71e6-4a99-434c-b153-8a8abcdf3b92#dossier,https://www.wis-tns.org/object/2026xcf,,,,,,,
AT2026xcg,SIDEREAL,273.489667,14.6526971,2000.0,ca49e26e-0c7b-425d-a1dd-3692f4bfa55e,55.01,Unclassified,electromagnetic,https://jackmcguireastro.github.io/ctas.html?event=ca49e26e-0c7b-425d-a1dd-3692f4bfa55e#dossier,https://www.wis-tns.org/object/2026xcg,,,,,,,
AT2026xch,SIDEREAL,221.3541722,11.4399179,2000.0,4c640cda-b477-4e50-8b67-7b4fd5b45c20,58.77,Unclassified,electromagnetic,https://jackmcguireastro.github.io/ctas.html?event=4c640cda-b477-4e50-8b67-7b4fd5b45c20#dossier,https://www.wis-tns.org/object/2026xch,,,,,,,
AT2026xci,SIDEREAL,227.7297929,13.3402875,2000.0,bcd177d2-c815-4064-b61e-c3484bccb085,58.95,Unclassified,electromagnetic,https://jackmcguireastro.github.io/ctas.html?event=bcd177d2-c815-4064-b61e-c3484bccb085#dossier,https://www.wis-tns.org/object/2026xci,,,,,,,
AT2026xcj,SIDEREAL,210.8795349,15.0464338,2000.0,b599f47d-bf83-43f0-8a51-29a81a01666b,57.43,Unclassified,electromagnetic,https://jackmcguireastro.github.io/ctas.html?event=b599f47d-bf83-43f0-8a51-29a81a01666b#dossier,https://www.wis-tns.org/object/2026xcj,,,,,,,
AT2026xck,SIDEREAL,205.9016556,9.7808485,2000.0,ded2b0ed-b912-46b6-85a8-20081a884a64,56.36,Unclassified,electromagnetic,https://jackmcguireastro.github.io/ctas.html?event=ded2b0ed-b912-46b6-85a8-20081a884a64#dossier,https://www.wis-tns.org/object/2026xck,,,,,,,
AT2026xcl,SIDEREAL,100.4945338,53.7057067,2000.0,faa1cb0a-7a2c-4198-8bab-607f32a1c29f,65.71,Unclassified,electromagnetic,https://jackmcguireastro.github.io/ctas.html?event=faa1cb0a-7a2c-4198-8bab-607f32a1c29f#dossier,https://www.wis-tns.org/object/2026xcl,,,,,,,
AT2026xcm,SIDEREAL,106.8300892,48.3518515,2000.0,8678b5f2-66bd-4cb6-9d4d-e5db1dfd9423,74.87,Unclassified,electromagnetic,https://jackmcguireastro.github.io/ctas.html?event=8678b5f2-66bd-4cb6-9d4d-e5db1dfd9423#dossier,https://www.wis-tns.org/object/2026xcm,,,,,,,
AT2026xcn,SIDEREAL,337.604151,69.2709884,2000.0,0df358e8-3446-4bf3-be42-59cf4a524a3f,56.36,Unclassified,electromagnetic,https://jackmcguireastro.github.io/ctas.html?event=0df358e8-3446-4bf3-be42-59cf4a524a3f#dossier,https://www.wis-tns.org/object/2026xcn,,,,,,,
AT2026xcb,SIDEREAL,358.9788996,-4.9382021,2000.0,4ec636f4-35b6-4c12-999d-10d6c4f50f21,78.8,Unclassified,electromagnetic,https://jackmcguireastro.github.io/ctas.html?event=4ec636f4-35b6-4c12-999d-10d6c4f50f21#dossier,https://www.wis-tns.org/object/2026xcb,,,,,,,
AT2026xbw,SIDEREAL,321.9436955,-19.7837071,2000.0,e6cbd2df-4070-4c21-92a6-0e547fd59e90,70.13,Unclassified,electromagnetic,https://jackmcguireastro.github.io/ctas.html?event=e6cbd2df-4070-4c21-92a6-0e547fd59e90#dossier,https://www.wis-tns.org/object/2026xbw,,,,,,,
SN2026uzh,SIDEREAL,72.5044061,-2.3762299,2000.0,01160088-4d2f-4656-9d74-dcb772b4a2f4,51.75,SN Ia,electromagnetic,https://jackmcguireastro.github.io/ctas.html?event=01160088-4d2f-4656-9d74-dcb772b4a2f4#dossier,https://www.wis-tns.org/object/2026uzh,AT2026uzh,,,,,,
SN2026wyu,SIDEREAL,23.5782103,36.4052178,2000.0,e4604dc7-29ea-499b-b612-0a8bd8897864,64.23,SN Ia,electromagnetic,https://jackmcguireastro.github.io/ctas.html?event=e4604dc7-29ea-499b-b612-0a8bd8897864#dossier,https://www.wis-tns.org/object/2026wyu,AT2026wyu,,,,,,
AT2026xbt,SIDEREAL,303.27698152959,-15.598699630925,2000.0,5033847e-d5ac-4b1e-9235-1ebd92d08f4e,63.73,Unclassified,electromagnetic,https://jackmcguireastro.github.io/ctas.html?event=5033847e-d5ac-4b1e-9235-1ebd92d08f4e#dossier,https://www.wis-tns.org/object/2026xbt,,,,,,,
AT2026xbu,SIDEREAL,315.3877262,-18.6780412,2000.0,6202d6d6-2e67-4e43-a0f7-66b0560b52fc,72.46,Unclassified,electromagnetic,https://jackmcguireastro.github.io/ctas.html?event=6202d6d6-2e67-4e43-a0f7-66b0560b52fc#dossier,https://www.wis-tns.org/object/2026xbu,,,,,,,
AT2026xbv,SIDEREAL,322.999583,-40.383111,2000.0,ac0eba6b-4094-4c88-abe2-e55a7f76479a,78.61,Unclassified,electromagnetic,https://jackmcguireastro.github.io/ctas.html?event=ac0eba6b-4094-4c88-abe2-e55a7f76479a#dossier,https://www.wis-tns.org/object/2026xbv,,,,,,,
SN2026wgm,SIDEREAL,181.711489091,-36.2685190909,2000.0,46fe38ee-bf77-47e8-a8c1-e797194c0bbc,45.8,SN Ia,electromagnetic,https://jackmcguireastro.github.io/ctas.html?event=46fe38ee-bf77-47e8-a8c1-e797194c0bbc#dossier,https://www.wis-tns.org/object/2026wgm,AT2026wgm,,,,,,
AT2026wyk,SIDEREAL,308.105851429,-28.68278,2000.0,e7b5f1a2-29eb-4acb-8d4e-e1a88fbe322c,58.3,Unclassified,electromagnetic,https://jackmcguireastro.github.io/ctas.html?event=e7b5f1a2-29eb-4acb-8d4e-e1a88fbe322c#dossier,https://www.wis-tns.org/object/2026wyk,,,,,,,
AT2026xay,SIDEREAL,36.71725,1.886253,2000.0,1aa296d7-5da9-4486-8d81-cd69c0e9f609,56.42,Unclassified,electromagnetic,https://jackmcguireastro.github.io/ctas.html?event=1aa296d7-5da9-4486-8d81-cd69c0e9f609#dossier,https://www.wis-tns.org/object/2026xay,,,,,,,
AT2026xaz,SIDEREAL,37.215125,3.95045,2000.0,85c0fd7b-73f4-497f-abd2-285459bc9cdc,57.62,Unclassified,electromagnetic,https://jackmcguireastro.github.io/ctas.html?event=85c0fd7b-73f4-497f-abd2-285459bc9cdc#dossier,https://www.wis-tns.org/object/2026xaz,,,,,,,
AT2026twb,SIDEREAL,216.892792,57.113014,2000.0,7e20b1ed-08b5-4e5c-854e-7154bf303c98,58.23,Unclassified,electromagnetic,https://jackmcguireastro.github.io/ctas.html?event=7e20b1ed-08b5-4e5c-854e-7154bf303c98#dossier,https://www.wis-tns.org/object/2026twb,,,,,,,
AT2026xbb,SIDEREAL,221.358583,52.363883,2000.0,4b6fe63d-770d-41c6-97b8-a397408de2ae,53.68,Unclassified,electromagnetic,https://jackmcguireastro.github.io/ctas.html?event=4b6fe63d-770d-41c6-97b8-a397408de2ae#dossier,https://www.wis-tns.org/object/2026xbb,,,,,,,
AT2026xbc,SIDEREAL,254.793625,23.047431,2000.0,13708f56-88b2-4952-b5a5-8f306747165e,54.58,Unclassified,electromagnetic,https://jackmcguireastro.github.io/ctas.html?event=13708f56-88b2-4952-b5a5-8f306747165e#dossier,https://www.wis-tns.org/object/2026xbc,,,,,,,
AT2026xbe,SIDEREAL,336.453833,18.120106,2000.0,65d35e58-0463-418b-bfe7-74a0a5b543c3,52.1,Unclassified,electromagnetic,https://jackmcguireastro.github.io/ctas.html?event=65d35e58-0463-418b-bfe7-74a0a5b543c3#dossier,https://www.wis-tns.org/object/2026xbe,,,,,,,
AT2026xbf,SIDEREAL,230.925708,47.243294,2000.0,295a76f9-4ee0-463c-a50e-a07401dd4371,52.62,Unclassified,electromagnetic,https://jackmcguireastro.github.io/ctas.html?event=295a76f9-4ee0-463c-a50e-a07401dd4371#dossier,https://www.wis-tns.org/object/2026xbf,,,,,,,
AT2026xbg,SIDEREAL,237.083417,47.820072,2000.0,fb907db8-2d85-4118-85ee-089f889955b9,52.95,Unclassified,electromagnetic,https://jackmcguireastro.github.io/ctas.html?event=fb907db8-2d85-4118-85ee-089f889955b9#dossier,https://www.wis-tns.org/object/2026xbg,,,,,,,
AT2026xbh,SIDEREAL,237.973542,45.078775,2000.0,3b71c5f3-097f-4d17-b468-4bffaeda8988,54.88,Unclassified,electromagnetic,https://jackmcguireastro.github.io/ctas.html?event=3b71c5f3-097f-4d17-b468-4bffaeda8988#dossier,https://www.wis-tns.org/object/2026xbh,,,,,,,
AT2026xbi,SIDEREAL,235.052375,44.810111,2000.0,15094e2f-6db0-4b96-b562-28b17d35872c,53.12,Unclassified,electromagnetic,https://jackmcguireastro.github.io/ctas.html?event=15094e2f-6db0-4b96-b562-28b17d35872c#dossier,https://www.wis-tns.org/object/2026xbi,,,,,,,
AT2026xbj,SIDEREAL,237.390333,41.675378,2000.0,802b6193-ac72-42aa-9abe-aa62bb3302f2,52.65,Unclassified,electromagnetic,https://jackmcguireastro.github.io/ctas.html?event=802b6193-ac72-42aa-9abe-aa62bb3302f2#dossier,https://www.wis-tns.org/object/2026xbj,,,,,,,
AT2026xbk,SIDEREAL,228.142125,33.461183,2000.0,d4d2b99d-6dcf-472f-adbc-44b0e6f4099a,54.3,Unclassified,electromagnetic,https://jackmcguireastro.github.io/ctas.html?event=d4d2b99d-6dcf-472f-adbc-44b0e6f4099a#dossier,https://www.wis-tns.org/object/2026xbk,,,,,,,
AT2026xbl,SIDEREAL,229.590292,34.236361,2000.0,cc99325e-39dc-4ae0-9b59-5d0ec9f6872f,52.67,Unclassified,electromagnetic,https://jackmcguireastro.github.io/ctas.html?event=cc99325e-39dc-4ae0-9b59-5d0ec9f6872f#dossier,https://www.wis-tns.org/object/2026xbl,,,,,,,
AT2026xbm,SIDEREAL,225.617167,16.071181,2000.0,ae5e2034-d64d-4918-b37e-84a2d16a71ba,55.48,Unclassified,electromagnetic,https://jackmcguireastro.github.io/ctas.html?event=ae5e2034-d64d-4918-b37e-84a2d16a71ba#dossier,https://www.wis-tns.org/object/2026xbm,,,,,,,
AT2026xbn,SIDEREAL,218.720542,26.391458,2000.0,438e2050-ef34-4b7e-b870-5f5600fcef88,54.23,Unclassified,electromagnetic,https://jackmcguireastro.github.io/ctas.html?event=438e2050-ef34-4b7e-b870-5f5600fcef88#dossier,https://www.wis-tns.org/object/2026xbn,,,,,,,
AT2026xbo,SIDEREAL,221.513792,27.004386,2000.0,cc792e4d-97c0-41f0-b085-95f6f460dbee,56.23,Unclassified,electromagnetic,https://jackmcguireastro.github.io/ctas.html?event=cc792e4d-97c0-41f0-b085-95f6f460dbee#dossier,https://www.wis-tns.org/object/2026xbo,,,,,,,
AT2026xbp,SIDEREAL,354.016542,33.580019,2000.0,95f41b90-7a97-4b7c-a71d-fda4ee8b0659,53.73,Unclassified,electromagnetic,https://jackmcguireastro.github.io/ctas.html?event=95f41b90-7a97-4b7c-a71d-fda4ee8b0659#dossier,https://www.wis-tns.org/object/2026xbp,,,,,,,
AT2026xbq,SIDEREAL,226.891083,16.222628,2000.0,3945e5a7-193a-4af1-bdcd-097cd1b8cbe5,57.58,Unclassified,electromagnetic,https://jackmcguireastro.github.io/ctas.html?event=3945e5a7-193a-4af1-bdcd-097cd1b8cbe5#dossier,https://www.wis-tns.org/object/2026xbq,,,,,,,
AT2026xbr,SIDEREAL,222.771292,21.649072,2000.0,c4523e1a-e34f-4389-b3e8-28d17919bf6f,54.2,Unclassified,electromagnetic,https://jackmcguireastro.github.io/ctas.html?event=c4523e1a-e34f-4389-b3e8-28d17919bf6f#dossier,https://www.wis-tns.org/object/2026xbr,,,,,,,
AT2026xbs,SIDEREAL,353.679708,33.764025,2000.0,426d839a-f67c-4fe3-b433-67b5d74723a4,55.53,Unclassified,electromagnetic,https://jackmcguireastro.github.io/ctas.html?event=426d839a-f67c-4fe3-b433-67b5d74723a4#dossier,https://www.wis-tns.org/object/2026xbs,,,,,,,
AT2026xan,SIDEREAL,260.5623533,9.0419542,2000.0,b24be21f-fa9c-4309-b8b8-4c60f3664b9f,81.83,Unclassified,electromagnetic,https://jackmcguireastro.github.io/ctas.html?event=b24be21f-fa9c-4309-b8b8-4c60f3664b9f#dossier,https://www.wis-tns.org/object/2026xan,,,,,,,
AT2026xal,SIDEREAL,231.8415865,32.2439442,2000.0,6b3c56bf-9a51-4990-a0d9-7ea66404f79d,80.13,Unclassified,electromagnetic,https://jackmcguireastro.github.io/ctas.html?event=6b3c56bf-9a51-4990-a0d9-7ea66404f79d#dossier,https://www.wis-tns.org/object/2026xal,,,,,,,
AT2026xah,SIDEREAL,274.7737434,53.1853918,2000.0,37fb9f70-9f11-4eea-b7ad-7318fa1389bd,63.81,Unclassified,electromagnetic,https://jackmcguireastro.github.io/ctas.html?event=37fb9f70-9f11-4eea-b7ad-7318fa1389bd#dossier,https://www.wis-tns.org/object/2026xah,,,,,,,
AT2026xai,SIDEREAL,218.9921406,53.7380288,2000.0,62c392db-b9d4-444c-acd6-3013ba3a9b71,63.82,Unclassified,electromagnetic,https://jackmcguireastro.github.io/ctas.html?event=62c392db-b9d4-444c-acd6-3013ba3a9b71#dossier,https://www.wis-tns.org/object/2026xai,,,,,,,
AT2026xaj,SIDEREAL,232.8525908,4.1003191,2000.0,6b15ce4a-fb86-4a42-b0fc-e5f8b25061a7,62.52,Unclassified,electromagnetic,https://jackmcguireastro.github.io/ctas.html?event=6b15ce4a-fb86-4a42-b0fc-e5f8b25061a7#dossier,https://www.wis-tns.org/object/2026xaj,,,,,,,
AT2026xak,SIDEREAL,215.97685,14.4278958,2000.0,3b2e495c-03c3-4822-b794-e4e63876250a,54.53,Unclassified,electromagnetic,https://jackmcguireastro.github.io/ctas.html?event=3b2e495c-03c3-4822-b794-e4e63876250a#dossier,https://www.wis-tns.org/object/2026xak,,,,,,,
AT2026wuc,SIDEREAL,258.902729086,19.6730829733,2000.0,bb1566d0-07da-46d5-a2df-af4a82de5cac,72.02,Unclassified,electromagnetic,https://jackmcguireastro.github.io/ctas.html?event=bb1566d0-07da-46d5-a2df-af4a82de5cac#dossier,https://www.wis-tns.org/object/2026wuc,,,,,,,
AT2026wok,SIDEREAL,202.689420418,47.559516148,2000.0,827bb553-4eb2-4883-adf4-eccd5eecaeaa,60.43,Unclassified,electromagnetic,https://jackmcguireastro.github.io/ctas.html?event=827bb553-4eb2-4883-adf4-eccd5eecaeaa#dossier,https://www.wis-tns.org/object/2026wok,,,,,,,
AT2026xae,SIDEREAL,213.520608928,13.5746166556,2000.0,037302f9-c8bb-4e76-a6e8-661df7131049,73.56,Unclassified,electromagnetic,https://jackmcguireastro.github.io/ctas.html?event=037302f9-c8bb-4e76-a6e8-661df7131049#dossier,https://www.wis-tns.org/object/2026xae,,,,,,,
AT2026xaf,SIDEREAL,213.840063684,5.26037487161,2000.0,1cdb33ad-d04c-47a7-a20f-7365f4ca3d54,73.41,Unclassified,electromagnetic,https://jackmcguireastro.github.io/ctas.html?event=1cdb33ad-d04c-47a7-a20f-7365f4ca3d54#dossier,https://www.wis-tns.org/object/2026xaf,,,,,,,
AT2026xag,SIDEREAL,313.834887565,-0.365374597812,2000.0,409a4f2b-7969-4c9f-bade-3558489aba35,73.21,Unclassified,electromagnetic,https://jackmcguireastro.github.io/ctas.html?event=409a4f2b-7969-4c9f-bade-3558489aba35#dossier,https://www.wis-tns.org/object/2026xag,,,,,,,
AT2026wzh,SIDEREAL,222.742125111,11.6778498193,2000.0,3f5605e6-0f12-4f18-b409-8b10a302cb27,53.25,Unclassified,electromagnetic,https://jackmcguireastro.github.io/ctas.html?event=3f5605e6-0f12-4f18-b409-8b10a302cb27#dossier,https://www.wis-tns.org/object/2026wzh,,,,,,,
AT2026wzi,SIDEREAL,192.570060728,-9.81376765007,2000.0,66567de6-24a7-4690-a68a-803e63a5c548,52.88,Unclassified,electromagnetic,https://jackmcguireastro.github.io/ctas.html?event=66567de6-24a7-4690-a68a-803e63a5c548#dossier,https://www.wis-tns.org/object/2026wzi,,,,,,,
AT2025amwu,SIDEREAL,7.84212235015,5.49051399557,2000.0,8e630010-b86d-44e0-bf6b-798c9b297360,53.83,Unclassified,electromagnetic,https://jackmcguireastro.github.io/ctas.html?event=8e630010-b86d-44e0-bf6b-798c9b297360#dossier,https://www.wis-tns.org/object/2025amwu,,,,,,,
AT2026wzj,SIDEREAL,202.12746776,-35.8049008442,2000.0,0b941fc7-dc7e-4cc4-b302-2a876e178271,54.05,Unclassified,electromagnetic,https://jackmcguireastro.github.io/ctas.html?event=0b941fc7-dc7e-4cc4-b302-2a876e178271#dossier,https://www.wis-tns.org/object/2026wzj,,,,,,,
AT2026wzk,SIDEREAL,349.908065942,-27.5102249187,2000.0,504488f4-79ac-49b5-91b4-355fb7b8bf16,53.9,Unclassified,electromagnetic,https://jackmcguireastro.github.io/ctas.html?event=504488f4-79ac-49b5-91b4-355fb7b8bf16#dossier,https://www.wis-tns.org/object/2026wzk,,,,,,,
AT2026wzl,SIDEREAL,225.537241603,11.9971507226,2000.0,1afb7c80-b7f6-4ce3-a786-f49114b5f804,53.28,Unclassified,electromagnetic,https://jackmcguireastro.github.io/ctas.html?event=1afb7c80-b7f6-4ce3-a786-f49114b5f804#dossier,https://www.wis-tns.org/object/2026wzl,,,,,,,
AT2026wzm,SIDEREAL,316.726109307,-32.0907814894,2000.0,d6dc77d1-4699-4a5b-b5a3-fc5124f739f0,54.9,Unclassified,electromagnetic,https://jackmcguireastro.github.io/ctas.html?event=d6dc77d1-4699-4a5b-b5a3-fc5124f739f0#dossier,https://www.wis-tns.org/object/2026wzm,,,,,,,
AT2026wzn,SIDEREAL,225.092551393,22.8241574235,2000.0,12af626f-fd71-4fb5-842f-b69be2c83f7f,54.27,Unclassified,electromagnetic,https://jackmcguireastro.github.io/ctas.html?event=12af626f-fd71-4fb5-842f-b69be2c83f7f#dossier,https://www.wis-tns.org/object/2026wzn,,,,,,,
AT2025amwv,SIDEREAL,358.658335983,13.5792146769,2000.0,9a48a42d-087a-4aa4-8b76-98dc856c412f,54.95,Unclassified,electromagnetic,https://jackmcguireastro.github.io/ctas.html?event=9a48a42d-087a-4aa4-8b76-98dc856c412f#dossier,https://www.wis-tns.org/object/2025amwv,,,,,,,
AT2026wzo,SIDEREAL,324.080594332,-31.0052726003,2000.0,a761e087-bbec-47c5-8e55-4a2397222a1c,55.62,Unclassified,electromagnetic,https://jackmcguireastro.github.io/ctas.html?event=a761e087-bbec-47c5-8e55-4a2397222a1c#dossier,https://www.wis-tns.org/object/2026wzo,,,,,,,
AT2026wzp,SIDEREAL,213.272060411,-7.3192744962,2000.0,76a4d3e4-9bdb-49a6-a370-a4ae91db3003,54.2,Unclassified,electromagnetic,https://jackmcguireastro.github.io/ctas.html?event=76a4d3e4-9bdb-49a6-a370-a4ae91db3003#dossier,https://www.wis-tns.org/object/2026wzp,,,,,,,
AT2026wzq,SIDEREAL,50.4858594921,-28.6507723389,2000.0,9edd5e8f-07a9-4663-b7a6-736b946eba05,55.38,Unclassified,electromagnetic,https://jackmcguireastro.github.io/ctas.html?event=9edd5e8f-07a9-4663-b7a6-736b946eba05#dossier,https://www.wis-tns.org/object/2026wzq,,,,,,,
AT2026wzr,SIDEREAL,181.468879864,-28.3087138656,2000.0,378a43ec-c8f0-46ec-bf0f-3b3c4e10b275,55.73,Unclassified,electromagnetic,https://jackmcguireastro.github.io/ctas.html?event=378a43ec-c8f0-46ec-bf0f-3b3c4e10b275#dossier,https://www.wis-tns.org/object/2026wzr,,,,,,,
AT2025amww,SIDEREAL,12.6570701126,40.8675142529,2000.0,2c8b9f1f-f223-4bc3-9830-d27d723089b0,54.43,Unclassified,electromagnetic,https://jackmcguireastro.github.io/ctas.html?event=2c8b9f1f-f223-4bc3-9830-d27d723089b0#dossier,https://www.wis-tns.org/object/2025amww,,,,,,,
AT2026wzs,SIDEREAL,226.319870259,1.8497870311,2000.0,3f889e05-c2a6-42e2-85c0-6b65de967fa3,53.73,Unclassified,electromagnetic,https://jackmcguireastro.github.io/ctas.html?event=3f889e05-c2a6-42e2-85c0-6b65de967fa3#dossier,https://www.wis-tns.org/object/2026wzs,,,,,,,
AT2025amwx,SIDEREAL,82.7116128578,-31.3342079141,2000.0,6b112ed6-b444-45aa-aa2e-bd39ab9a4ab2,54.23,Unclassified,electromagnetic,https://jackmcguireastro.github.io/ctas.html?event=6b112ed6-b444-45aa-aa2e-bd39ab9a4ab2#dossier,https://www.wis-tns.org/object/2025amwx,,,,,,,
AT2026wzt,SIDEREAL,8.24840765593,-20.1082682715,2000.0,837273ac-60ff-40bb-969c-030db9dc1500,55.5,Unclassified,electromagnetic,https://jackmcguireastro.github.io/ctas.html?event=837273ac-60ff-40bb-969c-030db9dc1500#dossier,https://www.wis-tns.org/object/2026wzt,,,,,,,
AT2026wzu,SIDEREAL,355.624195164,-7.44394767995,2000.0,1cad617f-1102-4d9a-9c9d-34edcf3bd35f,53.23,Unclassified,electromagnetic,https://jackmcguireastro.github.io/ctas.html?event=1cad617f-1102-4d9a-9c9d-34edcf3bd35f#dossier,https://www.wis-tns.org/object/2026wzu,,,,,,,
AT2026wzv,SIDEREAL,191.012512576,34.8800660723,2000.0,a6b38b33-758a-4bc5-b2b9-2bdbd77fec2b,54.77,Unclassified,electromagnetic,https://jackmcguireastro.github.io/ctas.html?event=a6b38b33-758a-4bc5-b2b9-2bdbd77fec2b#dossier,https://www.wis-tns.org/object/2026wzv,,,,,,,
AT2025amwy,SIDEREAL,159.503249336,43.7159142434,2000.0,b21de69f-4259-44b9-adf9-2cdfa597fdc2,54.0,Unclassified,electromagnetic,https://jackmcguireastro.github.io/ctas.html?event=b21de69f-4259-44b9-adf9-2cdfa597fdc2#dossier,https://www.wis-tns.org/object/2025amwy,,,,,,,
AT2026wzw,SIDEREAL,143.913037056,0.160951660651,2000.0,a6d973cf-bf3f-466e-a3b0-f26c9e9b37e2,54.3,Unclassified,electromagnetic,https://jackmcguireastro.github.io/ctas.html?event=a6d973cf-bf3f-466e-a3b0-f26c9e9b37e2#dossier,https://www.wis-tns.org/object/2026wzw,,,,,,,
AT2026wzx,SIDEREAL,195.381512187,-5.29178240745,2000.0,25777e1d-353c-4446-8a84-1e15787eb1cc,53.25,Unclassified,electromagnetic,https://jackmcguireastro.github.io/ctas.html?event=25777e1d-353c-4446-8a84-1e15787eb1cc#dossier,https://www.wis-tns.org/object/2026wzx,,,,,,,
AT2026wzy,SIDEREAL,235.844727695,-12.5444789624,2000.0,af458083-b13d-4282-8c25-fbe645428a4a,55.3,Unclassified,electromagnetic,https://jackmcguireastro.github.io/ctas.html?event=af458083-b13d-4282-8c25-fbe645428a4a#dossier,https://www.wis-tns.org/object/2026wzy,,,,,,,
AT2025amwz,SIDEREAL,75.9267795441,-32.6360285774,2000.0,891641ab-4eaf-4593-b65e-719d19216c67,55.48,Unclassified,electromagnetic,https://jackmcguireastro.github.io/ctas.html?event=891641ab-4eaf-4593-b65e-719d19216c67#dossier,https://www.wis-tns.org/object/2025amwz,,,,,,,
AT2026wzz,SIDEREAL,224.025589793,19.9980306976,2000.0,8cece360-fe21-464a-b2d2-7a33b911406f,53.57,Unclassified,electromagnetic,https://jackmcguireastro.github.io/ctas.html?event=8cece360-fe21-464a-b2d2-7a33b911406f#dossier,https://www.wis-tns.org/object/2026wzz,,,,,,,
AT2025amxa,SIDEREAL,171.102301011,-19.9224051458,2000.0,48276a44-afad-4ae2-9674-1860e0e6fad3,53.88,Unclassified,electromagnetic,https://jackmcguireastro.github.io/ctas.html?event=48276a44-afad-4ae2-9674-1860e0e6fad3#dossier,https://www.wis-tns.org/object/2025amxa,,,,,,,
AT2026xaa,SIDEREAL,300.01805584,-34.9683565212,2000.0,bda72041-3a6e-483b-b915-dd15a1b986a4,54.95,Unclassified,electromagnetic,https://jackmcguireastro.github.io/ctas.html?event=bda72041-3a6e-483b-b915-dd15a1b986a4#dossier,https://www.wis-tns.org/object/2026xaa,,,,,,,
AT2026xab,SIDEREAL,323.952308823,-26.6827183617,2000.0,a577f6e4-7114-43bb-b13e-09e95c37e25b,54.88,Unclassified,electromagnetic,https://jackmcguireastro.github.io/ctas.html?event=a577f6e4-7114-43bb-b13e-09e95c37e25b#dossier,https://www.wis-tns.org/object/2026xab,,,,,,,
AT2026xac,SIDEREAL,0.57895042883,29.0777648073,2000.0,ef2f8145-93bb-4c7b-bc76-51ed2383cb3b,57.1,Unclassified,electromagnetic,https://jackmcguireastro.github.io/ctas.html?event=ef2f8145-93bb-4c7b-bc76-51ed2383cb3b#dossier,https://www.wis-tns.org/object/2026xac,,,,,,,
AT2026xad,SIDEREAL,321.29979362,-47.1454034182,2000.0,3f7abb4d-bb96-4434-976e-5112dec3d7d6,55.45,Unclassified,electromagnetic,https://jackmcguireastro.github.io/ctas.html?event=3f7abb4d-bb96-4434-976e-5112dec3d7d6#dossier,https://www.wis-tns.org/object/2026xad,,,,,,,
AT2025amxb,SIDEREAL,52.1936629105,40.5754657791,2000.0,1323407b-344e-45ad-bb52-0074692ff120,54.58,Unclassified,electromagnetic,https://jackmcguireastro.github.io/ctas.html?event=1323407b-344e-45ad-bb52-0074692ff120#dossier,https://www.wis-tns.org/object/2025amxb,,,,,,,
AT2025amxc,SIDEREAL,76.8275113766,75.1244203551,2000.0,16d822ff-04ae-47bf-aefa-5a107e198abe,55.38,Unclassified,electromagnetic,https://jackmcguireastro.github.io/ctas.html?event=16d822ff-04ae-47bf-aefa-5a107e198abe#dossier,https://www.wis-tns.org/object/2025amxc,,,,,,,
AT2026wzc,SIDEREAL,274.0742956,14.0500383,2000.0,cc9ef4c6-6abd-4dda-84ec-5083b3ea7af7,67.58,Unclassified,electromagnetic,https://jackmcguireastro.github.io/ctas.html?event=cc9ef4c6-6abd-4dda-84ec-5083b3ea7af7#dossier,https://www.wis-tns.org/object/2026wzc,,,,,,,
AT2026wzd,SIDEREAL,293.3478395,-10.1371804,2000.0,ef73bd50-2cf3-4777-9947-596ffc0c9e12,54.87,Unclassified,electromagnetic,https://jackmcguireastro.github.io/ctas.html?event=ef73bd50-2cf3-4777-9947-596ffc0c9e12#dossier,https://www.wis-tns.org/object/2026wzd,,,,,,,
AT2026wzf,SIDEREAL,219.56900022,25.4012042733,2000.0,21281cf0-a85e-4c12-af50-427a14adf30c,74.35,Unclassified,electromagnetic,https://jackmcguireastro.github.io/ctas.html?event=21281cf0-a85e-4c12-af50-427a14adf30c#dossier,https://www.wis-tns.org/object/2026wzf,,,,,,,
AT2026wzg,SIDEREAL,205.176625112,29.1660338267,2000.0,ae2c30fa-89c7-434d-b28b-4432139d77c4,74.78,Unclassified,electromagnetic,https://jackmcguireastro.github.io/ctas.html?event=ae2c30fa-89c7-434d-b28b-4432139d77c4#dossier,https://www.wis-tns.org/object/2026wzg,,,,,,,
SN2026wjs,SIDEREAL,356.962078889,49.4804655556,2000.0,b27f8fd1-1d17-4fc4-b0e5-ced86b711c05,48.93,SN Ia,electromagnetic,https://jackmcguireastro.github.io/ctas.html?event=b27f8fd1-1d17-4fc4-b0e5-ced86b711c05#dossier,https://www.wis-tns.org/object/2026wjs,,,,,,,
AT2026wln,SIDEREAL,288.117776667,-28.5558666667,2000.0,d6f33790-37e8-4e4e-9cfd-fc8b2be39722,57.7,Unclassified,electromagnetic,https://jackmcguireastro.github.io/ctas.html?event=d6f33790-37e8-4e4e-9cfd-fc8b2be39722#dossier,https://www.wis-tns.org/object/2026wln,,,,,,,
AT2026wyx,SIDEREAL,220.752055,25.1449666667,2000.0,de191f0e-07eb-4d29-b196-46eb92ae23a1,77.99,Unclassified,electromagnetic,https://jackmcguireastro.github.io/ctas.html?event=de191f0e-07eb-4d29-b196-46eb92ae23a1#dossier,https://www.wis-tns.org/object/2026wyx,,,,,,,
AT2026wyy,SIDEREAL,313.3865655,-4.9901812,2000.0,0ed999d3-0b17-42c8-bb40-125fffb3eb92,54.03,Unclassified,electromagnetic,https://jackmcguireastro.github.io/ctas.html?event=0ed999d3-0b17-42c8-bb40-125fffb3eb92#dossier,https://www.wis-tns.org/object/2026wyy,,,,,,,
AT2026wyw,SIDEREAL,57.474252,-40.061105,2000.0,4dfbd6b2-037f-4754-946e-6cb5868352ec,81.49,Unclassified,electromagnetic,https://jackmcguireastro.github.io/ctas.html?event=4dfbd6b2-037f-4754-946e-6cb5868352ec#dossier,https://www.wis-tns.org/object/2026wyw,,,,,,,
AT2026wyq,SIDEREAL,58.989129,41.7283192,2000.0,7b6d3378-a914-4a7d-962e-adb1acde0f97,55.8,Unclassified,electromagnetic,https://jackmcguireastro.github.io/ctas.html?event=7b6d3378-a914-4a7d-962e-adb1acde0f97#dossier,https://www.wis-tns.org/object/2026wyq,,,,,,,
AT2026wyr,SIDEREAL,2.761152,24.445294,2000.0,dbb595a0-4bdb-4aea-8bba-30e33954322e,53.27,Unclassified,electromagnetic,https://jackmcguireastro.github.io/ctas.html?event=dbb595a0-4bdb-4aea-8bba-30e33954322e#dossier,https://www.wis-tns.org/object/2026wyr,,,,,,,
AT2026wys,SIDEREAL,343.9982758,1.1065495,2000.0,c3d75ec6-cf4d-4f84-be16-7e62dc28ac9a,54.46,Unclassified,electromagnetic,https://jackmcguireastro.github.io/ctas.html?event=c3d75ec6-cf4d-4f84-be16-7e62dc28ac9a#dossier,https://www.wis-tns.org/object/2026wys,,,,,,,
AT2026wbm,SIDEREAL,36.3856486,38.8080334,2000.0,2d5b053a-6f34-406d-af5c-320b2687d4f3,58.71,Unclassified,electromagnetic,https://jackmcguireastro.github.io/ctas.html?event=2d5b053a-6f34-406d-af5c-320b2687d4f3#dossier,https://www.wis-tns.org/object/2026wbm,,,,,,,
AT2026wyt,SIDEREAL,48.7521805,35.6415108,2000.0,ccea1cb4-cae3-4333-802d-598e4be37ad3,54.99,Unclassified,electromagnetic,https://jackmcguireastro.github.io/ctas.html?event=ccea1cb4-cae3-4333-802d-598e4be37ad3#dossier,https://www.wis-tns.org/object/2026wyt,,,,,,,
AT2026vsz,SIDEREAL,28.3956168,38.9330169,2000.0,09ce7b80-85e9-48ba-a865-78aa8c0b4fc6,57.85,Unclassified,electromagnetic,https://jackmcguireastro.github.io/ctas.html?event=09ce7b80-85e9-48ba-a865-78aa8c0b4fc6#dossier,https://www.wis-tns.org/object/2026vsz,,,,,,,
AT2026wyv,SIDEREAL,349.8150998,13.2543762,2000.0,7668c330-1bb6-4546-8714-31aebd744183,56.1,Unclassified,electromagnetic,https://jackmcguireastro.github.io/ctas.html?event=7668c330-1bb6-4546-8714-31aebd744183#dossier,https://www.wis-tns.org/object/2026wyv,,,,,,,
AT2026wsq,SIDEREAL,306.6524884,-16.4037274,2000.0,8aae46d0-cc4b-4683-bbf7-cee853d5a750,70.51,Unclassified,electromagnetic,https://jackmcguireastro.github.io/ctas.html?event=8aae46d0-cc4b-4683-bbf7-cee853d5a750#dossier,https://www.wis-tns.org/object/2026wsq,,,,,,,
AT2026wyn,SIDEREAL,263.8657718,8.7565826,2000.0,5e9cb86a-a6fc-4273-81b5-4769f68b2452,67.96,Unclassified,electromagnetic,https://jackmcguireastro.github.io/ctas.html?event=5e9cb86a-a6fc-4273-81b5-4769f68b2452#dossier,https://www.wis-tns.org/object/2026wyn,,,,,,,
AT2026wyo,SIDEREAL,257.5987608,8.0665757,2000.0,a0ac5517-1212-4471-83ca-09d12e6a390c,67.86,Unclassified,electromagnetic,https://jackmcguireastro.github.io/ctas.html?event=a0ac5517-1212-4471-83ca-09d12e6a390c#dossier,https://www.wis-tns.org/object/2026wyo,,,,,,,
AT2026wyp,SIDEREAL,102.2745956,37.1023666,2000.0,ac59f53b-a042-462e-a2cc-a71ed7c04d36,70.19,Unclassified,electromagnetic,https://jackmcguireastro.github.io/ctas.html?event=ac59f53b-a042-462e-a2cc-a71ed7c04d36#dossier,https://www.wis-tns.org/object/2026wyp,,,,,,,
AT2026wyj,SIDEREAL,297.176244,-40.390025,2000.0,57ed6832-b2bc-4150-b9e9-1e5ddcce0f52,80.12,Unclassified,electromagnetic,https://jackmcguireastro.github.io/ctas.html?event=57ed6832-b2bc-4150-b9e9-1e5ddcce0f52#dossier,https://www.wis-tns.org/object/2026wyj,,,,,,,
AT2026wyl,SIDEREAL,301.572735,-34.729592,2000.0,0367fd25-d780-4de9-b82d-33eb5e950823,56.82,Unclassified,electromagnetic,https://jackmcguireastro.github.io/ctas.html?event=0367fd25-d780-4de9-b82d-33eb5e950823#dossier,https://www.wis-tns.org/object/2026wyl,,,,,,,
AT2026wym,SIDEREAL,229.369567,-0.674252,2000.0,c9599680-0ea1-437a-9451-100b96c1cee2,70.03,Unclassified,electromagnetic,https://jackmcguireastro.github.io/ctas.html?event=c9599680-0ea1-437a-9451-100b96c1cee2#dossier,https://www.wis-tns.org/object/2026wym,,,,,,,
AT2026wyd,SIDEREAL,328.4112774,-7.4452821,2000.0,b6c23445-4e7c-48a8-a197-c80648c353d1,71.63,Unclassified,electromagnetic,https://jackmcguireastro.github.io/ctas.html?event=b6c23445-4e7c-48a8-a197-c80648c353d1#dossier,https://www.wis-tns.org/object/2026wyd,,,,,,,
AT2026wyg,SIDEREAL,310.5827991,11.3925665,2000.0,2c6607d9-fce0-4fbc-aa56-e0758b07bded,55.6,Unclassified,electromagnetic,https://jackmcguireastro.github.io/ctas.html?event=2c6607d9-fce0-4fbc-aa56-e0758b07bded#dossier,https://www.wis-tns.org/object/2026wyg,,,,,,,
AT2026wxz,SIDEREAL,211.30275,-0.786556,2000.0,e432b926-82e2-458f-a9c4-a3f548be542f,64.54,Unclassified,electromagnetic,https://jackmcguireastro.github.io/ctas.html?event=e432b926-82e2-458f-a9c4-a3f548be542f#dossier,https://www.wis-tns.org/object/2026wxz,,,,,,,
AT2026wya,SIDEREAL,327.741125,21.362233,2000.0,605c2e0c-a8b6-4fb0-908a-3021dd452d3c,54.55,Unclassified,electromagnetic,https://jackmcguireastro.github.io/ctas.html?event=605c2e0c-a8b6-4fb0-908a-3021dd452d3c#dossier,https://www.wis-tns.org/object/2026wya,,,,,,,
AT2026oxj,SIDEREAL,288.3575311,49.5483408,2000.0,d5fb2800-e64d-48c1-872c-26158d7bec51,58.99,Unclassified,electromagnetic,https://jackmcguireastro.github.io/ctas.html?event=d5fb2800-e64d-48c1-872c-26158d7bec51#dossier,https://www.wis-tns.org/object/2026oxj,,,,,,,
AT2026wxr,SIDEREAL,215.209295,61.2701045,2000.0,1bb79cd9-35f0-4653-a20d-f99dcbe8dbaf,56.52,Unclassified,electromagnetic,https://jackmcguireastro.github.io/ctas.html?event=1bb79cd9-35f0-4653-a20d-f99dcbe8dbaf#dossier,https://www.wis-tns.org/object/2026wxr,,,,,,,
AT2026wxs,SIDEREAL,15.483122,41.6918244,2000.0,3b597190-46c7-4dfd-b4e6-f12987fb6a04,58.34,Unclassified,electromagnetic,https://jackmcguireastro.github.io/ctas.html?event=3b597190-46c7-4dfd-b4e6-f12987fb6a04#dossier,https://www.wis-tns.org/object/2026wxs,,,,,,,
AT2026wxt,SIDEREAL,282.8237622,37.1687758,2000.0,e4c35034-384e-401d-8261-301b298e70e3,56.46,Unclassified,electromagnetic,https://jackmcguireastro.github.io/ctas.html?event=e4c35034-384e-401d-8261-301b298e70e3#dossier,https://www.wis-tns.org/object/2026wxt,,,,,,,
AT2026wxu,SIDEREAL,356.6039221,43.8288302,2000.0,cfb9c4ea-e89e-4268-9de1-e3e164f68db3,57.39,Unclassified,electromagnetic,https://jackmcguireastro.github.io/ctas.html?event=cfb9c4ea-e89e-4268-9de1-e3e164f68db3#dossier,https://www.wis-tns.org/object/2026wxu,,,,,,,
AT2018mvd,SIDEREAL,19.1535336,17.5613289,2000.0,9a5a50ad-d63b-47cb-ac40-1ef7ec7932d7,60.27,Unclassified,electromagnetic,https://jackmcguireastro.github.io/ctas.html?event=9a5a50ad-d63b-47cb-ac40-1ef7ec7932d7#dossier,https://www.wis-tns.org/object/2018mvd,,,,,,,
AT2026wxv,SIDEREAL,281.7272813,16.8052043,2000.0,f9dcb89d-f0ce-452e-afc0-c764a5c3b884,57.2,Unclassified,electromagnetic,https://jackmcguireastro.github.io/ctas.html?event=f9dcb89d-f0ce-452e-afc0-c764a5c3b884#dossier,https://www.wis-tns.org/object/2026wxv,,,,,,,
AT2026wxw,SIDEREAL,241.0843906,-2.0330029,2000.0,201e45a3-9618-42dc-bf8e-8b8b40972531,55.84,Unclassified,electromagnetic,https://jackmcguireastro.github.io/ctas.html?event=201e45a3-9618-42dc-bf8e-8b8b40972531#dossier,https://www.wis-tns.org/object/2026wxw,,,,,,,
AT2026pzb,SIDEREAL,3.4104112,-13.7384331,2000.0,9fa3c6a5-3ee1-4369-bd3f-1b103e5e231b,56.73,Unclassified,electromagnetic,https://jackmcguireastro.github.io/ctas.html?event=9fa3c6a5-3ee1-4369-bd3f-1b103e5e231b#dossier,https://www.wis-tns.org/object/2026pzb,,,,,,,
SN2026veg,SIDEREAL,352.5463246,30.2095572,2000.0,aa30bb2f-311d-419c-99a7-7581e28e9604,49.98,SN Ia,electromagnetic,https://jackmcguireastro.github.io/ctas.html?event=aa30bb2f-311d-419c-99a7-7581e28e9604#dossier,https://www.wis-tns.org/object/2026veg,,,,,,,
AT2026wxx,SIDEREAL,298.8288172,4.1561628,2000.0,ff580bde-e60e-440f-b862-5425345ea4c9,54.48,Unclassified,electromagnetic,https://jackmcguireastro.github.io/ctas.html?event=ff580bde-e60e-440f-b862-5425345ea4c9#dossier,https://www.wis-tns.org/object/2026wxx,,,,,,,
AT2026wxg,SIDEREAL,174.018121183,4.42700822133,2000.0,e361a218-bc41-4a6e-80e6-06e0342cc4b5,53.6,Unclassified,electromagnetic,https://jackmcguireastro.github.io/ctas.html?event=e361a218-bc41-4a6e-80e6-06e0342cc4b5#dossier,https://www.wis-tns.org/object/2026wxg,,,,,,,
AT2026wxh,SIDEREAL,245.000454242,10.6118042971,2000.0,13808f8f-d8be-4e13-95f0-0a6c23fecb6a,54.53,Unclassified,electromagnetic,https://jackmcguireastro.github.io/ctas.html?event=13808f8f-d8be-4e13-95f0-0a6c23fecb6a#dossier,https://www.wis-tns.org/object/2026wxh,,,,,,,
AT2026wxi,SIDEREAL,213.684288219,15.36364474,2000.0,c1b8c65e-025b-460d-8559-102a44cb2ad9,52.58,Unclassified,electromagnetic,https://jackmcguireastro.github.io/ctas.html?event=c1b8c65e-025b-460d-8559-102a44cb2ad9#dossier,https://www.wis-tns.org/object/2026wxi,,,,,,,
AT2026wxj,SIDEREAL,165.153157651,-27.7117957627,2000.0,74c64b38-4439-47ec-b735-0662b5a0bb83,53.28,Unclassified,electromagnetic,https://jackmcguireastro.github.io/ctas.html?event=74c64b38-4439-47ec-b735-0662b5a0bb83#dossier,https://www.wis-tns.org/object/2026wxj,,,,,,,
AT2026wxk,SIDEREAL,260.892028319,6.24125301958,2000.0,9dded35b-9037-4021-86e6-9d31ace8b6de,54.12,Unclassified,electromagnetic,https://jackmcguireastro.github.io/ctas.html?event=9dded35b-9037-4021-86e6-9d31ace8b6de#dossier,https://www.wis-tns.org/object/2026wxk,,,,,,,
AT2026wxl,SIDEREAL,219.545235119,7.10833153486,2000.0,709fae27-be93-4878-a7b1-4bcfef39613f,53.85,Unclassified,electromagnetic,https://jackmcguireastro.github.io/ctas.html?event=709fae27-be93-4878-a7b1-4bcfef39613f#dossier,https://www.wis-tns.org/object/2026wxl,,,,,,,
AT2026wxm,SIDEREAL,209.894282018,7.1654343033,2000.0,c8494a1d-47fe-4bfd-9386-345bd872a455,52.88,Unclassified,electromagnetic,https://jackmcguireastro.github.io/ctas.html?event=c8494a1d-47fe-4bfd-9386-345bd872a455#dossier,https://www.wis-tns.org/object/2026wxm,,,,,,,
AT2026wxn,SIDEREAL,153.955035272,-16.8759814523,2000.0,1a72891b-c99d-425e-aa6f-8a652e3aa163,54.77,Unclassified,electromagnetic,https://jackmcguireastro.github.io/ctas.html?event=1a72891b-c99d-425e-aa6f-8a652e3aa163#dossier,https://www.wis-tns.org/object/2026wxn,,,,,,,
AT2026wxo,SIDEREAL,193.933037508,27.5779696688,2000.0,abc3f629-4d72-48b2-b01e-c79c1d2eae08,53.52,Unclassified,electromagnetic,https://jackmcguireastro.github.io/ctas.html?event=abc3f629-4d72-48b2-b01e-c79c1d2eae08#dossier,https://www.wis-tns.org/object/2026wxo,,,,,,,
AT2026wxp,SIDEREAL,199.684242686,-20.5107128121,2000.0,61f4e8d8-b7ec-4dde-a4e2-b38536229a24,54.05,Unclassified,electromagnetic,https://jackmcguireastro.github.io/ctas.html?event=61f4e8d8-b7ec-4dde-a4e2-b38536229a24#dossier,https://www.wis-tns.org/object/2026wxp,,,,,,,
SN2026wjd,SIDEREAL,354.1655261,47.2887449,2000.0,c36c3a5c-95f8-4b62-97d9-1bb90eb7093c,47.23,SN Ia,electromagnetic,https://jackmcguireastro.github.io/ctas.html?event=c36c3a5c-95f8-4b62-97d9-1bb90eb7093c#dossier,https://www.wis-tns.org/object/2026wjd,,,,,,,
SN2026uyc,SIDEREAL,298.67435,-12.8516385,2000.0,f96f8b0c-65e1-45d0-a53d-2c2cf2a0dec3,42.46,SN Ia,electromagnetic,https://jackmcguireastro.github.io/ctas.html?event=f96f8b0c-65e1-45d0-a53d-2c2cf2a0dec3#dossier,https://www.wis-tns.org/object/2026uyc,,,,,,,
SN2026wep,SIDEREAL,310.4083768,-18.5837767,2000.0,3e87c567-4cbb-416b-a35a-6e55ccc77004,43.67,SN Ia,electromagnetic,https://jackmcguireastro.github.io/ctas.html?event=3e87c567-4cbb-416b-a35a-6e55ccc77004#dossier,https://www.wis-tns.org/object/2026wep,,,,,,,
AT2026uib,SIDEREAL,183.6719275,46.6084718,2000.0,d980a23f-7ea8-4e36-9b0f-f0ba4c63eb20,58.52,Unclassified,electromagnetic,https://jackmcguireastro.github.io/ctas.html?event=d980a23f-7ea8-4e36-9b0f-f0ba4c63eb20#dossier,https://www.wis-tns.org/object/2026uib,,,,,,,
AT2026wxq,SIDEREAL,292.920653,-26.7441008,2000.0,6c689c48-0edc-4802-a411-b3b043ebdc86,57.32,Unclassified,electromagnetic,https://jackmcguireastro.github.io/ctas.html?event=6c689c48-0edc-4802-a411-b3b043ebdc86#dossier,https://www.wis-tns.org/object/2026wxq,,,,,,,
AT2026wwc,SIDEREAL,231.1841567,52.3629416,2000.0,7f53cbcf-df7c-43ce-8ad0-6238c0c46a23,56.67,Unclassified,electromagnetic,https://jackmcguireastro.github.io/ctas.html?event=7f53cbcf-df7c-43ce-8ad0-6238c0c46a23#dossier,https://www.wis-tns.org/object/2026wwc,,,,,,,
AT2026wwd,SIDEREAL,346.590480471,-6.77826979302,2000.0,b277fa8f-7f31-438c-a553-332d8f1f9f78,54.65,Unclassified,electromagnetic,https://jackmcguireastro.github.io/ctas.html?event=b277fa8f-7f31-438c-a553-332d8f1f9f78#dossier,https://www.wis-tns.org/object/2026wwd,,,,,,,
AT2026wwe,SIDEREAL,271.387419629,27.3147027587,2000.0,b5b76d6b-df08-411d-a828-0ecb4e3f4884,53.25,Unclassified,electromagnetic,https://jackmcguireastro.github.io/ctas.html?event=b5b76d6b-df08-411d-a828-0ecb4e3f4884#dossier,https://www.wis-tns.org/object/2026wwe,,,,,,,
AT2026wwf,SIDEREAL,307.501029645,-29.7065961474,2000.0,d52bd449-b3d0-426d-a3cf-8afb647568d6,53.52,Unclassified,electromagnetic,https://jackmcguireastro.github.io/ctas.html?event=d52bd449-b3d0-426d-a3cf-8afb647568d6#dossier,https://www.wis-tns.org/object/2026wwf,,,,,,,
AT2026wwg,SIDEREAL,327.19306498,12.8660726855,2000.0,a4cb08b3-9ebb-483a-add8-405cb1e23287,56.2,Unclassified,electromagnetic,https://jackmcguireastro.github.io/ctas.html?event=a4cb08b3-9ebb-483a-add8-405cb1e23287#dossier,https://www.wis-tns.org/object/2026wwg,,,,,,,
AT2026wwh,SIDEREAL,338.021372302,23.0024130112,2000.0,05ce371a-df5b-4fef-944a-73ee2f5d106d,55.73,Unclassified,electromagnetic,https://jackmcguireastro.github.io/ctas.html?event=05ce371a-df5b-4fef-944a-73ee2f5d106d#dossier,https://www.wis-tns.org/object/2026wwh,,,,,,,
AT2026wwi,SIDEREAL,232.596324828,13.5749882672,2000.0,1259ab73-ff96-4071-aa49-2188e6d5830b,54.48,Unclassified,electromagnetic,https://jackmcguireastro.github.io/ctas.html?event=1259ab73-ff96-4071-aa49-2188e6d5830b#dossier,https://www.wis-tns.org/object/2026wwi,,,,,,,
AT2026wwj,SIDEREAL,227.312447324,30.4448131899,2000.0,79ce10b2-6a64-4f76-a1dc-8b6e9c3e2be6,53.83,Unclassified,electromagnetic,https://jackmcguireastro.github.io/ctas.html?event=79ce10b2-6a64-4f76-a1dc-8b6e9c3e2be6#dossier,https://www.wis-tns.org/object/2026wwj,,,,,,,
AT2026wwk,SIDEREAL,320.174255958,-35.8665333273,2000.0,5db3ed89-e815-4e4b-a4bc-ba5766d23124,54.32,Unclassified,electromagnetic,https://jackmcguireastro.github.io/ctas.html?event=5db3ed89-e815-4e4b-a4bc-ba5766d23124#dossier,https://www.wis-tns.org/object/2026wwk,,,,,,,
AT2026wwl,SIDEREAL,337.0853514,-22.6889609232,2000.0,3fee21e4-36a2-4ebe-8a58-34e0d463077e,54.6,Unclassified,electromagnetic,https://jackmcguireastro.github.io/ctas.html?event=3fee21e4-36a2-4ebe-8a58-34e0d463077e#dossier,https://www.wis-tns.org/object/2026wwl,,,,,,,
AT2026wwm,SIDEREAL,209.892649209,13.5817815363,2000.0,0a303359-18b8-4162-9c9c-86dfdd62e233,55.38,Unclassified,electromagnetic,https://jackmcguireastro.github.io/ctas.html?event=0a303359-18b8-4162-9c9c-86dfdd62e233#dossier,https://www.wis-tns.org/object/2026wwm,,,,,,,
AT2026wwn,SIDEREAL,267.754770083,28.0754006557,2000.0,d4eb6007-d7ef-486b-8742-33b71d61eb76,55.78,Unclassified,electromagnetic,https://jackmcguireastro.github.io/ctas.html?event=d4eb6007-d7ef-486b-8742-33b71d61eb76#dossier,https://www.wis-tns.org/object/2026wwn,,,,,,,
AT2026wwo,SIDEREAL,191.573365794,40.9804394892,2000.0,d511a33f-1442-4ea0-8075-ed27fb8b43c9,55.45,Unclassified,electromagnetic,https://jackmcguireastro.github.io/ctas.html?event=d511a33f-1442-4ea0-8075-ed27fb8b43c9#dossier,https://www.wis-tns.org/object/2026wwo,,,,,,,
AT2026wwp,SIDEREAL,250.999439724,39.7015468326,2000.0,bb80ef37-4cbd-4229-9011-93fe325f2e86,53.9,Unclassified,electromagnetic,https://jackmcguireastro.github.io/ctas.html?event=bb80ef37-4cbd-4229-9011-93fe325f2e86#dossier,https://www.wis-tns.org/object/2026wwp,,,,,,,
AT2026wwq,SIDEREAL,214.008677348,-30.351165423,2000.0,a0beb2f4-0b06-482b-b7e7-14af7cbb218b,56.62,Unclassified,electromagnetic,https://jackmcguireastro.github.io/ctas.html?event=a0beb2f4-0b06-482b-b7e7-14af7cbb218b#dossier,https://www.wis-tns.org/object/2026wwq,,,,,,,
AT2026wwr,SIDEREAL,204.767946199,39.9738025486,2000.0,91b6e0ab-1798-4640-bc0d-21ca3146d08e,53.05,Unclassified,electromagnetic,https://jackmcguireastro.github.io/ctas.html?event=91b6e0ab-1798-4640-bc0d-21ca3146d08e#dossier,https://www.wis-tns.org/object/2026wwr,,,,,,,
AT2026wws,SIDEREAL,216.793297681,17.5195485127,2000.0,eeefe571-f5d8-4018-8f8f-070114b6a836,53.8,Unclassified,electromagnetic,https://jackmcguireastro.github.io/ctas.html?event=eeefe571-f5d8-4018-8f8f-070114b6a836#dossier,https://www.wis-tns.org/object/2026wws,,,,,,,
AT2026wwt,SIDEREAL,257.104675946,23.4897707966,2000.0,a07d00a7-cf81-481f-a152-575617d45b0c,52.95,Unclassified,electromagnetic,https://jackmcguireastro.github.io/ctas.html?event=a07d00a7-cf81-481f-a152-575617d45b0c#dossier,https://www.wis-tns.org/object/2026wwt,,,,,,,
AT2026wwu,SIDEREAL,205.276649516,-14.6164916708,2000.0,4aeae410-aa49-42bb-b326-5205c1d8cd82,53.8,Unclassified,electromagnetic,https://jackmcguireastro.github.io/ctas.html?event=4aeae410-aa49-42bb-b326-5205c1d8cd82#dossier,https://www.wis-tns.org/object/2026wwu,,,,,,,
AT2026wwv,SIDEREAL,226.692764539,-20.0910439715,2000.0,e19f6f2a-b952-4589-b2a3-fa7fa96e0441,54.23,Unclassified,electromagnetic,https://jackmcguireastro.github.io/ctas.html?event=e19f6f2a-b952-4589-b2a3-fa7fa96e0441#dossier,https://www.wis-tns.org/object/2026wwv,,,,,,,
AT2026www,SIDEREAL,215.357246079,12.1814857581,2000.0,ad4d8474-b652-4d82-a1d3-3632e3d3c877,53.4,Unclassified,electromagnetic,https://jackmcguireastro.github.io/ctas.html?event=ad4d8474-b652-4d82-a1d3-3632e3d3c877#dossier,https://www.wis-tns.org/object/2026www,,,,,,,
AT2026wwx,SIDEREAL,210.752002196,8.61496762577,2000.0,ff327535-91e5-48dd-a163-6255653b5224,52.67,Unclassified,electromagnetic,https://jackmcguireastro.github.io/ctas.html?event=ff327535-91e5-48dd-a163-6255653b5224#dossier,https://www.wis-tns.org/object/2026wwx,,,,,,,
AT2026wwy,SIDEREAL,206.241667824,39.121819348,2000.0,bd4eb60d-1e70-4c32-b16b-1a8a505c21ac,55.28,Unclassified,electromagnetic,https://jackmcguireastro.github.io/ctas.html?event=bd4eb60d-1e70-4c32-b16b-1a8a505c21ac#dossier,https://www.wis-tns.org/object/2026wwy,,,,,,,
AT2026wwz,SIDEREAL,198.139396161,36.0155448387,2000.0,e45c82cd-749d-4e18-b09a-6d9e0310942e,54.48,Unclassified,electromagnetic,https://jackmcguireastro.github.io/ctas.html?event=e45c82cd-749d-4e18-b09a-6d9e0310942e#dossier,https://www.wis-tns.org/object/2026wwz,,,,,,,
AT2026wxa,SIDEREAL,195.848916172,41.4648014671,2000.0,3280da38-9bf0-4508-bbfe-d074131bf6e2,54.65,Unclassified,electromagnetic,https://jackmcguireastro.github.io/ctas.html?event=3280da38-9bf0-4508-bbfe-d074131bf6e2#dossier,https://www.wis-tns.org/object/2026wxa,,,,,,,
AT2026wxb,SIDEREAL,233.57263021,-10.2455762273,2000.0,ad069fe6-1e44-4550-9c64-9039f22f12ec,53.85,Unclassified,electromagnetic,https://jackmcguireastro.github.io/ctas.html?event=ad069fe6-1e44-4550-9c64-9039f22f12ec#dossier,https://www.wis-tns.org/object/2026wxb,,,,,,,
AT2026wxd,SIDEREAL,229.309358076,20.6588628511,2000.0,3c22d735-2b4f-4b72-bc8b-f460faaade75,53.45,Unclassified,electromagnetic,https://jackmcguireastro.github.io/ctas.html?event=3c22d735-2b4f-4b72-bc8b-f460faaade75#dossier,https://www.wis-tns.org/object/2026wxd,,,,,,,
AT2026wxe,SIDEREAL,277.241329329,32.339244393,2000.0,a8894446-cf49-4a1f-a4db-5b179d183439,54.58,Unclassified,electromagnetic,https://jackmcguireastro.github.io/ctas.html?event=a8894446-cf49-4a1f-a4db-5b179d183439#dossier,https://www.wis-tns.org/object/2026wxe,,,,,,,
AT2026wxf,SIDEREAL,194.134564122,6.21118863448,2000.0,0ca30ca9-3aab-4bd2-9d86-960da9f8141e,54.65,Unclassified,electromagnetic,https://jackmcguireastro.github.io/ctas.html?event=0ca30ca9-3aab-4bd2-9d86-960da9f8141e#dossier,https://www.wis-tns.org/object/2026wxf,,,,,,,
AT2026wwb,SIDEREAL,250.3664867,36.1090894,2000.0,227f5f61-25e0-499c-a2bf-f4251ba0a167,55.33,Unclassified,electromagnetic,https://jackmcguireastro.github.io/ctas.html?event=227f5f61-25e0-499c-a2bf-f4251ba0a167#dossier,https://www.wis-tns.org/object/2026wwb,,,,,,,
AT2026wuf,SIDEREAL,341.046547183,19.7903928344,2000.0,95c00adc-d0f2-4594-aaa2-7d4503af9ffb,52.45,Unclassified,electromagnetic,https://jackmcguireastro.github.io/ctas.html?event=95c00adc-d0f2-4594-aaa2-7d4503af9ffb#dossier,https://www.wis-tns.org/object/2026wuf,,,,,,,
AT2026wug,SIDEREAL,243.094303771,29.6773097788,2000.0,7c7d4576-20ce-4e8c-84e8-1d79ac3e384d,53.85,Unclassified,electromagnetic,https://jackmcguireastro.github.io/ctas.html?event=7c7d4576-20ce-4e8c-84e8-1d79ac3e384d#dossier,https://www.wis-tns.org/object/2026wug,,,,,,,
AT2026wuh,SIDEREAL,359.829304905,30.6246249206,2000.0,bc44c611-1dbe-40f8-bced-7c60eb05c0e8,53.18,Unclassified,electromagnetic,https://jackmcguireastro.github.io/ctas.html?event=bc44c611-1dbe-40f8-bced-7c60eb05c0e8#dossier,https://www.wis-tns.org/object/2026wuh,,,,,,,
AT2026wui,SIDEREAL,38.3096315615,23.8864532151,2000.0,11bce390-5bf1-4bb1-992c-7100ab8da2ce,52.83,Unclassified,electromagnetic,https://jackmcguireastro.github.io/ctas.html?event=11bce390-5bf1-4bb1-992c-7100ab8da2ce#dossier,https://www.wis-tns.org/object/2026wui,,,,,,,
AT2026wuj,SIDEREAL,221.71827965,23.6927629842,2000.0,c5be0de3-db20-4fcf-9f12-107e1848e012,54.4,Unclassified,electromagnetic,https://jackmcguireastro.github.io/ctas.html?event=c5be0de3-db20-4fcf-9f12-107e1848e012#dossier,https://www.wis-tns.org/object/2026wuj,,,,,,,
AT2026wuk,SIDEREAL,237.649454186,16.224734514,2000.0,c3686ff8-981a-4685-bb9d-15620c74d604,54.85,Unclassified,electromagnetic,https://jackmcguireastro.github.io/ctas.html?event=c3686ff8-981a-4685-bb9d-15620c74d604#dossier,https://www.wis-tns.org/object/2026wuk,,,,,,,
AT2026wul,SIDEREAL,232.984047491,-23.1323606439,2000.0,2c6a192e-e8ff-4826-a4e7-0219fe1b5ea6,53.7,Unclassified,electromagnetic,https://jackmcguireastro.github.io/ctas.html?event=2c6a192e-e8ff-4826-a4e7-0219fe1b5ea6#dossier,https://www.wis-tns.org/object/2026wul,,,,,,,
AT2026wum,SIDEREAL,202.476764969,-8.03828979627,2000.0,5093af37-848b-4d93-9c65-a56df1c2243b,52.1,Unclassified,electromagnetic,https://jackmcguireastro.github.io/ctas.html?event=5093af37-848b-4d93-9c65-a56df1c2243b#dossier,https://www.wis-tns.org/object/2026wum,,,,,,,
AT2026wun,SIDEREAL,224.728969776,20.9498215804,2000.0,917f7286-14f9-4873-bfe9-ba77f1ccaf5e,53.18,Unclassified,electromagnetic,https://jackmcguireastro.github.io/ctas.html?event=917f7286-14f9-4873-bfe9-ba77f1ccaf5e#dossier,https://www.wis-tns.org/object/2026wun,,,,,,,
AT2026wuo,SIDEREAL,354.129718402,-1.70848902471,2000.0,b7c8dfbd-d0bf-4dad-89fd-deca484110b6,52.67,Unclassified,electromagnetic,https://jackmcguireastro.github.io/ctas.html?event=b7c8dfbd-d0bf-4dad-89fd-deca484110b6#dossier,https://www.wis-tns.org/object/2026wuo,,,,,,,
AT2026wup,SIDEREAL,241.666507993,-0.0636009356928,2000.0,4ac60de2-d497-4bca-948a-6a2660308f1c,55.0,Unclassified,electromagnetic,https://jackmcguireastro.github.io/ctas.html?event=4ac60de2-d497-4bca-948a-6a2660308f1c#dossier,https://www.wis-tns.org/object/2026wup,,,,,,,
AT2026wuq,SIDEREAL,260.365919421,31.7665973592,2000.0,92d82bae-1a73-4da8-96fa-18637fec99c0,54.03,Unclassified,electromagnetic,https://jackmcguireastro.github.io/ctas.html?event=92d82bae-1a73-4da8-96fa-18637fec99c0#dossier,https://www.wis-tns.org/object/2026wuq,,,,,,,
AT2026wur,SIDEREAL,238.040873559,21.3934949317,2000.0,2ef35de6-1f0a-41b7-b0f4-de4ef89c520e,53.65,Unclassified,electromagnetic,https://jackmcguireastro.github.io/ctas.html?event=2ef35de6-1f0a-41b7-b0f4-de4ef89c520e#dossier,https://www.wis-tns.org/object/2026wur,,,,,,,
AT2026wus,SIDEREAL,201.066906587,-23.5469365387,2000.0,00aa49d9-b5a0-45f9-ad68-74cf6511fc06,55.25,Unclassified,electromagnetic,https://jackmcguireastro.github.io/ctas.html?event=00aa49d9-b5a0-45f9-ad68-74cf6511fc06#dossier,https://www.wis-tns.org/object/2026wus,,,,,,,
AT2026wut,SIDEREAL,308.700039992,-30.768562463,2000.0,aaf322d6-b326-4fe5-b824-2d5f08f43d50,54.32,Unclassified,electromagnetic,https://jackmcguireastro.github.io/ctas.html?event=aaf322d6-b326-4fe5-b824-2d5f08f43d50#dossier,https://www.wis-tns.org/object/2026wut,,,,,,,
AT2026wuu,SIDEREAL,228.160374113,17.1445336213,2000.0,c4a495b3-59d9-4110-b192-c6a33ed1e4da,54.55,Unclassified,electromagnetic,https://jackmcguireastro.github.io/ctas.html?event=c4a495b3-59d9-4110-b192-c6a33ed1e4da#dossier,https://www.wis-tns.org/object/2026wuu,,,,,,,
AT2026wuv,SIDEREAL,240.104829463,52.6581442409,2000.0,f1b825d1-f70f-4dbf-b61e-53ea0838b7f3,54.0,Unclassified,electromagnetic,https://jackmcguireastro.github.io/ctas.html?event=f1b825d1-f70f-4dbf-b61e-53ea0838b7f3#dossier,https://www.wis-tns.org/object/2026wuv,,,,,,,
AT2026wuw,SIDEREAL,256.3382589,29.0387276335,2000.0,15618da2-ddf0-4d89-8366-8947019bae1c,53.5,Unclassified,electromagnetic,https://jackmcguireastro.github.io/ctas.html?event=15618da2-ddf0-4d89-8366-8947019bae1c#dossier,https://www.wis-tns.org/object/2026wuw,,,,,,,
AT2026wux,SIDEREAL,355.941156583,27.8992777028,2000.0,d0df1e88-ccf9-4037-91a0-57bb0b67518b,54.03,Unclassified,electromagnetic,https://jackmcguireastro.github.io/ctas.html?event=d0df1e88-ccf9-4037-91a0-57bb0b67518b#dossier,https://www.wis-tns.org/object/2026wux,,,,,,,
AT2026wuy,SIDEREAL,7.60893872866,29.5179345982,2000.0,c726c980-4d5a-46e5-9e72-30f97cf3a7c9,53.42,Unclassified,electromagnetic,https://jackmcguireastro.github.io/ctas.html?event=c726c980-4d5a-46e5-9e72-30f97cf3a7c9#dossier,https://www.wis-tns.org/object/2026wuy,,,,,,,
AT2026wuz,SIDEREAL,354.460909057,-1.77151320499,2000.0,d0e0ecb0-92b4-4933-95f0-d83e578b558a,56.12,Unclassified,electromagnetic,https://jackmcguireastro.github.io/ctas.html?event=d0e0ecb0-92b4-4933-95f0-d83e578b558a#dossier,https://www.wis-tns.org/object/2026wuz,,,,,,,
AT2026wva,SIDEREAL,355.742811321,-2.5171742127,2000.0,9723d0a4-7028-4712-ab51-32dba1c265cf,51.27,Unclassified,electromagnetic,https://jackmcguireastro.github.io/ctas.html?event=9723d0a4-7028-4712-ab51-32dba1c265cf#dossier,https://www.wis-tns.org/object/2026wva,,,,,,,
AT2026wvb,SIDEREAL,356.543319715,-4.68116048419,2000.0,898546e2-c9fe-4347-a4a4-c34dcf2438c2,51.67,Unclassified,electromagnetic,https://jackmcguireastro.github.io/ctas.html?event=898546e2-c9fe-4347-a4a4-c34dcf2438c2#dossier,https://www.wis-tns.org/object/2026wvb,,,,,,,
AT2026wvc,SIDEREAL,359.855389878,-7.52696466752,2000.0,8692eb90-6af8-4b32-8a58-c93adb401e33,52.27,Unclassified,electromagnetic,https://jackmcguireastro.github.io/ctas.html?event=8692eb90-6af8-4b32-8a58-c93adb401e33#dossier,https://www.wis-tns.org/object/2026wvc,,,,,,,
AT2026wvd,SIDEREAL,37.7343929237,12.2800244925,2000.0,b7c74a7c-4d1a-4339-9ddd-c47475c006cd,53.65,Unclassified,electromagnetic,https://jackmcguireastro.github.io/ctas.html?event=b7c74a7c-4d1a-4339-9ddd-c47475c006cd#dossier,https://www.wis-tns.org/object/2026wvd,,,,,,,
AT2026wve,SIDEREAL,5.05386807774,32.2599532849,2000.0,f94278df-9d2e-474e-b33d-ce8fed321bbc,53.8,Unclassified,electromagnetic,https://jackmcguireastro.github.io/ctas.html?event=f94278df-9d2e-474e-b33d-ce8fed321bbc#dossier,https://www.wis-tns.org/object/2026wve,,,,,,,
AT2026wvf,SIDEREAL,350.899642819,24.1945181033,2000.0,d0ee4df6-12bc-4be6-b8ad-0ce2f72bcbab,54.03,Unclassified,electromagnetic,https://jackmcguireastro.github.io/ctas.html?event=d0ee4df6-12bc-4be6-b8ad-0ce2f72bcbab#dossier,https://www.wis-tns.org/object/2026wvf,,,,,,,
AT2026wvg,SIDEREAL,335.793029468,-2.36915968373,2000.0,93fa54d0-3c9a-4cad-bf24-1023f46ca2bb,54.27,Unclassified,electromagnetic,https://jackmcguireastro.github.io/ctas.html?event=93fa54d0-3c9a-4cad-bf24-1023f46ca2bb#dossier,https://www.wis-tns.org/object/2026wvg,,,,,,,
AT2026wvh,SIDEREAL,340.746111837,-7.67004303455,2000.0,7b51e81c-d9eb-4c1b-ae65-3454a305df42,53.1,Unclassified,electromagnetic,https://jackmcguireastro.github.io/ctas.html?event=7b51e81c-d9eb-4c1b-ae65-3454a305df42#dossier,https://www.wis-tns.org/object/2026wvh,,,,,,,
AT2026wvi,SIDEREAL,10.9183609915,-30.7207090042,2000.0,d2a0446d-eaae-4487-9c6a-2c93a91ad48b,54.8,Unclassified,electromagnetic,https://jackmcguireastro.github.io/ctas.html?event=d2a0446d-eaae-4487-9c6a-2c93a91ad48b#dossier,https://www.wis-tns.org/object/2026wvi,,,,,,,
AT2026wvj,SIDEREAL,354.304527164,-6.24678894787,2000.0,c940d9e6-0ab0-49cc-9cc3-3e73fed4e618,50.92,Unclassified,electromagnetic,https://jackmcguireastro.github.io/ctas.html?event=c940d9e6-0ab0-49cc-9cc3-3e73fed4e618#dossier,https://www.wis-tns.org/object/2026wvj,,,,,,,
AT2026wvk,SIDEREAL,6.33785061816,26.7126939226,2000.0,827ceef3-c129-4455-ae30-31770fe06269,54.1,Unclassified,electromagnetic,https://jackmcguireastro.github.io/ctas.html?event=827ceef3-c129-4455-ae30-31770fe06269#dossier,https://www.wis-tns.org/object/2026wvk,,,,,,,
AT2026wvl,SIDEREAL,357.615580935,-3.85172590268,2000.0,6f31650a-9d4e-43a3-881e-63634fe82ca0,54.1,Unclassified,electromagnetic,https://jackmcguireastro.github.io/ctas.html?event=6f31650a-9d4e-43a3-881e-63634fe82ca0#dossier,https://www.wis-tns.org/object/2026wvl,,,,,,,
AT2026wvm,SIDEREAL,11.240836063,25.347304897,2000.0,133a7991-c560-4e9b-ac31-fdaca8f8473d,53.35,Unclassified,electromagnetic,https://jackmcguireastro.github.io/ctas.html?event=133a7991-c560-4e9b-ac31-fdaca8f8473d#dossier,https://www.wis-tns.org/object/2026wvm,,,,,,,
AT2026wvn,SIDEREAL,346.666275299,5.55228037736,2000.0,57c7d37f-8139-412f-bbe5-21b8f179c5c6,52.12,Unclassified,electromagnetic,https://jackmcguireastro.github.io/ctas.html?event=57c7d37f-8139-412f-bbe5-21b8f179c5c6#dossier,https://www.wis-tns.org/object/2026wvn,,,,,,,
AT2026wvo,SIDEREAL,332.599009016,16.3385486014,2000.0,147ba0a6-f781-4f8b-9774-2db2002da753,53.68,Unclassified,electromagnetic,https://jackmcguireastro.github.io/ctas.html?event=147ba0a6-f781-4f8b-9774-2db2002da753#dossier,https://www.wis-tns.org/object/2026wvo,,,,,,,
AT2026wvp,SIDEREAL,320.56620843,-2.5645470964,2000.0,0e134c1b-6644-45b5-aa48-c20d589b388a,53.83,Unclassified,electromagnetic,https://jackmcguireastro.github.io/ctas.html?event=0e134c1b-6644-45b5-aa48-c20d589b388a#dossier,https://www.wis-tns.org/object/2026wvp,,,,,,,
AT2026wvq,SIDEREAL,355.103433724,-24.6759202006,2000.0,ce54ed44-335d-4485-b7a6-67dbd8ecf10a,54.27,Unclassified,electromagnetic,https://jackmcguireastro.github.io/ctas.html?event=ce54ed44-335d-4485-b7a6-67dbd8ecf10a#dossier,https://www.wis-tns.org/object/2026wvq,,,,,,,
AT2026wvr,SIDEREAL,351.368604734,-20.023557838,2000.0,db753c0d-c94c-433e-9908-fafcd42684cd,54.75,Unclassified,electromagnetic,https://jackmcguireastro.github.io/ctas.html?event=db753c0d-c94c-433e-9908-fafcd42684cd#dossier,https://www.wis-tns.org/object/2026wvr,,,,,,,
AT2026wvs,SIDEREAL,270.395583716,35.631639523,2000.0,7dd3e38e-38c6-4440-ae2b-6e447a3fcca0,52.15,Unclassified,electromagnetic,https://jackmcguireastro.github.io/ctas.html?event=7dd3e38e-38c6-4440-ae2b-6e447a3fcca0#dossier,https://www.wis-tns.org/object/2026wvs,,,,,,,
AT2026wvt,SIDEREAL,340.036632196,-6.41677610285,2000.0,ee62bbbc-e266-47a4-bb09-f361fcce8e5d,52.67,Unclassified,electromagnetic,https://jackmcguireastro.github.io/ctas.html?event=ee62bbbc-e266-47a4-bb09-f361fcce8e5d#dossier,https://www.wis-tns.org/object/2026wvt,,,,,,,
AT2026wvu,SIDEREAL,356.403083232,-3.0932102439,2000.0,f11af94f-c773-4932-b2b7-9602448f4ce7,51.62,Unclassified,electromagnetic,https://jackmcguireastro.github.io/ctas.html?event=f11af94f-c773-4932-b2b7-9602448f4ce7#dossier,https://www.wis-tns.org/object/2026wvu,,,,,,,
AT2026wvx,SIDEREAL,242.6316915,3.9620316,2000.0,9d22fd3e-68dc-4d99-b023-f73275713209,54.51,Unclassified,electromagnetic,https://jackmcguireastro.github.io/ctas.html?event=9d22fd3e-68dc-4d99-b023-f73275713209#dossier,https://www.wis-tns.org/object/2026wvx,,,,,,,
AT2026wvz,SIDEREAL,263.4234189,3.9325402,2000.0,247470f9-5624-4407-a73d-a9cc39ff412f,53.94,Unclassified,electromagnetic,https://jackmcguireastro.github.io/ctas.html?event=247470f9-5624-4407-a73d-a9cc39ff412f#dossier,https://www.wis-tns.org/object/2026wvz,,,,,,,
AT2026wlo,SIDEREAL,296.074253333,-41.0022866667,2000.0,db89e909-0c1b-450d-b827-b93e1851819d,59.45,Unclassified,electromagnetic,https://jackmcguireastro.github.io/ctas.html?event=db89e909-0c1b-450d-b827-b93e1851819d#dossier,https://www.wis-tns.org/object/2026wlo,,,,,,,
AT2026wbn,SIDEREAL,1.16855909321,39.0860721219,2000.0,88f628ee-ed96-4e13-ac1d-38dc451f1f37,58.6,Unclassified,electromagnetic,https://jackmcguireastro.github.io/ctas.html?event=88f628ee-ed96-4e13-ac1d-38dc451f1f37#dossier,https://www.wis-tns.org/object/2026wbn,,,,,,,
AT2026wby,SIDEREAL,334.833604184,12.3017930088,2000.0,2ae0417f-c361-4c9a-bf50-1d420ae4744f,55.22,Unclassified,electromagnetic,https://jackmcguireastro.github.io/ctas.html?event=2ae0417f-c361-4c9a-bf50-1d420ae4744f#dossier,https://www.wis-tns.org/object/2026wby,,,,,,,
AT2026who,SIDEREAL,296.813427576,-60.1641763636,2000.0,e85a8787-0daf-4f0d-b59c-bc35fccadd02,59.75,Unclassified,electromagnetic,https://jackmcguireastro.github.io/ctas.html?event=e85a8787-0daf-4f0d-b59c-bc35fccadd02#dossier,https://www.wis-tns.org/object/2026who,,,,,,,
AT2026wcc,SIDEREAL,269.237239494,29.0709023558,2000.0,ee08763b-07a5-4a55-af3d-21e837a4dad5,53.95,Unclassified,electromagnetic,https://jackmcguireastro.github.io/ctas.html?event=ee08763b-07a5-4a55-af3d-21e837a4dad5#dossier,https://www.wis-tns.org/object/2026wcc,,,,,,,
AT2026wcg,SIDEREAL,4.11020186776,31.6379865792,2000.0,90da2799-9156-4881-8f33-99ded2376fe3,56.77,Unclassified,electromagnetic,https://jackmcguireastro.github.io/ctas.html?event=90da2799-9156-4881-8f33-99ded2376fe3#dossier,https://www.wis-tns.org/object/2026wcg,,,,,,,
AT2026wch,SIDEREAL,351.920871688,2.89058587757,2000.0,7ede70ad-55fd-4285-b737-b3863b717068,50.28,Unclassified,electromagnetic,https://jackmcguireastro.github.io/ctas.html?event=7ede70ad-55fd-4285-b737-b3863b717068#dossier,https://www.wis-tns.org/object/2026wch,,,,,,,
AT2026wlp,SIDEREAL,320.258165,-51.755275,2000.0,c4d3b559-4063-44e0-b427-0e25792be829,59.38,Unclassified,electromagnetic,https://jackmcguireastro.github.io/ctas.html?event=c4d3b559-4063-44e0-b427-0e25792be829#dossier,https://www.wis-tns.org/object/2026wlp,,,,,,,
AT2026wdh,SIDEREAL,233.538250056,17.7015206299,2000.0,9f296b82-e040-493a-8cda-26be810ee6f9,54.05,Unclassified,electromagnetic,https://jackmcguireastro.github.io/ctas.html?event=9f296b82-e040-493a-8cda-26be810ee6f9#dossier,https://www.wis-tns.org/object/2026wdh,,,,,,,
AT2026wdq,SIDEREAL,230.217639034,31.1725181902,2000.0,91489f76-6b50-4016-b772-05a3a681e7e7,56.27,Unclassified,electromagnetic,https://jackmcguireastro.github.io/ctas.html?event=91489f76-6b50-4016-b772-05a3a681e7e7#dossier,https://www.wis-tns.org/object/2026wdq,,,,,,,
AT2026wei,SIDEREAL,321.238219193,1.39320292064,2000.0,d0d6d194-468c-420f-a025-8ba1de8dd2af,55.62,Unclassified,electromagnetic,https://jackmcguireastro.github.io/ctas.html?event=d0d6d194-468c-420f-a025-8ba1de8dd2af#dossier,https://www.wis-tns.org/object/2026wei,,,,,,,
AT2026wfk,SIDEREAL,247.381534644,19.6201926947,2000.0,0039f21b-c012-47f1-8dec-219491f53344,57.03,Unclassified,electromagnetic,https://jackmcguireastro.github.io/ctas.html?event=0039f21b-c012-47f1-8dec-219491f53344#dossier,https://www.wis-tns.org/object/2026wfk,,,,,,,
AT2026wfz,SIDEREAL,279.379995325,53.7299963826,2000.0,7b65e74a-a94a-40c6-b838-6dee17d981d7,53.84,Unclassified,electromagnetic,https://jackmcguireastro.github.io/ctas.html?event=7b65e74a-a94a-40c6-b838-6dee17d981d7#dossier,https://www.wis-tns.org/object/2026wfz,,,,,,,
AT2026wga,SIDEREAL,265.826781129,43.0737221776,2000.0,d1295bee-6c85-4347-acce-bb3dd4d3f9f1,53.76,Unclassified,electromagnetic,https://jackmcguireastro.github.io/ctas.html?event=d1295bee-6c85-4347-acce-bb3dd4d3f9f1#dossier,https://www.wis-tns.org/object/2026wga,,,,,,,
AT2026wgf,SIDEREAL,339.704768073,21.3219355514,2000.0,bc9f2ea7-d9ce-4257-a5f4-23e56a024f4e,56.75,Unclassified,electromagnetic,https://jackmcguireastro.github.io/ctas.html?event=bc9f2ea7-d9ce-4257-a5f4-23e56a024f4e#dossier,https://www.wis-tns.org/object/2026wgf,,,,,,,
AT2026wgt,SIDEREAL,3.0363534127,26.1487972903,2000.0,e888c962-8269-42f3-b778-73dfa86220c7,59.02,Unclassified,electromagnetic,https://jackmcguireastro.github.io/ctas.html?event=e888c962-8269-42f3-b778-73dfa86220c7#dossier,https://www.wis-tns.org/object/2026wgt,,,,,,,
AT2026whq,SIDEREAL,267.231087508,42.4900485705,2000.0,5cf19b36-d870-4fad-8423-1eaf95da71de,57.27,Unclassified,electromagnetic,https://jackmcguireastro.github.io/ctas.html?event=5cf19b36-d870-4fad-8423-1eaf95da71de#dossier,https://www.wis-tns.org/object/2026whq,,,,,,,
AT2026whs,SIDEREAL,52.2789326746,28.4419742686,2000.0,d76c267b-2126-4de5-98a3-7fae2618b3bb,57.01,Unclassified,electromagnetic,https://jackmcguireastro.github.io/ctas.html?event=d76c267b-2126-4de5-98a3-7fae2618b3bb#dossier,https://www.wis-tns.org/object/2026whs,,,,,,,
AT2026whw,SIDEREAL,54.4613816829,25.809129246,2000.0,1f4e636d-a406-414c-b586-19ef65913d5c,56.49,Unclassified,electromagnetic,https://jackmcguireastro.github.io/ctas.html?event=1f4e636d-a406-414c-b586-19ef65913d5c#dossier,https://www.wis-tns.org/object/2026whw,,,,,,,
AT2026wit,SIDEREAL,280.337954286,-55.1535871429,2000.0,83bdebc4-aeb6-4dd7-b941-88056919c7a3,60.35,Unclassified,electromagnetic,https://jackmcguireastro.github.io/ctas.html?event=83bdebc4-aeb6-4dd7-b941-88056919c7a3#dossier,https://www.wis-tns.org/object/2026wit,,,,,,,
AT2026wib,SIDEREAL,20.4880245674,20.0027759993,2000.0,2cb03ad9-783a-4fcc-8eb9-63078405089e,54.99,Unclassified,electromagnetic,https://jackmcguireastro.github.io/ctas.html?event=2cb03ad9-783a-4fcc-8eb9-63078405089e#dossier,https://www.wis-tns.org/object/2026wib,,,,,,,
AT2026wik,SIDEREAL,267.853955452,42.2732064282,2000.0,1cf98695-f037-4cd4-9113-3d22fa6676b4,57.87,Unclassified,electromagnetic,https://jackmcguireastro.github.io/ctas.html?event=1cf98695-f037-4cd4-9113-3d22fa6676b4#dossier,https://www.wis-tns.org/object/2026wik,,,,,,,
AT2026wjt,SIDEREAL,359.820962084,-3.96548787639,2000.0,0baab134-f986-4a6c-9cb9-93d520b3fbed,58.23,Unclassified,electromagnetic,https://jackmcguireastro.github.io/ctas.html?event=0baab134-f986-4a6c-9cb9-93d520b3fbed#dossier,https://www.wis-tns.org/object/2026wjt,,,,,,,
AT2026wud,SIDEREAL,315.375393,-22.970605,2000.0,ec3a887e-b4a2-4fed-8ff5-d8c1ebbfc159,75.73,Unclassified,electromagnetic,https://jackmcguireastro.github.io/ctas.html?event=ec3a887e-b4a2-4fed-8ff5-d8c1ebbfc159#dossier,https://www.wis-tns.org/object/2026wud,,,,,,,
AT2026wtk,SIDEREAL,184.222154286,60.4296042857,2000.0,b4515f62-4073-4d26-986c-7977b00a1039,80.51,Unclassified,electromagnetic,https://jackmcguireastro.github.io/ctas.html?event=b4515f62-4073-4d26-986c-7977b00a1039#dossier,https://www.wis-tns.org/object/2026wtk,,,,,,,
AT2026wtl,SIDEREAL,78.41075625,-49.6183975,2000.0,6fa5033c-9499-425f-8705-310271a08c98,59.3,Unclassified,electromagnetic,https://jackmcguireastro.github.io/ctas.html?event=6fa5033c-9499-425f-8705-310271a08c98#dossier,https://www.wis-tns.org/object/2026wtl,,,,,,,
AT2026pym,SIDEREAL,346.697610933,5.08379195897,2000.0,8be32921-13df-4cc2-88b8-76195a28a24b,55.68,Unclassified,electromagnetic,https://jackmcguireastro.github.io/ctas.html?event=8be32921-13df-4cc2-88b8-76195a28a24b#dossier,https://www.wis-tns.org/object/2026pym,,,,,,,
SN2026qtn,SIDEREAL,351.682529156,4.7109866956,2000.0,fc72576e-c7cd-4f16-a04f-29a34af56e52,48.44,SN Ia-91T-like,electromagnetic,https://jackmcguireastro.github.io/ctas.html?event=fc72576e-c7cd-4f16-a04f-29a34af56e52#dossier,https://www.wis-tns.org/object/2026qtn,,,,,,,
SN2026qvo,SIDEREAL,8.22109224233,0.926524528524,2000.0,e090e85a-2c64-419c-aafc-c262f5486f9f,45.94,SN Ia,electromagnetic,https://jackmcguireastro.github.io/ctas.html?event=e090e85a-2c64-419c-aafc-c262f5486f9f#dossier,https://www.wis-tns.org/object/2026qvo,,,,,,,
AT2026rdb,SIDEREAL,349.771706071,2.33507647859,2000.0,d2d45922-b9ac-48b9-b13a-d7b6b6eecd7f,55.05,Unclassified,electromagnetic,https://jackmcguireastro.github.io/ctas.html?event=d2d45922-b9ac-48b9-b13a-d7b6b6eecd7f#dossier,https://www.wis-tns.org/object/2026rdb,,,,,,,
SN2026rdf,SIDEREAL,36.7326195412,23.7961348114,2000.0,58c6df8f-c150-45e1-9fe9-0a6ede5d7d49,46.61,SN Ic,electromagnetic,https://jackmcguireastro.github.io/ctas.html?event=58c6df8f-c150-45e1-9fe9-0a6ede5d7d49#dossier,https://www.wis-tns.org/object/2026rdf,,,,,,,
SN2026reu,SIDEREAL,342.651314345,5.32026324174,2000.0,fa651b24-0ae5-4579-8eca-6031bcca6bd9,42.55,SN Ia,electromagnetic,https://jackmcguireastro.github.io/ctas.html?event=fa651b24-0ae5-4579-8eca-6031bcca6bd9#dossier,https://www.wis-tns.org/object/2026reu,,,,,,,
AT2026rin,SIDEREAL,39.5502227111,9.17920290097,2000.0,35cf6de6-087d-48f9-9016-1312b74e3054,57.17,Unclassified,electromagnetic,https://jackmcguireastro.github.io/ctas.html?event=35cf6de6-087d-48f9-9016-1312b74e3054#dossier,https://www.wis-tns.org/object/2026rin,,,,,,,
AT2026rip,SIDEREAL,53.0849551498,25.115723938,2000.0,fc23904a-e2b0-4ecd-b17b-cd40199a4e51,58.19,Unclassified,electromagnetic,https://jackmcguireastro.github.io/ctas.html?event=fc23904a-e2b0-4ecd-b17b-cd40199a4e51#dossier,https://www.wis-tns.org/object/2026rip,,,,,,,
SN2026roh,SIDEREAL,358.626055957,14.4052155643,2000.0,56b9da2e-41fd-46db-9729-068e6e995ca3,43.22,SN IIn,electromagnetic,https://jackmcguireastro.github.io/ctas.html?event=56b9da2e-41fd-46db-9729-068e6e995ca3#dossier,https://www.wis-tns.org/object/2026roh,,,,,,,
AT2026rpl,SIDEREAL,347.576978542,3.30008519343,2000.0,82d46dd6-6aa2-4fc3-9fc0-b47a24d5cb43,52.72,Unclassified,electromagnetic,https://jackmcguireastro.github.io/ctas.html?event=82d46dd6-6aa2-4fc3-9fc0-b47a24d5cb43#dossier,https://www.wis-tns.org/object/2026rpl,,,,,,,
AT2026rqg,SIDEREAL,353.441898092,3.17615045442,2000.0,8556d67e-512c-4a44-8b04-83e09276337b,53.4,Unclassified,electromagnetic,https://jackmcguireastro.github.io/ctas.html?event=8556d67e-512c-4a44-8b04-83e09276337b#dossier,https://www.wis-tns.org/object/2026rqg,,,,,,,
AT2026rwl,SIDEREAL,29.4737698106,18.7189531284,2000.0,12462dc9-56d5-4b15-904a-1677319b6f63,57.3,Unclassified,electromagnetic,https://jackmcguireastro.github.io/ctas.html?event=12462dc9-56d5-4b15-904a-1677319b6f63#dossier,https://www.wis-tns.org/object/2026rwl,,,,,,,
AT2026rzg,SIDEREAL,10.8777644051,-31.3575408779,2000.0,b17e1de6-5ce9-4712-851b-434037c971a5,59.05,Unclassified,electromagnetic,https://jackmcguireastro.github.io/ctas.html?event=b17e1de6-5ce9-4712-851b-434037c971a5#dossier,https://www.wis-tns.org/object/2026rzg,,,,,,,
SN2026str,SIDEREAL,3.71544137009,3.31931087711,2000.0,ae6f9817-f0cd-4494-ba85-a32ec991f7ec,44.74,SN Ia,electromagnetic,https://jackmcguireastro.github.io/ctas.html?event=ae6f9817-f0cd-4494-ba85-a32ec991f7ec#dossier,https://www.wis-tns.org/object/2026str,,,,,,,
AT2026suf,SIDEREAL,359.380090381,1.81849171089,2000.0,e32b9f54-ccf1-4543-94e2-96eb036660f8,54.2,Unclassified,electromagnetic,https://jackmcguireastro.github.io/ctas.html?event=e32b9f54-ccf1-4543-94e2-96eb036660f8#dossier,https://www.wis-tns.org/object/2026suf,,,,,,,
AT2026tix,SIDEREAL,348.163805067,-4.99650017645,2000.0,b48c86cc-64a1-49d7-ab30-8554f7ef17a1,55.75,Unclassified,electromagnetic,https://jackmcguireastro.github.io/ctas.html?event=b48c86cc-64a1-49d7-ab30-8554f7ef17a1#dossier,https://www.wis-tns.org/object/2026tix,,,,,,,
AT2026tqf,SIDEREAL,344.885947429,-1.8725939223,2000.0,4cb39c0e-84ad-4c82-bfb6-69e5a400f30e,57.48,Unclassified,electromagnetic,https://jackmcguireastro.github.io/ctas.html?event=4cb39c0e-84ad-4c82-bfb6-69e5a400f30e#dossier,https://www.wis-tns.org/object/2026tqf,,,,,,,
AT2026wtn,SIDEREAL,220.718205,24.944825,2000.0,c6d94489-be1a-4bf8-bba7-aa6adb49079f,78.39,Unclassified,electromagnetic,https://jackmcguireastro.github.io/ctas.html?event=c6d94489-be1a-4bf8-bba7-aa6adb49079f#dossier,https://www.wis-tns.org/object/2026wtn,,,,,,,
AT2026wto,SIDEREAL,328.80888,-46.2553733333,2000.0,7d134bbe-17b0-4948-b8e6-ad71c95b5d99,75.65,Unclassified,electromagnetic,https://jackmcguireastro.github.io/ctas.html?event=7d134bbe-17b0-4948-b8e6-ad71c95b5d99#dossier,https://www.wis-tns.org/object/2026wto,,,,,,,
AT2026wtp,SIDEREAL,212.22228375,60.2121975,2000.0,30ab7768-94c5-42f8-9bd3-53ccdc1e09c2,77.74,Unclassified,electromagnetic,https://jackmcguireastro.github.io/ctas.html?event=30ab7768-94c5-42f8-9bd3-53ccdc1e09c2#dossier,https://www.wis-tns.org/object/2026wtp,,,,,,,
AT2026wtt,SIDEREAL,174.94276875,-83.933895,2000.0,677f6a99-e148-41f0-8f22-f5641b07aaf1,74.58,Unclassified,electromagnetic,https://jackmcguireastro.github.io/ctas.html?event=677f6a99-e148-41f0-8f22-f5641b07aaf1#dossier,https://www.wis-tns.org/object/2026wtt,,,,,,,
AT2026wtu,SIDEREAL,66.87132,-49.12289,2000.0,f054abb6-a8bd-4061-b615-ccba354defa0,78.76,Unclassified,electromagnetic,https://jackmcguireastro.github.io/ctas.html?event=f054abb6-a8bd-4061-b615-ccba354defa0#dossier,https://www.wis-tns.org/object/2026wtu,,,,,,,
AT2026wtv,SIDEREAL,107.387524286,-53.8857864286,2000.0,a7a82bab-86ff-4e0e-8e71-686b413da917,61.55,Unclassified,electromagnetic,https://jackmcguireastro.github.io/ctas.html?event=a7a82bab-86ff-4e0e-8e71-686b413da917#dossier,https://www.wis-tns.org/object/2026wtv,,,,,,,
AT2026wth,SIDEREAL,172.530856019,43.4846962128,2000.0,06620596-5d95-443c-b7c2-ea7b21bc9379,57.25,Unclassified,electromagnetic,https://jackmcguireastro.github.io/ctas.html?event=06620596-5d95-443c-b7c2-ea7b21bc9379#dossier,https://www.wis-tns.org/object/2026wth,,,,,,,
AT2025amwt,SIDEREAL,328.740672564,-1.99232223523,2000.0,f0da403c-f687-4309-8857-ecbad0874ba8,50.57,Unclassified,electromagnetic,https://jackmcguireastro.github.io/ctas.html?event=f0da403c-f687-4309-8857-ecbad0874ba8#dossier,https://www.wis-tns.org/object/2025amwt,,,,,,,
AT2026wti,SIDEREAL,357.579376743,16.6324023701,2000.0,7cf4c7d9-b49f-45a2-8543-faa149affbd5,54.15,Unclassified,electromagnetic,https://jackmcguireastro.github.io/ctas.html?event=7cf4c7d9-b49f-45a2-8543-faa149affbd5#dossier,https://www.wis-tns.org/object/2026wti,,,,,,,
AT2026wtj,SIDEREAL,342.526858142,21.0728888623,2000.0,079bdc27-f627-48d6-87dd-471791054cf8,56.85,Unclassified,electromagnetic,https://jackmcguireastro.github.io/ctas.html?event=079bdc27-f627-48d6-87dd-471791054cf8#dossier,https://www.wis-tns.org/object/2026wtj,,,,,,,
AT2026maf,SIDEREAL,350.933202928,4.83583688757,2000.0,794140c2-da39-4ea4-a76e-44df203b0bf8,59.16,Unclassified,electromagnetic,https://jackmcguireastro.github.io/ctas.html?event=794140c2-da39-4ea4-a76e-44df203b0bf8#dossier,https://www.wis-tns.org/object/2026maf,,,,,,,
SN2026nph,SIDEREAL,356.242210433,4.31122805233,2000.0,78755020-d469-4d36-98aa-1be75da0ea93,46.27,SN Ia,electromagnetic,https://jackmcguireastro.github.io/ctas.html?event=78755020-d469-4d36-98aa-1be75da0ea93#dossier,https://www.wis-tns.org/object/2026nph,,,,,,,
SN2026npt,SIDEREAL,336.094039039,-1.26355390145,2000.0,d9dce0b2-a24c-4037-842d-ba776241d878,45.25,SN Ia,electromagnetic,https://jackmcguireastro.github.io/ctas.html?event=d9dce0b2-a24c-4037-842d-ba776241d878#dossier,https://www.wis-tns.org/object/2026npt,,,,,,,
SN2026nxd,SIDEREAL,22.9990866062,19.2136583532,2000.0,724b411a-7667-4133-9ede-46bfb410b449,52.95,SN II,electromagnetic,https://jackmcguireastro.github.io/ctas.html?event=724b411a-7667-4133-9ede-46bfb410b449#dossier,https://www.wis-tns.org/object/2026nxd,,,,,,,
AT2026oan,SIDEREAL,267.811573421,36.5694903524,2000.0,40b0f922-b6ef-4ae1-9eb6-360805eb31a0,58.64,Unclassified,electromagnetic,https://jackmcguireastro.github.io/ctas.html?event=40b0f922-b6ef-4ae1-9eb6-360805eb31a0#dossier,https://www.wis-tns.org/object/2026oan,,,,,,,
AT2026obd,SIDEREAL,14.0590990474,38.1155743017,2000.0,008061a9-4cc9-4fa2-bc9d-183fd47c89f3,57.03,Unclassified,electromagnetic,https://jackmcguireastro.github.io/ctas.html?event=008061a9-4cc9-4fa2-bc9d-183fd47c89f3#dossier,https://www.wis-tns.org/object/2026obd,,,,,,,
AT2026oty,SIDEREAL,19.1179963232,-11.4662745287,2000.0,af1c2a5c-1bf6-4ab3-8c03-55d2fee64f60,58.62,Unclassified,electromagnetic,https://jackmcguireastro.github.io/ctas.html?event=af1c2a5c-1bf6-4ab3-8c03-55d2fee64f60#dossier,https://www.wis-tns.org/object/2026oty,,,,,,,
SN2026oxx,SIDEREAL,356.239816641,4.31190720057,2000.0,02b1bc2c-1aa7-4af5-8039-6c5d5aff7556,44.58,SN II,electromagnetic,https://jackmcguireastro.github.io/ctas.html?event=02b1bc2c-1aa7-4af5-8039-6c5d5aff7556#dossier,https://www.wis-tns.org/object/2026oxx,,,,,,,
SN2026per,SIDEREAL,256.617733742,39.703627515,2000.0,ab64e544-3099-4f4b-88fc-4ad6f4014a8c,45.9,SN Ia,electromagnetic,https://jackmcguireastro.github.io/ctas.html?event=ab64e544-3099-4f4b-88fc-4ad6f4014a8c#dossier,https://www.wis-tns.org/object/2026per,,,,,,,
AT2026pii,SIDEREAL,355.122383569,-5.61978671684,2000.0,92ca70f8-b404-4856-bf25-42d669a343cc,57.18,Unclassified,electromagnetic,https://jackmcguireastro.github.io/ctas.html?event=92ca70f8-b404-4856-bf25-42d669a343cc#dossier,https://www.wis-tns.org/object/2026pii,,,,,,,
AT2026pxd,SIDEREAL,6.40640251215,-30.912454911,2000.0,659625d1-dffd-40bd-a966-bab6d5fb37ab,58.75,Unclassified,electromagnetic,https://jackmcguireastro.github.io/ctas.html?event=659625d1-dffd-40bd-a966-bab6d5fb37ab#dossier,https://www.wis-tns.org/object/2026pxd,,,,,,,
AT2026pxf,SIDEREAL,0.995641631949,-23.1200573679,2000.0,95f893b9-9e65-4832-b263-2f55ca186114,59.12,Unclassified,electromagnetic,https://jackmcguireastro.github.io/ctas.html?event=95f893b9-9e65-4832-b263-2f55ca186114#dossier,https://www.wis-tns.org/object/2026pxf,,,,,,,
AT2026pxi,SIDEREAL,11.1754519026,-26.2292055125,2000.0,25b37ae1-2aae-460d-a0e1-42fd996bf2f4,58.97,Unclassified,electromagnetic,https://jackmcguireastro.github.io/ctas.html?event=25b37ae1-2aae-460d-a0e1-42fd996bf2f4#dossier,https://www.wis-tns.org/object/2026pxi,,,,,,,
AT2026vhu,SIDEREAL,299.40047201429,-10.864016614286,2000.0,165962f5-c488-453f-b6c1-3eb647969483,56.6,Unclassified,electromagnetic,https://jackmcguireastro.github.io/ctas.html?event=165962f5-c488-453f-b6c1-3eb647969483#dossier,https://www.wis-tns.org/object/2026vhu,,,,,,,
AT2026wky,SIDEREAL,237.57971184458,-12.784331247791,2000.0,244f3087-bdab-4965-be08-00c77129992f,57.6,Unclassified,electromagnetic,https://jackmcguireastro.github.io/ctas.html?event=244f3087-bdab-4965-be08-00c77129992f#dossier,https://www.wis-tns.org/object/2026wky,,,,,,,
AT2026wtd,SIDEREAL,255.4099085,2.8031204,2000.0,069eedb6-365d-43a8-9d36-f9986064cce2,76.91,Unclassified,electromagnetic,https://jackmcguireastro.github.io/ctas.html?event=069eedb6-365d-43a8-9d36-f9986064cce2#dossier,https://www.wis-tns.org/object/2026wtd,,,,,,,
AT2026wtg,SIDEREAL,78.1658031,9.8573555,2000.0,fa5c7825-1099-477e-84eb-e573436a643c,81.7,Unclassified,electromagnetic,https://jackmcguireastro.github.io/ctas.html?event=fa5c7825-1099-477e-84eb-e573436a643c#dossier,https://www.wis-tns.org/object/2026wtg,,,,,,,
AT2026wtb,SIDEREAL,252.8858508,-8.9576744,2000.0,c963f253-33a7-424d-9a2c-a18b816d8d01,82.95,Unclassified,electromagnetic,https://jackmcguireastro.github.io/ctas.html?event=c963f253-33a7-424d-9a2c-a18b816d8d01#dossier,https://www.wis-tns.org/object/2026wtb,,,,,,,
AT2026wss,SIDEREAL,214.344147,-10.958802,2000.0,d5d8f908-6681-424b-9703-32eedbb9b96e,61.43,Unclassified,electromagnetic,https://jackmcguireastro.github.io/ctas.html?event=d5d8f908-6681-424b-9703-32eedbb9b96e#dossier,https://www.wis-tns.org/object/2026wss,,,,,,,
AT2026wst,SIDEREAL,231.464544,1.716043,2000.0,d590e62a-07e9-495f-b8bc-b8ed2eda120c,70.37,Unclassified,electromagnetic,https://jackmcguireastro.github.io/ctas.html?event=d590e62a-07e9-495f-b8bc-b8ed2eda120c#dossier,https://www.wis-tns.org/object/2026wst,,,,,,,
AT2026wsu,SIDEREAL,229.10553,2.732273,2000.0,fb75b20f-fe6a-4a9c-8a0a-3dd5f36196e5,63.8,Unclassified,electromagnetic,https://jackmcguireastro.github.io/ctas.html?event=fb75b20f-fe6a-4a9c-8a0a-3dd5f36196e5#dossier,https://www.wis-tns.org/object/2026wsu,,,,,,,
AT2026wsv,SIDEREAL,60.6502068,67.8170852,2000.0,cd744fac-a3cc-43bc-92c6-a96e9443ee77,81.15,Unclassified,electromagnetic,https://jackmcguireastro.github.io/ctas.html?event=cd744fac-a3cc-43bc-92c6-a96e9443ee77#dossier,https://www.wis-tns.org/object/2026wsv,,,,,,,
AT2026wsw,SIDEREAL,56.8934861,68.1650445,2000.0,d23d2061-84be-460e-999e-ab93618d9c6c,78.96,Unclassified,electromagnetic,https://jackmcguireastro.github.io/ctas.html?event=d23d2061-84be-460e-999e-ab93618d9c6c#dossier,https://www.wis-tns.org/object/2026wsw,,,,,,,
AT2026wsx,SIDEREAL,316.2325562,-6.4348676,2000.0,a94afafb-8e50-4b83-a065-b4401971aba3,55.23,Unclassified,electromagnetic,https://jackmcguireastro.github.io/ctas.html?event=a94afafb-8e50-4b83-a065-b4401971aba3#dossier,https://www.wis-tns.org/object/2026wsx,,,,,,,
AT2026wsz,SIDEREAL,319.578539,-28.234408,2000.0,13c973e0-fdbd-4ac6-ba39-307690292583,79.2,Unclassified,electromagnetic,https://jackmcguireastro.github.io/ctas.html?event=13c973e0-fdbd-4ac6-ba39-307690292583#dossier,https://www.wis-tns.org/object/2026wsz,,,,,,,
AT2026wph,SIDEREAL,299.9854838,50.0702648,2000.0,aaaafba6-395c-4e25-b3c8-e80323340e76,57.29,Unclassified,electromagnetic,https://jackmcguireastro.github.io/ctas.html?event=aaaafba6-395c-4e25-b3c8-e80323340e76#dossier,https://www.wis-tns.org/object/2026wph,,,,,,,
AT2026wpi,SIDEREAL,346.3368951,37.3294698,2000.0,16f3e3b1-7e94-4711-825f-3c637c49a96c,53.78,Unclassified,electromagnetic,https://jackmcguireastro.github.io/ctas.html?event=16f3e3b1-7e94-4711-825f-3c637c49a96c#dossier,https://www.wis-tns.org/object/2026wpi,,,,,,,
AT2026wpj,SIDEREAL,328.2415648,33.9617845,2000.0,763806ab-2e37-4091-a65a-9d7d16a63abc,55.78,Unclassified,electromagnetic,https://jackmcguireastro.github.io/ctas.html?event=763806ab-2e37-4091-a65a-9d7d16a63abc#dossier,https://www.wis-tns.org/object/2026wpj,,,,,,,
AT2026wpk,SIDEREAL,337.8561791,23.5065258,2000.0,5b29ed51-8897-4a6f-82f3-6565c4ee54b6,54.45,Unclassified,electromagnetic,https://jackmcguireastro.github.io/ctas.html?event=5b29ed51-8897-4a6f-82f3-6565c4ee54b6#dossier,https://www.wis-tns.org/object/2026wpk,,,,,,,
AT2026wpl,SIDEREAL,339.0229216,24.7827456,2000.0,ee4763e7-1ca1-4794-8662-5ce5b62c92fe,55.88,Unclassified,electromagnetic,https://jackmcguireastro.github.io/ctas.html?event=ee4763e7-1ca1-4794-8662-5ce5b62c92fe#dossier,https://www.wis-tns.org/object/2026wpl,,,,,,,
AT2026wpm,SIDEREAL,313.9992862,13.4474487,2000.0,7c1fcf35-467c-4fb4-9f9a-a43feaac0dc7,55.75,Unclassified,electromagnetic,https://jackmcguireastro.github.io/ctas.html?event=7c1fcf35-467c-4fb4-9f9a-a43feaac0dc7#dossier,https://www.wis-tns.org/object/2026wpm,,,,,,,
AT2026wpn,SIDEREAL,300.9961566,72.3545265,2000.0,c80c1f49-e237-40cf-b7c5-a34adbc324f2,55.22,Unclassified,electromagnetic,https://jackmcguireastro.github.io/ctas.html?event=c80c1f49-e237-40cf-b7c5-a34adbc324f2#dossier,https://www.wis-tns.org/object/2026wpn,,,,,,,
AT2026wpo,SIDEREAL,311.7628385,27.4073165,2000.0,e3dbc18f-b975-4ac5-8761-9096b579e75e,54.85,Unclassified,electromagnetic,https://jackmcguireastro.github.io/ctas.html?event=e3dbc18f-b975-4ac5-8761-9096b579e75e#dossier,https://www.wis-tns.org/object/2026wpo,,,,,,,
AT2026wpq,SIDEREAL,348.88606,49.2891128,2000.0,1858482b-1e97-4272-95a3-e4699953b13d,56.44,Unclassified,electromagnetic,https://jackmcguireastro.github.io/ctas.html?event=1858482b-1e97-4272-95a3-e4699953b13d#dossier,https://www.wis-tns.org/object/2026wpq,,,,,,,
AT2026wpt,SIDEREAL,250.856833,27.299192,2000.0,4ef36827-86cd-4653-a012-29bf2426155c,55.12,Unclassified,electromagnetic,https://jackmcguireastro.github.io/ctas.html?event=4ef36827-86cd-4653-a012-29bf2426155c#dossier,https://www.wis-tns.org/object/2026wpt,,,,,,,
AT2026wpu,SIDEREAL,235.486583,27.944292,2000.0,87ee8379-3fd7-45ed-a910-bff0f06f72b5,53.57,Unclassified,electromagnetic,https://jackmcguireastro.github.io/ctas.html?event=87ee8379-3fd7-45ed-a910-bff0f06f72b5#dossier,https://www.wis-tns.org/object/2026wpu,,,,,,,
AT2026wpv,SIDEREAL,253.5405,35.730839,2000.0,399e0a06-251e-4f2a-b878-dd9c29a22d43,53.75,Unclassified,electromagnetic,https://jackmcguireastro.github.io/ctas.html?event=399e0a06-251e-4f2a-b878-dd9c29a22d43#dossier,https://www.wis-tns.org/object/2026wpv,,,,,,,
AT2026wpw,SIDEREAL,250.657708,28.255469,2000.0,1e374c9a-27f3-44b1-b869-347e7501ce10,54.32,Unclassified,electromagnetic,https://jackmcguireastro.github.io/ctas.html?event=1e374c9a-27f3-44b1-b869-347e7501ce10#dossier,https://www.wis-tns.org/object/2026wpw,,,,,,,
AT2026wpx,SIDEREAL,249.306375,22.268758,2000.0,a76a90af-b05e-4ea9-8ef7-29975835cead,54.9,Unclassified,electromagnetic,https://jackmcguireastro.github.io/ctas.html?event=a76a90af-b05e-4ea9-8ef7-29975835cead#dossier,https://www.wis-tns.org/object/2026wpx,,,,,,,
AT2026wpy,SIDEREAL,243.897833,57.732039,2000.0,91c2d4ad-06a5-48d2-8ce5-bd9c008bbf47,56.02,Unclassified,electromagnetic,https://jackmcguireastro.github.io/ctas.html?event=91c2d4ad-06a5-48d2-8ce5-bd9c008bbf47#dossier,https://www.wis-tns.org/object/2026wpy,,,,,,,
AT2026wpz,SIDEREAL,245.394458,27.788306,2000.0,6a28791e-8859-40e3-9fdb-ddf093e36075,54.17,Unclassified,electromagnetic,https://jackmcguireastro.github.io/ctas.html?event=6a28791e-8859-40e3-9fdb-ddf093e36075#dossier,https://www.wis-tns.org/object/2026wpz,,,,,,,
AT2026wqa,SIDEREAL,198.786458,45.268742,2000.0,70cb4090-937a-46e5-b860-acea461f5e12,53.68,Unclassified,electromagnetic,https://jackmcguireastro.github.io/ctas.html?event=70cb4090-937a-46e5-b860-acea461f5e12#dossier,https://www.wis-tns.org/object/2026wqa,,,,,,,
AT2026wqb,SIDEREAL,199.464,41.380056,2000.0,ee523cf1-8353-4775-8944-4fb1c81c90c0,54.7,Unclassified,electromagnetic,https://jackmcguireastro.github.io/ctas.html?event=ee523cf1-8353-4775-8944-4fb1c81c90c0#dossier,https://www.wis-tns.org/object/2026wqb,,,,,,,
AT2026wqc,SIDEREAL,201.052208,40.798519,2000.0,7bcf8f82-ad46-4808-980d-1c43333f7851,55.35,Unclassified,electromagnetic,https://jackmcguireastro.github.io/ctas.html?event=7bcf8f82-ad46-4808-980d-1c43333f7851#dossier,https://www.wis-tns.org/object/2026wqc,,,,,,,
AT2026wqd,SIDEREAL,227.842333,47.352183,2000.0,5cdf626c-87cf-4c65-9345-3b395468236a,53.42,Unclassified,electromagnetic,https://jackmcguireastro.github.io/ctas.html?event=5cdf626c-87cf-4c65-9345-3b395468236a#dossier,https://www.wis-tns.org/object/2026wqd,,,,,,,
AT2026wqe,SIDEREAL,19.924667,5.560239,2000.0,ed863b18-10a3-42a6-84b0-274428008454,51.58,Unclassified,electromagnetic,https://jackmcguireastro.github.io/ctas.html?event=ed863b18-10a3-42a6-84b0-274428008454#dossier,https://www.wis-tns.org/object/2026wqe,,,,,,,
AT2026wqf,SIDEREAL,351.836625,5.027978,2000.0,0d090130-420f-471a-aed5-c108eac8a1eb,49.53,Unclassified,electromagnetic,https://jackmcguireastro.github.io/ctas.html?event=0d090130-420f-471a-aed5-c108eac8a1eb#dossier,https://www.wis-tns.org/object/2026wqf,,,,,,,
AT2026wqg,SIDEREAL,15.278292,4.106197,2000.0,262fcc9d-167d-4ec3-b0c2-8dd53f87602c,51.9,Unclassified,electromagnetic,https://jackmcguireastro.github.io/ctas.html?event=262fcc9d-167d-4ec3-b0c2-8dd53f87602c#dossier,https://www.wis-tns.org/object/2026wqg,,,,,,,
AT2026wqh,SIDEREAL,23.46225,2.734653,2000.0,ca09f587-7508-49db-9ba1-271307980655,56.84,Unclassified,electromagnetic,https://jackmcguireastro.github.io/ctas.html?event=ca09f587-7508-49db-9ba1-271307980655#dossier,https://www.wis-tns.org/object/2026wqh,,,,,,,
AT2026wqi,SIDEREAL,25.094417,-0.076219,2000.0,f3e59b6a-ea09-4e05-8648-14569955a250,56.85,Unclassified,electromagnetic,https://jackmcguireastro.github.io/ctas.html?event=f3e59b6a-ea09-4e05-8648-14569955a250#dossier,https://www.wis-tns.org/object/2026wqi,,,,,,,
AT2026wqj,SIDEREAL,25.365583,4.874803,2000.0,bcd36477-76f8-4d33-ba4e-15e3d53992a7,56.5,Unclassified,electromagnetic,https://jackmcguireastro.github.io/ctas.html?event=bcd36477-76f8-4d33-ba4e-15e3d53992a7#dossier,https://www.wis-tns.org/object/2026wqj,,,,,,,
AT2026wqk,SIDEREAL,29.724042,5.820578,2000.0,03196b6f-49c3-4c43-914b-cb351b0087b4,55.91,Unclassified,electromagnetic,https://jackmcguireastro.github.io/ctas.html?event=03196b6f-49c3-4c43-914b-cb351b0087b4#dossier,https://www.wis-tns.org/object/2026wqk,,,,,,,
AT2026wql,SIDEREAL,35.767333,0.832706,2000.0,785a8b13-ab57-4f31-9c1e-dbeb158db022,57.55,Unclassified,electromagnetic,https://jackmcguireastro.github.io/ctas.html?event=785a8b13-ab57-4f31-9c1e-dbeb158db022#dossier,https://www.wis-tns.org/object/2026wql,,,,,,,
AT2026wqm,SIDEREAL,23.3305,2.722467,2000.0,daa18139-d28b-423d-a230-27bf2c00de32,64.56,Unclassified,electromagnetic,https://jackmcguireastro.github.io/ctas.html?event=daa18139-d28b-423d-a230-27bf2c00de32#dossier,https://www.wis-tns.org/object/2026wqm,,,,,,,
AT2026wqn,SIDEREAL,33.911417,6.447819,2000.0,120e6865-709b-4c2d-a908-890a19a1fb9b,64.8,Unclassified,electromagnetic,https://jackmcguireastro.github.io/ctas.html?event=120e6865-709b-4c2d-a908-890a19a1fb9b#dossier,https://www.wis-tns.org/object/2026wqn,,,,,,,
AT2026vbb,SIDEREAL,35.85125,4.543172,2000.0,e4c8fbba-575b-4880-99ee-5c024971e694,57.91,Unclassified,electromagnetic,https://jackmcguireastro.github.io/ctas.html?event=e4c8fbba-575b-4880-99ee-5c024971e694#dossier,https://www.wis-tns.org/object/2026vbb,,,,,,,
AT2026wqo,SIDEREAL,227.404292,28.139739,2000.0,cbab9c9c-1565-46e4-8273-a3f58a20d070,57.1,Unclassified,electromagnetic,https://jackmcguireastro.github.io/ctas.html?event=cbab9c9c-1565-46e4-8273-a3f58a20d070#dossier,https://www.wis-tns.org/object/2026wqo,,,,,,,
AT2026wqp,SIDEREAL,221.574833,21.239172,2000.0,9563da46-066c-4880-b4cb-44d929397492,57.1,Unclassified,electromagnetic,https://jackmcguireastro.github.io/ctas.html?event=9563da46-066c-4880-b4cb-44d929397492#dossier,https://www.wis-tns.org/object/2026wqp,,,,,,,
AT2026wqq,SIDEREAL,225.268625,20.14215,2000.0,96f74281-4320-4550-83b4-826125c78f51,56.1,Unclassified,electromagnetic,https://jackmcguireastro.github.io/ctas.html?event=96f74281-4320-4550-83b4-826125c78f51#dossier,https://www.wis-tns.org/object/2026wqq,,,,,,,
AT2026wqr,SIDEREAL,226.936708,19.175439,2000.0,bbe86cc2-50df-47b5-8e6e-e0677f658644,53.2,Unclassified,electromagnetic,https://jackmcguireastro.github.io/ctas.html?event=bbe86cc2-50df-47b5-8e6e-e0677f658644#dossier,https://www.wis-tns.org/object/2026wqr,,,,,,,
AT2026wqs,SIDEREAL,254.228625,32.527844,2000.0,c1de9f05-c7b7-4639-b429-828bdf67462a,56.25,Unclassified,electromagnetic,https://jackmcguireastro.github.io/ctas.html?event=c1de9f05-c7b7-4639-b429-828bdf67462a#dossier,https://www.wis-tns.org/object/2026wqs,,,,,,,
AT2026wqt,SIDEREAL,254.9115,32.832472,2000.0,2f1d01c9-33bc-472a-850d-877c8865755d,55.88,Unclassified,electromagnetic,https://jackmcguireastro.github.io/ctas.html?event=2f1d01c9-33bc-472a-850d-877c8865755d#dossier,https://www.wis-tns.org/object/2026wqt,,,,,,,
AT2026wqu,SIDEREAL,251.366083,30.194503,2000.0,5e29d705-dbb2-45a2-b2b1-69e7cf48f38f,54.05,Unclassified,electromagnetic,https://jackmcguireastro.github.io/ctas.html?event=5e29d705-dbb2-45a2-b2b1-69e7cf48f38f#dossier,https://www.wis-tns.org/object/2026wqu,,,,,,,
AT2026wqw,SIDEREAL,353.543833,31.247486,2000.0,753225ce-6608-4343-b2d7-94548b22ca61,55.95,Unclassified,electromagnetic,https://jackmcguireastro.github.io/ctas.html?event=753225ce-6608-4343-b2d7-94548b22ca61#dossier,https://www.wis-tns.org/object/2026wqw,,,,,,,
AT2026wqx,SIDEREAL,244.723083,23.336047,2000.0,188acd2d-8871-48b9-8ad4-fc1a1cf72604,51.73,Unclassified,electromagnetic,https://jackmcguireastro.github.io/ctas.html?event=188acd2d-8871-48b9-8ad4-fc1a1cf72604#dossier,https://www.wis-tns.org/object/2026wqx,,,,,,,
AT2026wqy,SIDEREAL,254.805167,32.1867,2000.0,64632255-a713-42f7-9603-e4a552ff0a2c,52.75,Unclassified,electromagnetic,https://jackmcguireastro.github.io/ctas.html?event=64632255-a713-42f7-9603-e4a552ff0a2c#dossier,https://www.wis-tns.org/object/2026wqy,,,,,,,
AT2026wqz,SIDEREAL,242.570792,29.3486,2000.0,09a2cda0-5426-4939-89ec-9c57e85b386d,54.35,Unclassified,electromagnetic,https://jackmcguireastro.github.io/ctas.html?event=09a2cda0-5426-4939-89ec-9c57e85b386d#dossier,https://www.wis-tns.org/object/2026wqz,,,,,,,
AT2026wra,SIDEREAL,237.726583,58.808297,2000.0,7e65365a-6448-4966-986e-f77d96d4f1f7,55.4,Unclassified,electromagnetic,https://jackmcguireastro.github.io/ctas.html?event=7e65365a-6448-4966-986e-f77d96d4f1f7#dossier,https://www.wis-tns.org/object/2026wra,,,,,,,
AT2026wrb,SIDEREAL,242.017542,54.882817,2000.0,1e1e6e13-fefa-4d9f-9c7e-4c5c7a53bfce,55.33,Unclassified,electromagnetic,https://jackmcguireastro.github.io/ctas.html?event=1e1e6e13-fefa-4d9f-9c7e-4c5c7a53bfce#dossier,https://www.wis-tns.org/object/2026wrb,,,,,,,
AT2026wrc,SIDEREAL,253.677083,46.649778,2000.0,1454b809-ae62-4102-b272-ba1c8a9ba216,55.52,Unclassified,electromagnetic,https://jackmcguireastro.github.io/ctas.html?event=1454b809-ae62-4102-b272-ba1c8a9ba216#dossier,https://www.wis-tns.org/object/2026wrc,,,,,,,
AT2026wre,SIDEREAL,218.889458,20.955214,2000.0,e4ad8e35-dcba-4e46-9e97-144c739ed68e,55.57,Unclassified,electromagnetic,https://jackmcguireastro.github.io/ctas.html?event=e4ad8e35-dcba-4e46-9e97-144c739ed68e#dossier,https://www.wis-tns.org/object/2026wre,,,,,,,
AT2026wrf,SIDEREAL,224.11175,20.386794,2000.0,48f5bf5b-943d-4bac-9416-c07926d44b6a,54.05,Unclassified,electromagnetic,https://jackmcguireastro.github.io/ctas.html?event=48f5bf5b-943d-4bac-9416-c07926d44b6a#dossier,https://www.wis-tns.org/object/2026wrf,,,,,,,
AT2026wrg,SIDEREAL,225.299208,21.213678,2000.0,a69df53a-c7a2-436f-891c-b4a6f04f8f26,54.62,Unclassified,electromagnetic,https://jackmcguireastro.github.io/ctas.html?event=a69df53a-c7a2-436f-891c-b4a6f04f8f26#dossier,https://www.wis-tns.org/object/2026wrg,,,,,,,
AT2026wrh,SIDEREAL,221.358667,26.618331,2000.0,454fd483-3759-493b-a1e5-c067ef08e337,53.18,Unclassified,electromagnetic,https://jackmcguireastro.github.io/ctas.html?event=454fd483-3759-493b-a1e5-c067ef08e337#dossier,https://www.wis-tns.org/object/2026wrh,,,,,,,
AT2026wri,SIDEREAL,221.98,25.797064,2000.0,a36c2ea4-75bc-41d6-a067-5888132e7c04,54.4,Unclassified,electromagnetic,https://jackmcguireastro.github.io/ctas.html?event=a36c2ea4-75bc-41d6-a067-5888132e7c04#dossier,https://www.wis-tns.org/object/2026wri,,,,,,,
AT2026wrj,SIDEREAL,233.628667,21.435772,2000.0,50f9c371-e564-4362-aeeb-9fa04f68a7ba,54.17,Unclassified,electromagnetic,https://jackmcguireastro.github.io/ctas.html?event=50f9c371-e564-4362-aeeb-9fa04f68a7ba#dossier,https://www.wis-tns.org/object/2026wrj,,,,,,,
AT2026wrk,SIDEREAL,231.462083,25.776325,2000.0,42db833e-abbd-49c8-925a-2dff718d8832,53.23,Unclassified,electromagnetic,https://jackmcguireastro.github.io/ctas.html?event=42db833e-abbd-49c8-925a-2dff718d8832#dossier,https://www.wis-tns.org/object/2026wrk,,,,,,,
AT2026wrl,SIDEREAL,234.095167,27.197397,2000.0,91f8f626-c073-41e5-b36a-0d9f9d728c93,53.07,Unclassified,electromagnetic,https://jackmcguireastro.github.io/ctas.html?event=91f8f626-c073-41e5-b36a-0d9f9d728c93#dossier,https://www.wis-tns.org/object/2026wrl,,,,,,,
AT2026wrm,SIDEREAL,234.93125,27.133431,2000.0,8acaa7eb-6895-449f-b93f-ade0c598bf58,53.68,Unclassified,electromagnetic,https://jackmcguireastro.github.io/ctas.html?event=8acaa7eb-6895-449f-b93f-ade0c598bf58#dossier,https://www.wis-tns.org/object/2026wrm,,,,,,,
AT2026wrn,SIDEREAL,228.87825,30.886325,2000.0,0bd154fc-9c99-4f1d-8042-07fca11c2f0f,52.9,Unclassified,electromagnetic,https://jackmcguireastro.github.io/ctas.html?event=0bd154fc-9c99-4f1d-8042-07fca11c2f0f#dossier,https://www.wis-tns.org/object/2026wrn,,,,,,,
AT2026wro,SIDEREAL,354.055708,30.816547,2000.0,78d68958-951e-4069-bedd-d01cf0fe6d6b,54.85,Unclassified,electromagnetic,https://jackmcguireastro.github.io/ctas.html?event=78d68958-951e-4069-bedd-d01cf0fe6d6b#dossier,https://www.wis-tns.org/object/2026wro,,,,,,,
AT2026wrp,SIDEREAL,357.64175,33.638528,2000.0,74479227-a59c-4df8-a546-14c49b081298,53.2,Unclassified,electromagnetic,https://jackmcguireastro.github.io/ctas.html?event=74479227-a59c-4df8-a546-14c49b081298#dossier,https://www.wis-tns.org/object/2026wrp,,,,,,,
AT2026wrq,SIDEREAL,227.658417,18.363453,2000.0,8a6416ff-ca8f-4460-a497-abc05e506781,53.58,Unclassified,electromagnetic,https://jackmcguireastro.github.io/ctas.html?event=8a6416ff-ca8f-4460-a497-abc05e506781#dossier,https://www.wis-tns.org/object/2026wrq,,,,,,,
AT2026wrr,SIDEREAL,237.325667,23.054575,2000.0,26d6a985-b432-4451-a2ff-5df4ff685e76,54.57,Unclassified,electromagnetic,https://jackmcguireastro.github.io/ctas.html?event=26d6a985-b432-4451-a2ff-5df4ff685e76#dossier,https://www.wis-tns.org/object/2026wrr,,,,,,,
AT2026wrt,SIDEREAL,228.256708,28.155581,2000.0,bd3b4b22-be84-450f-853b-f8dd04d38ea6,54.42,Unclassified,electromagnetic,https://jackmcguireastro.github.io/ctas.html?event=bd3b4b22-be84-450f-853b-f8dd04d38ea6#dossier,https://www.wis-tns.org/object/2026wrt,,,,,,,
AT2026wru,SIDEREAL,229.778667,32.607183,2000.0,5ac2bb4b-7e57-4195-8c01-9c4558136ff7,54.76,Unclassified,electromagnetic,https://jackmcguireastro.github.io/ctas.html?event=5ac2bb4b-7e57-4195-8c01-9c4558136ff7#dossier,https://www.wis-tns.org/object/2026wru,,,,,,,
AT2026wrv,SIDEREAL,249.000542,19.393092,2000.0,1a889bcc-283b-425a-b3da-063f1a8c7784,54.8,Unclassified,electromagnetic,https://jackmcguireastro.github.io/ctas.html?event=1a889bcc-283b-425a-b3da-063f1a8c7784#dossier,https://www.wis-tns.org/object/2026wrv,,,,,,,
AT2026wrw,SIDEREAL,247.296833,23.196267,2000.0,4ff3cbd8-a2af-4ff2-aa7e-44021471b2e6,55.3,Unclassified,electromagnetic,https://jackmcguireastro.github.io/ctas.html?event=4ff3cbd8-a2af-4ff2-aa7e-44021471b2e6#dossier,https://www.wis-tns.org/object/2026wrw,,,,,,,
AT2026wrx,SIDEREAL,248.023208,25.381981,2000.0,a9f902a0-0c3a-43c7-bf1d-55c8464582dc,54.75,Unclassified,electromagnetic,https://jackmcguireastro.github.io/ctas.html?event=a9f902a0-0c3a-43c7-bf1d-55c8464582dc#dossier,https://www.wis-tns.org/object/2026wrx,,,,,,,
AT2026wry,SIDEREAL,246.007125,20.672414,2000.0,e77ce357-be20-4008-b264-6244275e119a,55.83,Unclassified,electromagnetic,https://jackmcguireastro.github.io/ctas.html?event=e77ce357-be20-4008-b264-6244275e119a#dossier,https://www.wis-tns.org/object/2026wry,,,,,,,
AT2026wrz,SIDEREAL,206.739125,44.000322,2000.0,6316fd49-5c83-4c28-9e07-f6e8e277c0d4,53.7,Unclassified,electromagnetic,https://jackmcguireastro.github.io/ctas.html?event=6316fd49-5c83-4c28-9e07-f6e8e277c0d4#dossier,https://www.wis-tns.org/object/2026wrz,,,,,,,
AT2026wsb,SIDEREAL,238.727208,46.924872,2000.0,b2604fcb-a831-4a7c-98cd-eb840175cbb8,57.32,Unclassified,electromagnetic,https://jackmcguireastro.github.io/ctas.html?event=b2604fcb-a831-4a7c-98cd-eb840175cbb8#dossier,https://www.wis-tns.org/object/2026wsb,,,,,,,
AT2026wsc,SIDEREAL,234.041833,43.035967,2000.0,730ff454-1ce6-47d9-b13a-f7e53959d5b0,56.27,Unclassified,electromagnetic,https://jackmcguireastro.github.io/ctas.html?event=730ff454-1ce6-47d9-b13a-f7e53959d5b0#dossier,https://www.wis-tns.org/object/2026wsc,,,,,,,
AT2026wsd,SIDEREAL,232.867417,40.837081,2000.0,87da2f27-d67e-4d34-85dc-99ba0655e183,53.9,Unclassified,electromagnetic,https://jackmcguireastro.github.io/ctas.html?event=87da2f27-d67e-4d34-85dc-99ba0655e183#dossier,https://www.wis-tns.org/object/2026wsd,,,,,,,
AT2026wse,SIDEREAL,230.502667,39.826389,2000.0,fd1e287b-f959-4891-ad4a-14a59b59a70d,54.08,Unclassified,electromagnetic,https://jackmcguireastro.github.io/ctas.html?event=fd1e287b-f959-4891-ad4a-14a59b59a70d#dossier,https://www.wis-tns.org/object/2026wse,,,,,,,
AT2026wsf,SIDEREAL,202.377083,44.202794,2000.0,115b4324-e12d-444e-9725-8a71c647630f,50.68,Unclassified,electromagnetic,https://jackmcguireastro.github.io/ctas.html?event=115b4324-e12d-444e-9725-8a71c647630f#dossier,https://www.wis-tns.org/object/2026wsf,,,,,,,
AT2026wsg,SIDEREAL,221.77025,54.154372,2000.0,f5280706-94c0-4ee6-9fac-13a06925a35d,54.0,Unclassified,electromagnetic,https://jackmcguireastro.github.io/ctas.html?event=f5280706-94c0-4ee6-9fac-13a06925a35d#dossier,https://www.wis-tns.org/object/2026wsg,,,,,,,
AT2026wsh,SIDEREAL,229.370625,42.914997,2000.0,ad5f9b52-ac67-44c2-bafd-58fe1109a548,50.8,Unclassified,electromagnetic,https://jackmcguireastro.github.io/ctas.html?event=ad5f9b52-ac67-44c2-bafd-58fe1109a548#dossier,https://www.wis-tns.org/object/2026wsh,,,,,,,
AT2026wsi,SIDEREAL,227.504542,36.542111,2000.0,0ae9e1ff-633b-4671-9a64-c3f438e0cc9c,52.38,Unclassified,electromagnetic,https://jackmcguireastro.github.io/ctas.html?event=0ae9e1ff-633b-4671-9a64-c3f438e0cc9c#dossier,https://www.wis-tns.org/object/2026wsi,,,,,,,
AT2026wsj,SIDEREAL,234.249667,37.973878,2000.0,06d6affa-160a-4b5b-b1d6-d2cac718f0a1,55.6,Unclassified,electromagnetic,https://jackmcguireastro.github.io/ctas.html?event=06d6affa-160a-4b5b-b1d6-d2cac718f0a1#dossier,https://www.wis-tns.org/object/2026wsj,,,,,,,
AT2026wsk,SIDEREAL,219.306708,28.596294,2000.0,ef0f909d-2728-4d85-9dfe-ca4d6cf19945,53.68,Unclassified,electromagnetic,https://jackmcguireastro.github.io/ctas.html?event=ef0f909d-2728-4d85-9dfe-ca4d6cf19945#dossier,https://www.wis-tns.org/object/2026wsk,,,,,,,
AT2026wsl,SIDEREAL,213.904667,48.121103,2000.0,f9947b65-0ff5-436d-a3a6-82f5cfa2493b,53.2,Unclassified,electromagnetic,https://jackmcguireastro.github.io/ctas.html?event=f9947b65-0ff5-436d-a3a6-82f5cfa2493b#dossier,https://www.wis-tns.org/object/2026wsl,,,,,,,
AT2026wsm,SIDEREAL,218.867042,47.490386,2000.0,adb47cd4-d767-4f47-966b-2599307333a9,56.3,Unclassified,electromagnetic,https://jackmcguireastro.github.io/ctas.html?event=adb47cd4-d767-4f47-966b-2599307333a9#dossier,https://www.wis-tns.org/object/2026wsm,,,,,,,
AT2026wsn,SIDEREAL,230.058125,29.372386,2000.0,874e70a3-b4df-4b20-a42a-a070651d911d,55.55,Unclassified,electromagnetic,https://jackmcguireastro.github.io/ctas.html?event=874e70a3-b4df-4b20-a42a-a070651d911d#dossier,https://www.wis-tns.org/object/2026wsn,,,,,,,
AT2026wso,SIDEREAL,216.043042,20.208422,2000.0,2b7e3cfc-055d-4862-83dd-737b7a07de07,57.7,Unclassified,electromagnetic,https://jackmcguireastro.github.io/ctas.html?event=2b7e3cfc-055d-4862-83dd-737b7a07de07#dossier,https://www.wis-tns.org/object/2026wso,,,,,,,
AT2026wsp,SIDEREAL,238.900208,34.880692,2000.0,1df1a494-f51c-4319-b78a-8130e83065f1,55.83,Unclassified,electromagnetic,https://jackmcguireastro.github.io/ctas.html?event=1df1a494-f51c-4319-b78a-8130e83065f1#dossier,https://www.wis-tns.org/object/2026wsp,,,,,,,
AT2026wpe,SIDEREAL,292.7267644,-4.2322259,2000.0,e80f7d7f-2e93-45cf-80cd-ad720dba56b9,82.6,Unclassified,electromagnetic,https://jackmcguireastro.github.io/ctas.html?event=e80f7d7f-2e93-45cf-80cd-ad720dba56b9#dossier,https://www.wis-tns.org/object/2026wpe,,,,,,,
AT2026wpa,SIDEREAL,280.4222406,36.0720144,2000.0,6a8ab1e2-ecdf-414e-abbc-8a5a30f5e729,55.81,Unclassified,electromagnetic,https://jackmcguireastro.github.io/ctas.html?event=6a8ab1e2-ecdf-414e-abbc-8a5a30f5e729#dossier,https://www.wis-tns.org/object/2026wpa,,,,,,,
AT2026wpb,SIDEREAL,262.5635785,75.5675501,2000.0,3e12657e-bf34-4591-b5b6-c4337b9d2ff8,54.62,Unclassified,electromagnetic,https://jackmcguireastro.github.io/ctas.html?event=3e12657e-bf34-4591-b5b6-c4337b9d2ff8#dossier,https://www.wis-tns.org/object/2026wpb,,,,,,,
AT2026wjj,SIDEREAL,298.2213942,5.1208096,2000.0,4b224f43-3890-4a92-b2bc-e28d50c9e24a,58.12,CV,electromagnetic,https://jackmcguireastro.github.io/ctas.html?event=4b224f43-3890-4a92-b2bc-e28d50c9e24a#dossier,https://www.wis-tns.org/object/2026wjj,,,,,,,
AT2026wop,SIDEREAL,220.492146,13.437906,2000.0,14aeea27-d359-4a55-a31d-358f67e3577b,57.2,Unclassified,electromagnetic,https://jackmcguireastro.github.io/ctas.html?event=14aeea27-d359-4a55-a31d-358f67e3577b#dossier,https://www.wis-tns.org/object/2026wop,,,,,,,
AT2026woq,SIDEREAL,290.1825203,66.5368816,2000.0,3fce79c6-7cb4-4e96-b6cf-35d4b9e79574,57.59,Unclassified,electromagnetic,https://jackmcguireastro.github.io/ctas.html?event=3fce79c6-7cb4-4e96-b6cf-35d4b9e79574#dossier,https://www.wis-tns.org/object/2026woq,,,,,,,
AT2026wor,SIDEREAL,274.6837678,68.3517523,2000.0,6816a640-53fc-472e-94e4-1e047f379c45,55.98,Unclassified,electromagnetic,https://jackmcguireastro.github.io/ctas.html?event=6816a640-53fc-472e-94e4-1e047f379c45#dossier,https://www.wis-tns.org/object/2026wor,,,,,,,
AT2026wos,SIDEREAL,226.7472497,10.5778033,2000.0,992150de-c9d6-428b-be4f-11f5ea28a835,81.29,Unclassified,electromagnetic,https://jackmcguireastro.github.io/ctas.html?event=992150de-c9d6-428b-be4f-11f5ea28a835#dossier,https://www.wis-tns.org/object/2026wos,,,,,,,
AT2026wot,SIDEREAL,235.3586655,-16.6671011,2000.0,dc3e2432-c2e4-46ce-83cf-60b989350ad0,58.76,Unclassified,electromagnetic,https://jackmcguireastro.github.io/ctas.html?event=dc3e2432-c2e4-46ce-83cf-60b989350ad0#dossier,https://www.wis-tns.org/object/2026wot,,,,,,,
AT2026wkw,SIDEREAL,236.5380619,-15.9736353,2000.0,6c586637-3bd6-4eeb-b62b-9b2ef7575628,65.52,Unclassified,electromagnetic,https://jackmcguireastro.github.io/ctas.html?event=6c586637-3bd6-4eeb-b62b-9b2ef7575628#dossier,https://www.wis-tns.org/object/2026wkw,,,,,,,
AT2026wou,SIDEREAL,281.1780893,19.604324,2000.0,6b15e36c-9554-467d-ad9e-3ebe869f1667,55.8,Unclassified,electromagnetic,https://jackmcguireastro.github.io/ctas.html?event=6b15e36c-9554-467d-ad9e-3ebe869f1667#dossier,https://www.wis-tns.org/object/2026wou,,,,,,,
AT2026wox,SIDEREAL,234.5145928,-5.1947647,2000.0,466a861e-beb1-4df3-a3f6-d5b39ad4cf7b,55.21,Unclassified,electromagnetic,https://jackmcguireastro.github.io/ctas.html?event=466a861e-beb1-4df3-a3f6-d5b39ad4cf7b#dossier,https://www.wis-tns.org/object/2026wox,,,,,,,
AT2026woy,SIDEREAL,250.1578101,-1.1251203,2000.0,930d1bc4-181d-4570-82f1-1417456900b8,55.49,Unclassified,electromagnetic,https://jackmcguireastro.github.io/ctas.html?event=930d1bc4-181d-4570-82f1-1417456900b8#dossier,https://www.wis-tns.org/object/2026woy,,,,,,,
AT2026woz,SIDEREAL,176.1743757,35.9719414,2000.0,a3440488-1a95-4971-bcaa-4bdfc4d157fb,58.45,Unclassified,electromagnetic,https://jackmcguireastro.github.io/ctas.html?event=a3440488-1a95-4971-bcaa-4bdfc4d157fb#dossier,https://www.wis-tns.org/object/2026woz,,,,,,,
AT2026woj,SIDEREAL,214.209486667,47.8039066667,2000.0,d74f9405-d6b6-4067-958c-b95c4f0c65dd,77.89,Unclassified,electromagnetic,https://jackmcguireastro.github.io/ctas.html?event=d74f9405-d6b6-4067-958c-b95c4f0c65dd#dossier,https://www.wis-tns.org/object/2026woj,,,,,,,
AT2026wol,SIDEREAL,25.394686,-35.880098,2000.0,5238c9ca-3a10-443f-80f0-b849f16f492d,58.46,Unclassified,electromagnetic,https://jackmcguireastro.github.io/ctas.html?event=5238c9ca-3a10-443f-80f0-b849f16f492d#dossier,https://www.wis-tns.org/object/2026wol,,,,,,,
AT2026won,SIDEREAL,57.6102566667,-34.6969033333,2000.0,9e2c44e2-34ea-4e9f-b896-4e316e0035b5,57.84,Unclassified,electromagnetic,https://jackmcguireastro.github.io/ctas.html?event=9e2c44e2-34ea-4e9f-b896-4e316e0035b5#dossier,https://www.wis-tns.org/object/2026won,,,,,,,
AT2025amwc,SIDEREAL,23.9451200389,-31.1484043888,2000.0,a30f0151-e26f-4fc1-abd3-1511c3dc82f2,55.12,Unclassified,electromagnetic,https://jackmcguireastro.github.io/ctas.html?event=a30f0151-e26f-4fc1-abd3-1511c3dc82f2#dossier,https://www.wis-tns.org/object/2025amwc,,,,,,,
AT2025amwd,SIDEREAL,89.5418387066,-14.5377921623,2000.0,b8eea4fc-50a6-4d49-b521-0f715f041a94,52.7,Unclassified,electromagnetic,https://jackmcguireastro.github.io/ctas.html?event=b8eea4fc-50a6-4d49-b521-0f715f041a94#dossier,https://www.wis-tns.org/object/2025amwd,,,,,,,
AT2025amwe,SIDEREAL,10.9186725234,-24.9547244258,2000.0,ce495a3e-114b-4c60-a091-954ef2737bd7,53.55,Unclassified,electromagnetic,https://jackmcguireastro.github.io/ctas.html?event=ce495a3e-114b-4c60-a091-954ef2737bd7#dossier,https://www.wis-tns.org/object/2025amwe,,,,,,,
AT2026wnx,SIDEREAL,125.866672385,51.6018748048,2000.0,bc8c6f32-a436-4e04-bb21-9544d2cf1e2a,53.8,Unclassified,electromagnetic,https://jackmcguireastro.github.io/ctas.html?event=bc8c6f32-a436-4e04-bb21-9544d2cf1e2a#dossier,https://www.wis-tns.org/object/2026wnx,,,,,,,
AT2025amwf,SIDEREAL,357.207792602,8.07773388041,2000.0,637ec324-6d33-41b0-bb4a-8fcb75386856,53.28,Unclassified,electromagnetic,https://jackmcguireastro.github.io/ctas.html?event=637ec324-6d33-41b0-bb4a-8fcb75386856#dossier,https://www.wis-tns.org/object/2025amwf,,,,,,,
AT2025amwg,SIDEREAL,6.32842210275,-10.1224372617,2000.0,340da7a0-e1d9-4bd3-8276-4ee3378b1d9c,52.32,Unclassified,electromagnetic,https://jackmcguireastro.github.io/ctas.html?event=340da7a0-e1d9-4bd3-8276-4ee3378b1d9c#dossier,https://www.wis-tns.org/object/2025amwg,,,,,,,
AT2025amwh,SIDEREAL,158.117963635,6.85792086414,2000.0,2327960e-bf66-4dcb-be66-4bf3665870d9,53.85,Unclassified,electromagnetic,https://jackmcguireastro.github.io/ctas.html?event=2327960e-bf66-4dcb-be66-4bf3665870d9#dossier,https://www.wis-tns.org/object/2025amwh,,,,,,,
AT2026wny,SIDEREAL,141.949927396,2.78450486955,2000.0,c222729e-f0aa-4bfb-8467-c063cd86dfbe,51.42,Unclassified,electromagnetic,https://jackmcguireastro.github.io/ctas.html?event=c222729e-f0aa-4bfb-8467-c063cd86dfbe#dossier,https://www.wis-tns.org/object/2026wny,,,,,,,
AT2025amwi,SIDEREAL,70.4290538617,3.82317693172,2000.0,091d6827-ccea-4ab5-8c92-5f774c3c23c1,53.15,Unclassified,electromagnetic,https://jackmcguireastro.github.io/ctas.html?event=091d6827-ccea-4ab5-8c92-5f774c3c23c1#dossier,https://www.wis-tns.org/object/2025amwi,,,,,,,
AT2026wnz,SIDEREAL,206.008908201,-9.69267059373,2000.0,0edba757-4545-451b-9d2a-aa363b4adc84,54.08,Unclassified,electromagnetic,https://jackmcguireastro.github.io/ctas.html?event=0edba757-4545-451b-9d2a-aa363b4adc84#dossier,https://www.wis-tns.org/object/2026wnz,,,,,,,
AT2026woa,SIDEREAL,184.402922986,-6.8039525115,2000.0,79f6251f-27a0-4e30-8a1a-865b75cb6d04,52.4,Unclassified,electromagnetic,https://jackmcguireastro.github.io/ctas.html?event=79f6251f-27a0-4e30-8a1a-865b75cb6d04#dossier,https://www.wis-tns.org/object/2026woa,,,,,,,
AT2026wob,SIDEREAL,164.794244768,32.1291557067,2000.0,89a097e3-b9a5-43ac-906a-dcc0a6185491,52.05,Unclassified,electromagnetic,https://jackmcguireastro.github.io/ctas.html?event=89a097e3-b9a5-43ac-906a-dcc0a6185491#dossier,https://www.wis-tns.org/object/2026wob,,,,,,,
AT2026woc,SIDEREAL,45.677878509,40.3725223882,2000.0,6321ffa8-fba4-469a-ba4c-53ace880d7cd,55.55,Unclassified,electromagnetic,https://jackmcguireastro.github.io/ctas.html?event=6321ffa8-fba4-469a-ba4c-53ace880d7cd#dossier,https://www.wis-tns.org/object/2026woc,,,,,,,
AT2025amwj,SIDEREAL,324.343578323,23.602360736,2000.0,36dafbf9-fb02-4f74-b2fe-78b2cd7709c0,54.55,Unclassified,electromagnetic,https://jackmcguireastro.github.io/ctas.html?event=36dafbf9-fb02-4f74-b2fe-78b2cd7709c0#dossier,https://www.wis-tns.org/object/2025amwj,,,,,,,
AT2026wod,SIDEREAL,178.026205396,10.3447127168,2000.0,fc829f10-bec5-4654-bbe0-ded08c407438,53.83,Unclassified,electromagnetic,https://jackmcguireastro.github.io/ctas.html?event=fc829f10-bec5-4654-bbe0-ded08c407438#dossier,https://www.wis-tns.org/object/2026wod,,,,,,,
AT2025amwk,SIDEREAL,133.687531415,3.57843813484,2000.0,90a00321-0d82-4ea3-9367-f02020ba9bf9,52.58,Unclassified,electromagnetic,https://jackmcguireastro.github.io/ctas.html?event=90a00321-0d82-4ea3-9367-f02020ba9bf9#dossier,https://www.wis-tns.org/object/2025amwk,,,,,,,
AT2026woe,SIDEREAL,167.679184655,-16.3186253687,2000.0,ce069279-c3f6-474a-8f3d-963af953f436,50.78,Unclassified,electromagnetic,https://jackmcguireastro.github.io/ctas.html?event=ce069279-c3f6-474a-8f3d-963af953f436#dossier,https://www.wis-tns.org/object/2026woe,,,,,,,
AT2025amwl,SIDEREAL,185.524345524,-23.8766656337,2000.0,1f4b6cfd-99de-41f1-a363-727810b118d6,54.15,Unclassified,electromagnetic,https://jackmcguireastro.github.io/ctas.html?event=1f4b6cfd-99de-41f1-a363-727810b118d6#dossier,https://www.wis-tns.org/object/2025amwl,,,,,,,
AT2025amwm,SIDEREAL,350.416400787,9.92786132641,2000.0,170e6a60-7573-4e9a-bf90-85cb9785c53a,54.25,Unclassified,electromagnetic,https://jackmcguireastro.github.io/ctas.html?event=170e6a60-7573-4e9a-bf90-85cb9785c53a#dossier,https://www.wis-tns.org/object/2025amwm,,,,,,,
AT2026wof,SIDEREAL,135.929334261,-5.50091273282,2000.0,f59a93a9-5d01-4291-a8a0-5b76fff420a8,52.32,Unclassified,electromagnetic,https://jackmcguireastro.github.io/ctas.html?event=f59a93a9-5d01-4291-a8a0-5b76fff420a8#dossier,https://www.wis-tns.org/object/2026wof,,,,,,,
AT2025amwn,SIDEREAL,345.425180972,13.6227089748,2000.0,624b1a0e-86d9-4766-9c1f-cdaad7151ca5,55.15,Unclassified,electromagnetic,https://jackmcguireastro.github.io/ctas.html?event=624b1a0e-86d9-4766-9c1f-cdaad7151ca5#dossier,https://www.wis-tns.org/object/2025amwn,,,,,,,
AT2026wog,SIDEREAL,162.027264393,15.6106028331,2000.0,c6a46d38-4ab2-479a-b72d-dfa345f1bcad,54.58,Unclassified,electromagnetic,https://jackmcguireastro.github.io/ctas.html?event=c6a46d38-4ab2-479a-b72d-dfa345f1bcad#dossier,https://www.wis-tns.org/object/2026wog,,,,,,,
AT2026woh,SIDEREAL,200.13827706,-37.7399694722,2000.0,586a16b6-a740-44e1-8892-cfea78e5e711,54.7,Unclassified,electromagnetic,https://jackmcguireastro.github.io/ctas.html?event=586a16b6-a740-44e1-8892-cfea78e5e711#dossier,https://www.wis-tns.org/object/2026woh,,,,,,,
AT2025amwo,SIDEREAL,123.482932912,33.852277073,2000.0,38fec84b-b241-4b61-9897-3a285ce00e9e,53.92,Unclassified,electromagnetic,https://jackmcguireastro.github.io/ctas.html?event=38fec84b-b241-4b61-9897-3a285ce00e9e#dossier,https://www.wis-tns.org/object/2025amwo,,,,,,,
AT2025amwp,SIDEREAL,25.0085602378,-41.778657089,2000.0,ca80aa1b-4f28-466f-beb5-542d14efbef9,58.7,Unclassified,electromagnetic,https://jackmcguireastro.github.io/ctas.html?event=ca80aa1b-4f28-466f-beb5-542d14efbef9#dossier,https://www.wis-tns.org/object/2025amwp,,,,,,,
AT2025amwq,SIDEREAL,29.3986024122,-23.9702889239,2000.0,5d59e411-97bd-4f11-a06b-621bb7458924,54.4,Unclassified,electromagnetic,https://jackmcguireastro.github.io/ctas.html?event=5d59e411-97bd-4f11-a06b-621bb7458924#dossier,https://www.wis-tns.org/object/2025amwq,,,,,,,
AT2025amwr,SIDEREAL,25.2062216675,-42.1754688583,2000.0,57d95fef-6bbc-47db-8212-55fadfcdb2e4,56.93,Unclassified,electromagnetic,https://jackmcguireastro.github.io/ctas.html?event=57d95fef-6bbc-47db-8212-55fadfcdb2e4#dossier,https://www.wis-tns.org/object/2025amwr,,,,,,,
AT2025amws,SIDEREAL,64.4163797933,-29.4119823262,2000.0,e22f9681-27a8-4170-8571-cbc1c184d3b4,53.15,Unclassified,electromagnetic,https://jackmcguireastro.github.io/ctas.html?event=e22f9681-27a8-4170-8571-cbc1c184d3b4#dossier,https://www.wis-tns.org/object/2025amws,,,,,,,
AT2026woi,SIDEREAL,65.3471608139,16.5885098786,2000.0,24361fcc-9698-4acb-b0e8-41a09d5624a0,53.75,Unclassified,electromagnetic,https://jackmcguireastro.github.io/ctas.html?event=24361fcc-9698-4acb-b0e8-41a09d5624a0#dossier,https://www.wis-tns.org/object/2026woi,,,,,,,
AT2026vdu,SIDEREAL,12.1959796844,-17.7772181609,2000.0,8b965d13-843c-475d-8bc7-36f46f7d26e9,57.27,Unclassified,electromagnetic,https://jackmcguireastro.github.io/ctas.html?event=8b965d13-843c-475d-8bc7-36f46f7d26e9#dossier,https://www.wis-tns.org/object/2026vdu,,,,,,,
AT2026wmq,SIDEREAL,34.6887233184,-1.81043737108,2000.0,bbdd0f41-6ced-40bd-892e-004348d3e1a2,59.69,Unclassified,electromagnetic,https://jackmcguireastro.github.io/ctas.html?event=bbdd0f41-6ced-40bd-892e-004348d3e1a2#dossier,https://www.wis-tns.org/object/2026wmq,,,,,,,
AT2026wmr,SIDEREAL,30.0179076121,-5.95734910534,2000.0,9100eb9f-4c82-45aa-aa86-ca6a07b06a2d,60.8,Unclassified,electromagnetic,https://jackmcguireastro.github.io/ctas.html?event=9100eb9f-4c82-45aa-aa86-ca6a07b06a2d#dossier,https://www.wis-tns.org/object/2026wmr,,,,,,,
AT2026wms,SIDEREAL,246.420585654,23.9882488374,2000.0,76465c28-adc9-470b-b9d7-fb6de346f7e4,56.5,Unclassified,electromagnetic,https://jackmcguireastro.github.io/ctas.html?event=76465c28-adc9-470b-b9d7-fb6de346f7e4#dossier,https://www.wis-tns.org/object/2026wms,,,,,,,
AT2026qac,SIDEREAL,3.45048362176,32.2909083444,2000.0,65c12441-266a-4f05-b7a1-e195bb894bf8,57.22,Unclassified,electromagnetic,https://jackmcguireastro.github.io/ctas.html?event=65c12441-266a-4f05-b7a1-e195bb894bf8#dossier,https://www.wis-tns.org/object/2026qac,,,,,,,
SN2026uzr,SIDEREAL,29.3527282099,29.4629115396,2000.0,b787252c-0bf4-49d2-be13-d3eeea5f2113,44.98,SN Ia,electromagnetic,https://jackmcguireastro.github.io/ctas.html?event=b787252c-0bf4-49d2-be13-d3eeea5f2113#dossier,https://www.wis-tns.org/object/2026uzr,,,,,,,
AT2026wmt,SIDEREAL,336.417295118,28.4552004429,2000.0,59f74caa-cacf-4996-86ec-c8f22e9e3a24,55.3,Unclassified,electromagnetic,https://jackmcguireastro.github.io/ctas.html?event=59f74caa-cacf-4996-86ec-c8f22e9e3a24#dossier,https://www.wis-tns.org/object/2026wmt,,,,,,,
AT2026wmu,SIDEREAL,252.627258719,29.9336596004,2000.0,95d74162-633b-48c3-8275-49ef0dc2df3f,60.94,Unclassified,electromagnetic,https://jackmcguireastro.github.io/ctas.html?event=95d74162-633b-48c3-8275-49ef0dc2df3f#dossier,https://www.wis-tns.org/object/2026wmu,,,,,,,
AT2026wmv,SIDEREAL,346.442920297,15.5183488262,2000.0,40cd7113-293e-41ec-87a8-79ceb26c02ce,54.82,Unclassified,electromagnetic,https://jackmcguireastro.github.io/ctas.html?event=40cd7113-293e-41ec-87a8-79ceb26c02ce#dossier,https://www.wis-tns.org/object/2026wmv,,,,,,,
AT2026wmx,SIDEREAL,41.1201787618,10.6889387002,2000.0,05e45abc-f38e-45f0-b5c3-44214b9bb3d3,54.32,Unclassified,electromagnetic,https://jackmcguireastro.github.io/ctas.html?event=05e45abc-f38e-45f0-b5c3-44214b9bb3d3#dossier,https://www.wis-tns.org/object/2026wmx,,,,,,,
AT2026wmy,SIDEREAL,38.36133122,12.6992737994,2000.0,c0148932-e74f-4a53-8e85-78e6cb075613,53.38,Unclassified,electromagnetic,https://jackmcguireastro.github.io/ctas.html?event=c0148932-e74f-4a53-8e85-78e6cb075613#dossier,https://www.wis-tns.org/object/2026wmy,,,,,,,
AT2026wmz,SIDEREAL,189.428453321,23.9066612239,2000.0,a9f3d817-81b8-4552-8865-619a4605665f,57.98,Unclassified,electromagnetic,https://jackmcguireastro.github.io/ctas.html?event=a9f3d817-81b8-4552-8865-619a4605665f#dossier,https://www.wis-tns.org/object/2026wmz,,,,,,,
AT2026wna,SIDEREAL,355.422592342,-23.156190072,2000.0,298fa3eb-c90a-4941-a6b8-de8a0253afbc,54.15,Unclassified,electromagnetic,https://jackmcguireastro.github.io/ctas.html?event=298fa3eb-c90a-4941-a6b8-de8a0253afbc#dossier,https://www.wis-tns.org/object/2026wna,,,,,,,
AT2026wnb,SIDEREAL,9.97676603339,1.99490140632,2000.0,c1b81bee-4d1d-467c-86a2-19dae81eee1a,55.45,Unclassified,electromagnetic,https://jackmcguireastro.github.io/ctas.html?event=c1b81bee-4d1d-467c-86a2-19dae81eee1a#dossier,https://www.wis-tns.org/object/2026wnb,,,,,,,
AT2026sqr,SIDEREAL,11.2691680914,-26.012006573,2000.0,ca4d05e8-e83d-4b37-bbb7-3d9ea2c545cf,60.36,Unclassified,electromagnetic,https://jackmcguireastro.github.io/ctas.html?event=ca4d05e8-e83d-4b37-bbb7-3d9ea2c545cf#dossier,https://www.wis-tns.org/object/2026sqr,,,,,,,
AT2026wnc,SIDEREAL,151.134796209,25.7549711343,2000.0,b1ebab93-5ce0-436d-b1de-96f116d50045,53.97,Unclassified,electromagnetic,https://jackmcguireastro.github.io/ctas.html?event=b1ebab93-5ce0-436d-b1de-96f116d50045#dossier,https://www.wis-tns.org/object/2026wnc,,,,,,,
AT2026wnd,SIDEREAL,171.15622545,16.6215723862,2000.0,0f282859-a187-45a9-8e83-6a175ce1f382,52.72,Unclassified,electromagnetic,https://jackmcguireastro.github.io/ctas.html?event=0f282859-a187-45a9-8e83-6a175ce1f382#dossier,https://www.wis-tns.org/object/2026wnd,,,,,,,
AT2026wne,SIDEREAL,76.3010370072,-22.8405485478,2000.0,237df3a7-3416-4133-8051-cd7fb0ead94b,55.55,Unclassified,electromagnetic,https://jackmcguireastro.github.io/ctas.html?event=237df3a7-3416-4133-8051-cd7fb0ead94b#dossier,https://www.wis-tns.org/object/2026wne,,,,,,,
AT2026wnf,SIDEREAL,176.947471085,8.27428453782,2000.0,0dabb907-3c4b-413f-8656-93a66eda8874,56.95,Unclassified,electromagnetic,https://jackmcguireastro.github.io/ctas.html?event=0dabb907-3c4b-413f-8656-93a66eda8874#dossier,https://www.wis-tns.org/object/2026wnf,,,,,,,
AT2026wng,SIDEREAL,120.768863238,29.3398726267,2000.0,9894cdc4-1ba1-4cbb-9fae-aa1f777fe837,53.7,Unclassified,electromagnetic,https://jackmcguireastro.github.io/ctas.html?event=9894cdc4-1ba1-4cbb-9fae-aa1f777fe837#dossier,https://www.wis-tns.org/object/2026wng,,,,,,,
AT2026wnh,SIDEREAL,194.669431201,-22.3106301772,2000.0,49fdfeff-5b60-4980-ae1d-119c89397828,53.2,Unclassified,electromagnetic,https://jackmcguireastro.github.io/ctas.html?event=49fdfeff-5b60-4980-ae1d-119c89397828#dossier,https://www.wis-tns.org/object/2026wnh,,,,,,,
AT2026wni,SIDEREAL,186.325497793,-19.4131658038,2000.0,73001c35-6661-4fdb-8454-028dac358c78,53.3,Unclassified,electromagnetic,https://jackmcguireastro.github.io/ctas.html?event=73001c35-6661-4fdb-8454-028dac358c78#dossier,https://www.wis-tns.org/object/2026wni,,,,,,,
AT2026wnj,SIDEREAL,132.249173308,14.7334033667,2000.0,d7cd9043-be3a-45b8-9634-796aaa3a7eff,53.92,Unclassified,electromagnetic,https://jackmcguireastro.github.io/ctas.html?event=d7cd9043-be3a-45b8-9634-796aaa3a7eff#dossier,https://www.wis-tns.org/object/2026wnj,,,,,,,
AT2026wnk,SIDEREAL,47.6248595693,3.12782176547,2000.0,0af0142b-3ec5-4140-bab0-0ca9f1bcc368,52.67,Unclassified,electromagnetic,https://jackmcguireastro.github.io/ctas.html?event=0af0142b-3ec5-4140-bab0-0ca9f1bcc368#dossier,https://www.wis-tns.org/object/2026wnk,,,,,,,
AT2026wnl,SIDEREAL,109.921003831,11.6586122573,2000.0,6d0236ea-13c2-4323-a59e-44f12f66936c,54.12,Unclassified,electromagnetic,https://jackmcguireastro.github.io/ctas.html?event=6d0236ea-13c2-4323-a59e-44f12f66936c#dossier,https://www.wis-tns.org/object/2026wnl,,,,,,,
AT2026wnm,SIDEREAL,135.610350928,13.8324960834,2000.0,4937a3f2-d0cf-482f-8db2-1363dcea59bc,53.97,Unclassified,electromagnetic,https://jackmcguireastro.github.io/ctas.html?event=4937a3f2-d0cf-482f-8db2-1363dcea59bc#dossier,https://www.wis-tns.org/object/2026wnm,,,,,,,
AT2026wnn,SIDEREAL,215.073431173,13.0614069018,2000.0,0d112232-1c90-43a2-af1a-d751be33edb7,54.3,Unclassified,electromagnetic,https://jackmcguireastro.github.io/ctas.html?event=0d112232-1c90-43a2-af1a-d751be33edb7#dossier,https://www.wis-tns.org/object/2026wnn,,,,,,,
AT2026wno,SIDEREAL,219.785172194,-4.00374292811,2000.0,6110d8e8-f037-447f-bdf2-0d9d5c212343,52.52,Unclassified,electromagnetic,https://jackmcguireastro.github.io/ctas.html?event=6110d8e8-f037-447f-bdf2-0d9d5c212343#dossier,https://www.wis-tns.org/object/2026wno,,,,,,,
AT2026wnp,SIDEREAL,201.600676798,-13.6800844708,2000.0,fc04156c-e093-4a08-98b9-a4df80a33008,53.8,Unclassified,electromagnetic,https://jackmcguireastro.github.io/ctas.html?event=fc04156c-e093-4a08-98b9-a4df80a33008#dossier,https://www.wis-tns.org/object/2026wnp,,,,,,,
AT2026wnq,SIDEREAL,224.219648085,37.310420532,2000.0,5bc8d66f-4e9f-4fd6-be0e-aecb8e93880b,52.8,Unclassified,electromagnetic,https://jackmcguireastro.github.io/ctas.html?event=5bc8d66f-4e9f-4fd6-be0e-aecb8e93880b#dossier,https://www.wis-tns.org/object/2026wnq,,,,,,,
AT2026wnr,SIDEREAL,149.924010612,28.117672616,2000.0,f601ce41-2dbb-42ec-9956-55e6afaef0a2,53.8,Unclassified,electromagnetic,https://jackmcguireastro.github.io/ctas.html?event=f601ce41-2dbb-42ec-9956-55e6afaef0a2#dossier,https://www.wis-tns.org/object/2026wnr,,,,,,,
AT2026wns,SIDEREAL,117.952992086,45.7742410715,2000.0,b14f5f7f-48da-4764-b398-5ed2fc757f16,56.33,Unclassified,electromagnetic,https://jackmcguireastro.github.io/ctas.html?event=b14f5f7f-48da-4764-b398-5ed2fc757f16#dossier,https://www.wis-tns.org/object/2026wns,,,,,,,
AT2026wnt,SIDEREAL,118.567199867,37.187223644,2000.0,125bb447-2190-4a72-8a20-8118e0c453cc,55.68,Unclassified,electromagnetic,https://jackmcguireastro.github.io/ctas.html?event=125bb447-2190-4a72-8a20-8118e0c453cc#dossier,https://www.wis-tns.org/object/2026wnt,,,,,,,
AT2026wnu,SIDEREAL,3.04495289389,5.67278222062,2000.0,070411df-8680-42ad-94de-59ea2bb05b95,52.85,Unclassified,electromagnetic,https://jackmcguireastro.github.io/ctas.html?event=070411df-8680-42ad-94de-59ea2bb05b95#dossier,https://www.wis-tns.org/object/2026wnu,,,,,,,
AT2026wnv,SIDEREAL,225.939387097,29.5073089037,2000.0,3d395bf4-f4de-4236-ad5b-748bc0d6a4ab,55.15,Unclassified,electromagnetic,https://jackmcguireastro.github.io/ctas.html?event=3d395bf4-f4de-4236-ad5b-748bc0d6a4ab#dossier,https://www.wis-tns.org/object/2026wnv,,,,,,,
AT2025amvy,SIDEREAL,142.032101141,-27.4293407733,2000.0,a5129a1b-0aa9-473c-aa11-a0a4f1d79ed9,55.97,Unclassified,electromagnetic,https://jackmcguireastro.github.io/ctas.html?event=a5129a1b-0aa9-473c-aa11-a0a4f1d79ed9#dossier,https://www.wis-tns.org/object/2025amvy,,,,,,,
AT2026wnw,SIDEREAL,182.862126504,30.0065248771,2000.0,c5ed2508-37f8-438b-b9e8-ca4e8ee3bf57,53.12,Unclassified,electromagnetic,https://jackmcguireastro.github.io/ctas.html?event=c5ed2508-37f8-438b-b9e8-ca4e8ee3bf57#dossier,https://www.wis-tns.org/object/2026wnw,,,,,,,
AT2025amvz,SIDEREAL,18.1425440042,-25.9367149581,2000.0,1be154a0-2ed1-4f97-89dc-e36b497f7352,54.0,Unclassified,electromagnetic,https://jackmcguireastro.github.io/ctas.html?event=1be154a0-2ed1-4f97-89dc-e36b497f7352#dossier,https://www.wis-tns.org/object/2025amvz,,,,,,,
AT2025amwa,SIDEREAL,42.6670370993,-0.687349987439,2000.0,ff038de9-b49c-4918-94d1-30b8bf07e224,51.25,Unclassified,electromagnetic,https://jackmcguireastro.github.io/ctas.html?event=ff038de9-b49c-4918-94d1-30b8bf07e224#dossier,https://www.wis-tns.org/object/2025amwa,,,,,,,
AT2025amwb,SIDEREAL,20.4306080069,7.32367450237,2000.0,e11cea3b-0859-4c30-8378-42edf0a12c70,50.92,Unclassified,electromagnetic,https://jackmcguireastro.github.io/ctas.html?event=e11cea3b-0859-4c30-8378-42edf0a12c70#dossier,https://www.wis-tns.org/object/2025amwb,,,,,,,
AT2026wmi,SIDEREAL,72.734691,-13.237918,2000.0,9856134a-0dad-444c-96c5-6ec2a6e45653,66.11,Unclassified,electromagnetic,https://jackmcguireastro.github.io/ctas.html?event=9856134a-0dad-444c-96c5-6ec2a6e45653#dossier,https://www.wis-tns.org/object/2026wmi,,,,,,,
AT2026wml,SIDEREAL,227.932124,-21.521752,2000.0,efeb402b-eb4d-4eec-8747-98b61f7c92ac,61.48,Unclassified,electromagnetic,https://jackmcguireastro.github.io/ctas.html?event=efeb402b-eb4d-4eec-8747-98b61f7c92ac#dossier,https://www.wis-tns.org/object/2026wml,,,,,,,
AT2026wmn,SIDEREAL,64.939283,-11.382637,2000.0,cc839118-f718-4cc3-9c9b-106c58428735,57.62,Unclassified,electromagnetic,https://jackmcguireastro.github.io/ctas.html?event=cc839118-f718-4cc3-9c9b-106c58428735#dossier,https://www.wis-tns.org/object/2026wmn,,,,,,,
AT2026wmo,SIDEREAL,52.596287,-36.201402,2000.0,e53b6994-51ea-4c95-9806-4fb9ce5614e8,56.93,Unclassified,electromagnetic,https://jackmcguireastro.github.io/ctas.html?event=e53b6994-51ea-4c95-9806-4fb9ce5614e8#dossier,https://www.wis-tns.org/object/2026wmo,,,,,,,
AT2026wmp,SIDEREAL,224.557439,-9.379841,2000.0,873b3c3a-3a82-4313-8574-7012091f2eca,69.29,Unclassified,electromagnetic,https://jackmcguireastro.github.io/ctas.html?event=873b3c3a-3a82-4313-8574-7012091f2eca#dossier,https://www.wis-tns.org/object/2026wmp,,,,,,,
AT2026wlr,SIDEREAL,233.265551,-39.83438,2000.0,51bb4b7b-0a88-4feb-a429-93bc19eb1b50,78.1,Unclassified,electromagnetic,https://jackmcguireastro.github.io/ctas.html?event=51bb4b7b-0a88-4feb-a429-93bc19eb1b50#dossier,https://www.wis-tns.org/object/2026wlr,,,,,,,
AT2026wls,SIDEREAL,318.148434,-44.465824,2000.0,063bc27b-1827-4605-be10-fa4fc32462d7,56.38,Unclassified,electromagnetic,https://jackmcguireastro.github.io/ctas.html?event=063bc27b-1827-4605-be10-fa4fc32462d7#dossier,https://www.wis-tns.org/object/2026wls,,,,,,,
AT2026wlt,SIDEREAL,300.025052,-36.676136,2000.0,c7da414b-c59e-4f71-ba01-b2d3fc4d2455,79.41,Unclassified,electromagnetic,https://jackmcguireastro.github.io/ctas.html?event=c7da414b-c59e-4f71-ba01-b2d3fc4d2455#dossier,https://www.wis-tns.org/object/2026wlt,,,,,,,
AT2026wlu,SIDEREAL,296.088327,-28.485209,2000.0,eb11fbe7-e25a-4c59-b7bd-3ce5a0b5ac5c,58.42,Unclassified,electromagnetic,https://jackmcguireastro.github.io/ctas.html?event=eb11fbe7-e25a-4c59-b7bd-3ce5a0b5ac5c#dossier,https://www.wis-tns.org/object/2026wlu,,,,,,,
AT2026nrv,SIDEREAL,357.679216347,-1.15340344985,2000.0,e3bb948c-bb27-4231-bd2e-a649e547123b,57.74,Unclassified,electromagnetic,https://jackmcguireastro.github.io/ctas.html?event=e3bb948c-bb27-4231-bd2e-a649e547123b#dossier,https://www.wis-tns.org/object/2026nrv,,,,,,,
AT2026wlw,SIDEREAL,222.80003233,-21.3928757677,2000.0,eb7d5468-ca06-47df-b72f-2220c45fcda6,54.17,Unclassified,electromagnetic,https://jackmcguireastro.github.io/ctas.html?event=eb7d5468-ca06-47df-b72f-2220c45fcda6#dossier,https://www.wis-tns.org/object/2026wlw,,,,,,,
AT2026wlx,SIDEREAL,322.222685558,3.45060865101,2000.0,cd2db6f0-c1d2-4fee-bd8a-f9ded397bcd2,54.0,Unclassified,electromagnetic,https://jackmcguireastro.github.io/ctas.html?event=cd2db6f0-c1d2-4fee-bd8a-f9ded397bcd2#dossier,https://www.wis-tns.org/object/2026wlx,,,,,,,
AT2026wly,SIDEREAL,268.096337497,39.3109091747,2000.0,feef9e16-e260-41a8-af01-9dfba70354e5,52.62,Unclassified,electromagnetic,https://jackmcguireastro.github.io/ctas.html?event=feef9e16-e260-41a8-af01-9dfba70354e5#dossier,https://www.wis-tns.org/object/2026wly,,,,,,,
AT2026anu,SIDEREAL,346.323767481,15.7185586836,2000.0,f13bc0c0-c241-4374-893e-1d2057b4bcd5,57.39,Unclassified,electromagnetic,https://jackmcguireastro.github.io/ctas.html?event=f13bc0c0-c241-4374-893e-1d2057b4bcd5#dossier,https://www.wis-tns.org/object/2026anu,,,,,,,
AT2026wlz,SIDEREAL,260.722051959,41.4820489303,2000.0,5dba63dc-d03b-4c50-9302-a9ad906801f9,52.67,Unclassified,electromagnetic,https://jackmcguireastro.github.io/ctas.html?event=5dba63dc-d03b-4c50-9302-a9ad906801f9#dossier,https://www.wis-tns.org/object/2026wlz,,,,,,,
AT2026peg,SIDEREAL,340.917123912,5.57165501112,2000.0,832077c8-932b-4cf2-8d98-b311d6800561,54.97,Unclassified,electromagnetic,https://jackmcguireastro.github.io/ctas.html?event=832077c8-932b-4cf2-8d98-b311d6800561#dossier,https://www.wis-tns.org/object/2026peg,,,,,,,
AT2026wma,SIDEREAL,232.220405588,27.7245837462,2000.0,c6fa675c-e3ea-4f01-affa-6e0ff70912ed,54.5,Unclassified,electromagnetic,https://jackmcguireastro.github.io/ctas.html?event=c6fa675c-e3ea-4f01-affa-6e0ff70912ed#dossier,https://www.wis-tns.org/object/2026wma,,,,,,,
AT2026wmb,SIDEREAL,183.955226248,36.1226458408,2000.0,843aa772-45d2-4fa7-b420-ce0be9134f83,52.8,Unclassified,electromagnetic,https://jackmcguireastro.github.io/ctas.html?event=843aa772-45d2-4fa7-b420-ce0be9134f83#dossier,https://www.wis-tns.org/object/2026wmb,,,,,,,
AT2026wmc,SIDEREAL,349.75723815,-2.27976431016,2000.0,9bcb1438-1e39-415a-b10f-8ced15556718,52.78,Unclassified,electromagnetic,https://jackmcguireastro.github.io/ctas.html?event=9bcb1438-1e39-415a-b10f-8ced15556718#dossier,https://www.wis-tns.org/object/2026wmc,,,,,,,
AT2026wmd,SIDEREAL,190.89342661,27.8618147284,2000.0,10f9d4a0-3434-4e9b-a71f-b631024732fe,55.65,Unclassified,electromagnetic,https://jackmcguireastro.github.io/ctas.html?event=10f9d4a0-3434-4e9b-a71f-b631024732fe#dossier,https://www.wis-tns.org/object/2026wmd,,,,,,,
AT2026wme,SIDEREAL,17.1834907873,11.5376121124,2000.0,a36a0f69-0d21-4126-a3a0-339ff0603130,55.45,Unclassified,electromagnetic,https://jackmcguireastro.github.io/ctas.html?event=a36a0f69-0d21-4126-a3a0-339ff0603130#dossier,https://www.wis-tns.org/object/2026wme,,,,,,,
AT2026wbe,SIDEREAL,22.6861194769,15.8574814099,2000.0,c1da65fd-e2f5-46e3-a002-1db9cfdc31e5,54.64,Unclassified,electromagnetic,https://jackmcguireastro.github.io/ctas.html?event=c1da65fd-e2f5-46e3-a002-1db9cfdc31e5#dossier,https://www.wis-tns.org/object/2026wbe,,,,,,,
AT2026wfi,SIDEREAL,337.50811164,21.1425445987,2000.0,ee8377f3-47d6-450e-877b-86abdb3f0bc2,55.7,Unclassified,electromagnetic,https://jackmcguireastro.github.io/ctas.html?event=ee8377f3-47d6-450e-877b-86abdb3f0bc2#dossier,https://www.wis-tns.org/object/2026wfi,,,,,,,
AT2026vcs,SIDEREAL,340.393781271,6.76788994035,2000.0,467d8e2b-93fc-41af-a32b-11371b9bc443,55.49,Unclassified,electromagnetic,https://jackmcguireastro.github.io/ctas.html?event=467d8e2b-93fc-41af-a32b-11371b9bc443#dossier,https://www.wis-tns.org/object/2026vcs,,,,,,,
AT2026vzb,SIDEREAL,357.053565782,6.02107756208,2000.0,44b14ec8-0db6-40e4-8808-8985df12e2bf,50.9,Unclassified,electromagnetic,https://jackmcguireastro.github.io/ctas.html?event=44b14ec8-0db6-40e4-8808-8985df12e2bf#dossier,https://www.wis-tns.org/object/2026vzb,,,,,,,
AT2026mik,SIDEREAL,4.16134071608,-23.9052748044,2000.0,8c3855c6-777c-4d87-ba00-bba0923eca15,61.39,Unclassified,electromagnetic,https://jackmcguireastro.github.io/ctas.html?event=8c3855c6-777c-4d87-ba00-bba0923eca15#dossier,https://www.wis-tns.org/object/2026mik,,,,,,,
AT2026vbq,SIDEREAL,13.6091544169,-24.2693491528,2000.0,35e324f1-c58b-4824-b57e-e57a6d66e1e3,58.66,Unclassified,electromagnetic,https://jackmcguireastro.github.io/ctas.html?event=35e324f1-c58b-4824-b57e-e57a6d66e1e3#dossier,https://www.wis-tns.org/object/2026vbq,,,,,,,
AT2026wcs,SIDEREAL,341.576779759,0.486100503492,2000.0,203709da-98ef-45e0-a374-54c144faf0a5,49.77,Unclassified,electromagnetic,https://jackmcguireastro.github.io/ctas.html?event=203709da-98ef-45e0-a374-54c144faf0a5#dossier,https://www.wis-tns.org/object/2026wcs,,,,,,,
AT2026wmf,SIDEREAL,356.062024463,-5.8413961584,2000.0,a1d20a1c-8b3b-4573-ba78-7e79b67950dc,52.5,Unclassified,electromagnetic,https://jackmcguireastro.github.io/ctas.html?event=a1d20a1c-8b3b-4573-ba78-7e79b67950dc#dossier,https://www.wis-tns.org/object/2026wmf,,,,,,,
AT2026wmg,SIDEREAL,352.660038034,2.74337967957,2000.0,b4349f3f-7ef1-415b-9572-9d181cc4d598,53.12,Unclassified,electromagnetic,https://jackmcguireastro.github.io/ctas.html?event=b4349f3f-7ef1-415b-9572-9d181cc4d598#dossier,https://www.wis-tns.org/object/2026wmg,,,,,,,
AT2026wla,SIDEREAL,6.73582657859,-22.5653770126,2000.0,55125313-3ba1-44b1-847c-bdcd63e831dd,57.35,Unclassified,electromagnetic,https://jackmcguireastro.github.io/ctas.html?event=55125313-3ba1-44b1-847c-bdcd63e831dd#dossier,https://www.wis-tns.org/object/2026wla,,,,,,,
AT2026wdf,SIDEREAL,221.022751077,21.9185690026,2000.0,12ae6382-8815-4b33-870a-a20a08a105ed,56.27,Unclassified,electromagnetic,https://jackmcguireastro.github.io/ctas.html?event=12ae6382-8815-4b33-870a-a20a08a105ed#dossier,https://www.wis-tns.org/object/2026wdf,,,,,,,
AT2026wmh,SIDEREAL,9.91057843886,38.9896903848,2000.0,aa82164f-00d8-4282-b3cc-d54f6d96d5a7,54.2,Unclassified,electromagnetic,https://jackmcguireastro.github.io/ctas.html?event=aa82164f-00d8-4282-b3cc-d54f6d96d5a7#dossier,https://www.wis-tns.org/object/2026wmh,,,,,,,
AT2026wbd,SIDEREAL,339.959047874,6.01414886836,2000.0,514998fd-397a-4b72-b19d-7760f60d0084,53.7,Unclassified,electromagnetic,https://jackmcguireastro.github.io/ctas.html?event=514998fd-397a-4b72-b19d-7760f60d0084#dossier,https://www.wis-tns.org/object/2026wbd,,,,,,,
AT2026wlk,SIDEREAL,299.709359,-50.966645,2000.0,1dea8504-27d7-4013-b3d2-caccf6177e92,64.73,Unclassified,electromagnetic,https://jackmcguireastro.github.io/ctas.html?event=1dea8504-27d7-4013-b3d2-caccf6177e92#dossier,https://www.wis-tns.org/object/2026wlk,,,,,,,
